CO_POSICAO,SG_AREA,CO_ITEM,TX_GABARITO,CO_HABILIDADE,CO_PROVA,IN_ITEM_ABAN,TX_MOTIVO_ABAN,NU_PARAM_A,NU_PARAM_B,NU_PARAM_C,TX_COR,TP_CERTIFICACAO,IN_ITEM_ADAPTADO
3,LP,35087,C,3,201827,0,,1.15279,1.80913,0.22156,Cinza,1,0
19,LP,35087,C,3,201819,0,,1.15279,1.80913,0.22156,Cinza,1,0
24,MA,35100,A,2,201818,0,,1.89657,2.27825,0.23845,Amarela,1,0
8,MA,35100,A,2,201826,0,,1.89657,2.27825,0.23845,Amarela,1,0
2,MA,35103,B,5,201826,0,,0.57491,2.18115,0.33153,Amarela,1,0
30,MA,35103,B,5,201818,0,,0.57491,2.18115,0.33153,Amarela,1,0
27,MA,35109,C,8,201818,0,,0.59401,0.88346,0.23483,Amarela,1,0
3,MA,35109,C,8,201826,0,,0.59401,0.88346,0.23483,Amarela,1,0
1,MA,35111,B,7,201806,0,,0.98717,1.40662,0.19189,Amarela,1,1
1,MA,35111,B,7,201802,0,,0.98717,1.40662,0.19189,Amarela,1,0
25,MA,35113,B,11,201826,0,,1.47942,1.88103,0.22201,Amarela,1,0
7,MA,35113,B,11,201818,0,,1.47942,1.88103,0.22201,Amarela,1,0
11,HG,35129,D,17,201820,0,,1.86723,0.88307,0.17151,Azul,1,0
18,HG,35129,D,17,201828,0,,1.86723,0.88307,0.17151,Azul,1,0
2,HG,35134,B,2,201804,0,,1.54577,1.10618,0.17636,Azul,1,0
2,HG,35134,B,2,201808,0,,1.54577,1.10618,0.17636,Azul,1,1
12,HG,35135,C,22,201828,0,,0.83456,3.061,0.26878,Azul,1,0
6,HG,35135,C,22,201820,0,,0.83456,3.061,0.26878,Azul,1,0
4,CI,35139,A,20,201825,0,,0.60109,0.31905,0.16395,Rosa,1,0
24,CI,35139,A,20,201817,0,,0.60109,0.31905,0.16395,Rosa,1,0
20,MA,35154,C,16,201818,0,,1.39061,1.54589,0.26024,Amarela,1,0
21,MA,35154,C,16,201826,0,,1.39061,1.54589,0.26024,Amarela,1,0
24,MA,35160,C,19,201826,0,,1.10578,3.12982,0.20532,Amarela,1,0
6,MA,35160,C,19,201818,0,,1.10578,3.12982,0.20532,Amarela,1,0
22,MA,35161,D,20,201818,0,,1.92907,1.87887,0.21466,Amarela,1,0
23,MA,35161,D,20,201826,0,,1.92907,1.87887,0.21466,Amarela,1,0
17,MA,35162,B,21,201826,0,,0.80313,2.6277,0.24931,Amarela,1,0
13,MA,35162,B,21,201818,0,,0.80313,2.6277,0.24931,Amarela,1,0
7,MA,35163,A,22,201826,0,,0.7881,1.07573,0.1423,Amarela,1,0
23,MA,35163,A,22,201818,0,,0.7881,1.07573,0.1423,Amarela,1,0
13,CI,35167,C,25,201817,0,,1.18619,2.87671,0.29408,Rosa,1,0
17,CI,35167,C,25,201825,0,,1.18619,2.87671,0.29408,Rosa,1,0
10,CI,35170,B,4,201801,0,,1.01283,2.03422,0.18465,Rosa,1,0
10,CI,35170,B,4,201805,0,,1.01283,2.03422,0.18465,Rosa,1,1
12,CI,35176,B,4,201817,0,,1.42774,1.57521,0.20624,Rosa,1,0
23,CI,35176,B,4,201825,0,,1.42774,1.57521,0.20624,Rosa,1,0
11,MA,35190,C,29,201826,0,,0.86593,1.61077,0.30261,Amarela,1,0
18,MA,35190,C,29,201818,0,,0.86593,1.61077,0.30261,Amarela,1,0
30,LP,35214,B,29,201827,0,,1.35768,1.04825,0.29069,Cinza,1,0
1,LP,35214,B,29,201819,0,,1.35768,1.04825,0.29069,Cinza,1,0
13,MA,35215,C,6,201826,0,,0.96725,1.62195,0.13316,Amarela,1,0
8,MA,35215,C,6,201818,0,,0.96725,1.62195,0.13316,Amarela,1,0
3,LP,35217,D,1,201819,0,,1.23448,0.28603,0.21523,Cinza,1,0
1,LP,35217,D,1,201827,0,,1.23448,0.28603,0.21523,Cinza,1,0
6,HG,35233,D,11,201828,0,,0.88912,1.34833,0.19238,Azul,1,0
15,HG,35233,D,11,201820,0,,0.88912,1.34833,0.19238,Azul,1,0
13,HG,35236,C,13,201820,0,,0.63428,0.67573,0.20961,Azul,1,0
15,HG,35236,C,13,201828,0,,0.63428,0.67573,0.20961,Azul,1,0
7,CI,35252,A,16,201817,0,,0.78174,0.56783,0.2293,Rosa,1,0
26,CI,35252,A,16,201825,0,,0.78174,0.56783,0.2293,Rosa,1,0
23,LP,35258,C,9,201819,0,,0.90046,1.47402,0.19218,Cinza,1,0
9,LP,35258,C,9,201827,0,,0.90046,1.47402,0.19218,Cinza,1,0
12,MA,35284,A,13,201826,0,,1.20388,2.45169,0.26083,Amarela,1,0
19,MA,35284,A,13,201818,0,,1.20388,2.45169,0.26083,Amarela,1,0
15,MA,35289,C,15,201826,0,,2.21964,1.68634,0.2207,Amarela,1,0
15,MA,35289,C,15,201818,0,,2.21964,1.68634,0.2207,Amarela,1,0
29,CI,35294,B,7,201817,0,,0.4694,-0.01009,0.16906,Rosa,1,0
27,CI,35294,B,7,201825,0,,0.4694,-0.01009,0.16906,Rosa,1,0
5,CN,35308,B,2,201829,0,,1.35779,2.13966,0.22112,Rosa,2,0
29,CN,35308,B,2,201821,0,,1.35779,2.13966,0.22112,Rosa,2,0
6,CN,35312,B,6,201821,0,,0.87516,2.19817,0.19895,Rosa,2,0
23,CN,35312,B,6,201829,0,,0.87516,2.19817,0.19895,Rosa,2,0
18,CN,35313,A,7,201821,0,,0.91441,3.3942,0.13457,Rosa,2,0
15,CN,35313,A,7,201829,0,,0.91441,3.3942,0.13457,Rosa,2,0
5,CN,35315,A,9,201809,0,,1.41006,1.79995,0.19936,Rosa,2,0
5,CN,35315,A,9,201813,0,,1.41006,1.79995,0.19936,Rosa,2,1
13,MT,35319,A,1,201830,0,,0.84253,2.22836,0.21007,Amarela,2,0
17,MT,35319,A,1,201822,0,,0.84253,2.22836,0.21007,Amarela,2,0
5,MT,35326,B,8,201822,0,,1.71053,3.19225,0.31112,Amarela,2,0
25,MT,35326,B,8,201830,0,,1.71053,3.19225,0.31112,Amarela,2,0
11,MT,35327,C,9,201814,0,,0.67533,1.28366,0.24259,Amarela,2,1
11,MT,35327,C,9,201810,0,,0.67533,1.28366,0.24259,Amarela,2,0
2,MT,35329,A,11,201830,0,,1.47255,3.01605,0.21402,Amarela,2,0
26,MT,35329,A,11,201822,0,,1.47255,3.01605,0.21402,Amarela,2,0
4,CN,35333,B,13,201829,0,,0.6717,1.55311,0.18713,Rosa,2,0
28,CN,35333,B,13,201821,0,,0.6717,1.55311,0.18713,Rosa,2,0
2,CN,35338,A,16,201809,0,,0.50406,0.65683,0.11081,Rosa,2,0
2,CN,35338,A,16,201813,0,,0.50406,0.65683,0.11081,Rosa,2,1
26,CN,35343,A,21,201813,0,,0.81521,2.58793,0.22187,Rosa,2,1
26,CN,35343,A,21,201809,0,,0.81521,2.58793,0.22187,Rosa,2,0
9,CN,35345,A,23,201813,0,,1.92852,2.60674,0.16682,Rosa,2,1
9,CN,35345,A,23,201809,0,,1.92852,2.60674,0.16682,Rosa,2,0
2,MT,35356,D,17,201822,0,,1.15974,4.06053,0.15862,Amarela,2,0
28,MT,35356,D,17,201830,0,,1.15974,4.06053,0.15862,Amarela,2,0
18,MT,35359,D,21,201814,0,,0.94167,2.38921,0.18073,Amarela,2,1
18,MT,35359,D,21,201810,0,,0.94167,2.38921,0.18073,Amarela,2,0
30,MT,35363,B,23,201830,0,,0.80706,2.58214,0.33669,Amarela,2,0
3,MT,35363,B,23,201822,0,,0.80706,2.58214,0.33669,Amarela,2,0
7,CN,35374,D,29,201813,0,,1.56815,2.95498,0.27681,Rosa,2,1
7,CN,35374,D,29,201809,0,,1.56815,2.95498,0.27681,Rosa,2,0
9,CN,35381,D,5,201821,0,,1.17163,2.57449,0.16538,Rosa,2,0
21,CN,35381,D,5,201829,0,,1.17163,2.57449,0.16538,Rosa,2,0
21,MT,35396,D,6,201814,0,,1.67427,2.44855,0.28675,Amarela,2,1
21,MT,35396,D,6,201810,0,,1.67427,2.44855,0.28675,Amarela,2,0
1,CN,35402,C,12,201813,0,,1.1621,1.29769,0.23956,Rosa,2,1
1,CN,35402,C,12,201809,0,,1.1621,1.29769,0.23956,Rosa,2,0
18,CN,35408,D,4,201829,0,,1.0418,2.72175,0.19185,Rosa,2,0
11,CN,35408,D,4,201821,0,,1.0418,2.72175,0.19185,Rosa,2,0
11,MT,35413,B,9,201830,0,,1.34808,1.87926,0.26509,Amarela,2,0
19,MT,35413,B,9,201822,0,,1.34808,1.87926,0.26509,Amarela,2,0
18,MT,35416,A,12,201822,0,,1.68087,3.24766,0.20332,Amarela,2,0
14,MT,35416,A,12,201830,0,,1.68087,3.24766,0.20332,Amarela,2,0
3,MT,35419,D,15,201810,0,,0.15694,6.48218,0.07211,Amarela,2,0
3,MT,35419,D,15,201814,0,,0.15694,6.48218,0.07211,Amarela,2,1
16,CN,35428,B,24,201821,0,,0.89007,3.32735,0.18947,Rosa,2,0
13,CN,35428,B,24,201829,0,,0.89007,3.32735,0.18947,Rosa,2,0
1,CN,35430,D,26,201829,0,,1.3593,0.2784,0.18981,Rosa,2,0
25,CN,35430,D,26,201821,0,,1.3593,0.2784,0.18981,Rosa,2,0
26,CN,35431,C,27,201821,0,,0.92391,0.99047,0.21136,Rosa,2,0
2,CN,35431,C,27,201829,0,,0.92391,0.99047,0.21136,Rosa,2,0
6,MT,35448,C,30,201830,0,,0.76288,3.0095,0.2343,Amarela,2,0
30,MT,35448,C,30,201822,0,,0.76288,3.0095,0.2343,Amarela,2,0
28,CI,35450,B,13,201825,0,,0.9935,-0.70159,0.23227,Rosa,1,0
30,CI,35450,B,13,201817,0,,0.9935,-0.70159,0.23227,Rosa,1,0
2,CI,35457,D,24,201817,0,,0.84293,2.17115,0.215,Rosa,1,0
20,CI,35457,D,24,201825,0,,0.84293,2.17115,0.215,Rosa,1,0
30,MA,35464,D,20,201806,0,,0.97227,0.69365,0.13856,Amarela,1,1
30,MA,35464,D,20,201802,0,,0.97227,0.69365,0.13856,Amarela,1,0
10,MA,35470,C,23,201818,0,,1.51417,2.43868,0.17969,Amarela,1,0
10,MA,35470,C,23,201826,0,,1.51417,2.43868,0.17969,Amarela,1,0
3,MA,35478,D,27,201818,0,,2.15546,2.05732,0.11851,Amarela,1,0
28,MA,35478,D,27,201826,0,,2.15546,2.05732,0.11851,Amarela,1,0
19,HG,35480,B,18,201828,0,,0.66097,-0.30949,0.20997,Azul,1,0
8,HG,35480,B,18,201820,0,,0.66097,-0.30949,0.20997,Azul,1,0
21,HG,35504,D,21,201828,0,,0.93504,0.36529,0.23549,Azul,1,0
20,HG,35504,D,21,201820,0,,0.93504,0.36529,0.23549,Azul,1,0
4,CH,35518,D,3,201816,0,,0.7086,0.58428,0.2634,Azul,2,1
4,CH,35518,D,3,201812,0,,0.7086,0.58428,0.2634,Azul,2,0
22,CH,35533,A,9,201832,0,,1.1593,1.55698,0.2951,Azul,2,0
10,CH,35533,A,9,201824,0,,1.1593,1.55698,0.2951,Azul,2,0
5,MA,35583,A,24,201806,0,,1.01884,-0.14999,0.10418,Amarela,1,1
5,MA,35583,A,24,201802,0,,1.01884,-0.14999,0.10418,Amarela,1,0
17,MA,35632,D,22,201806,0,,1.33534,0.28508,0.20992,Amarela,1,1
17,MA,35632,D,22,201802,0,,1.33534,0.28508,0.20992,Amarela,1,0
26,LC,35693,C,3,201823,0,,0.61228,0.64269,0.27915,Branco,2,0
1,LC,35693,C,3,201831,0,,0.61228,0.64269,0.27915,Branco,2,0
13,LC,35698,D,19,201823,0,,1.34514,2.7546,0.18567,Branco,2,0
18,LC,35698,D,19,201831,0,,1.34514,2.7546,0.18567,Branco,2,0
14,CH,35733,C,14,201832,0,,0.62471,1.0862,0.22027,Azul,2,0
16,CH,35733,C,14,201824,0,,0.62471,1.0862,0.22027,Azul,2,0
15,CH,35734,A,15,201832,0,,0.50105,0.54058,0.2112,Azul,2,0
17,CH,35734,A,15,201824,0,,0.50105,0.54058,0.2112,Azul,2,0
27,CH,35737,D,18,201824,0,,0.5924,1.87447,0.15684,Azul,2,0
4,CH,35737,D,18,201832,0,,0.5924,1.87447,0.15684,Azul,2,0
21,CH,35776,C,21,201816,0,,1.32408,0.95146,0.22858,Azul,2,1
21,CH,35776,C,21,201812,0,,1.32408,0.95146,0.22858,Azul,2,0
27,CH,35893,D,28,201816,0,,0.77946,0.63972,0.0141,Azul,2,1
27,CH,35893,D,28,201812,0,,0.77946,0.63972,0.0141,Azul,2,0
5,CH,35899,C,4,201832,0,,1.26558,0.25366,0.24412,Azul,2,0
25,CH,35899,C,4,201824,0,,1.26558,0.25366,0.24412,Azul,2,0
4,CH,35976,B,26,201824,0,,0.6476,1.4357,0.23886,Azul,2,0
26,CH,35976,B,26,201832,0,,0.6476,1.4357,0.23886,Azul,2,0
15,CH,35979,A,15,201812,0,,1.10252,1.04029,0.20722,Azul,2,0
15,CH,35979,A,15,201816,0,,1.10252,1.04029,0.20722,Azul,2,1
24,LC,35986,D,24,201811,0,,1.21057,2.41627,0.20246,Branco,2,0
24,LC,35986,D,24,201815,0,,1.21057,2.41627,0.20246,Branco,2,1
4,LC,35988,B,23,201811,0,,1.15134,1.80495,0.15956,Branco,2,0
4,LC,35988,B,23,201815,0,,1.15134,1.80495,0.15956,Branco,2,1
27,LC,35993,B,27,201831,0,,0.60197,2.43625,0.28812,Branco,2,0
3,LC,35993,B,27,201823,0,,0.60197,2.43625,0.28812,Branco,2,0
2,LC,36017,A,4,201831,0,,0.8435,2.56387,0.22193,Branco,2,0
27,LC,36017,A,4,201823,0,,0.8435,2.56387,0.22193,Branco,2,0
20,CH,36022,A,22,201824,0,,0.63826,2.39579,0.27197,Azul,2,0
9,CH,36022,A,22,201832,0,,0.63826,2.39579,0.27197,Azul,2,0
10,LC,36033,D,11,201831,0,,0.91208,1.21003,0.25234,Branco,2,0
22,LC,36033,D,11,201823,0,,0.91208,1.21003,0.25234,Branco,2,0
16,CI,36728,D,2,201825,0,,0.36048,0.47137,0.01628,Rosa,1,0
17,CI,36728,D,2,201817,0,,0.36048,0.47137,0.01628,Rosa,1,0
29,LC,38266,C,29,201815,0,,2.55564,1.31517,0.1986,Branco,2,1
29,LC,38266,C,29,201811,0,,2.55564,1.31517,0.1986,Branco,2,0
7,CI,38798,C,29,201825,0,,0.72175,1.3682,0.1417,Rosa,1,0
19,CI,38798,C,29,201817,0,,0.72175,1.3682,0.1417,Rosa,1,0
19,HG,39000,A,18,201808,0,,0.85438,0.24059,0.20248,Azul,1,1
19,HG,39000,A,18,201804,0,,0.85438,0.24059,0.20248,Azul,1,0
26,MA,39603,D,7,201826,0,,0.34158,3.21155,0.17419,Amarela,1,0
5,MA,39603,D,7,201818,0,,0.34158,3.21155,0.17419,Amarela,1,0
19,MA,39634,C,17,201826,0,,2.27634,2.37283,0.18693,Amarela,1,0
16,MA,39634,C,17,201818,0,,2.27634,2.37283,0.18693,Amarela,1,0
12,MA,39636,C,3,201818,0,,1.42629,1.45679,0.24819,Amarela,1,0
16,MA,39636,C,3,201826,0,,1.42629,1.45679,0.24819,Amarela,1,0
26,CI,39655,B,11,201817,0,,0.68991,0.98486,0.0804,Rosa,1,0
2,CI,39655,B,11,201825,0,,0.68991,0.98486,0.0804,Rosa,1,0
20,CH,39658,D,20,201832,0,,1.08721,1.19171,0.18568,Azul,2,0
12,CH,39658,D,20,201824,0,,1.08721,1.19171,0.18568,Azul,2,0
15,CI,41463,A,5,201825,0,,0.35128,0.23795,0.04558,Rosa,1,0
16,CI,41463,A,5,201817,0,,0.35128,0.23795,0.04558,Rosa,1,0
28,CI,41468,D,10,201817,0,,0.65625,-0.07548,0.02539,Rosa,1,0
30,CI,41468,D,10,201825,0,,0.65625,-0.07548,0.02539,Rosa,1,0
5,LC,41477,D,4,201811,0,,0.81197,-0.07713,0.02085,Branco,2,0
5,LC,41477,D,4,201815,0,,0.81197,-0.07713,0.02085,Branco,2,1
15,LC,41496,A,15,201831,0,,0.54388,2.61414,0.28063,Branco,2,0
16,LC,41496,A,15,201823,0,,0.54388,2.61414,0.28063,Branco,2,0
29,CH,41503,A,30,201824,0,,0.69547,0.80469,0.20216,Azul,2,0
29,CH,41503,A,30,201832,0,,0.69547,0.80469,0.20216,Azul,2,0
9,LC,41521,A,10,201811,0,,1.1064,0.56179,0.02597,Branco,2,0
9,LC,41521,A,10,201815,0,,1.1064,0.56179,0.02597,Branco,2,1
16,LP,41531,B,16,201827,0,,0.4534,2.07089,0.25032,Cinza,1,0
15,LP,41531,B,16,201819,0,,0.4534,2.07089,0.25032,Cinza,1,0
9,LC,41532,A,9,201831,0,,1.27774,1.06365,0.25908,Branco,2,0
21,LC,41532,A,9,201823,0,,1.27774,1.06365,0.25908,Branco,2,0
4,CN,41560,A,25,201821,0,,0.91182,1.92537,0.30313,Rosa,2,0
27,CN,41560,A,25,201829,0,,0.91182,1.92537,0.30313,Rosa,2,0
26,HG,41563,B,25,201828,1,BLG não rodou,,,,Azul,1,0
28,HG,41563,B,25,201820,1,BLG não rodou,,,,Azul,1,0
19,LP,41577,C,20,201827,0,,0.52112,0.71465,0.07141,Cinza,1,0
11,LP,41577,C,20,201819,0,,0.52112,0.71465,0.07141,Cinza,1,0
5,MT,41602,C,16,201814,0,,0.35113,1.3266,0.26089,Amarela,2,1
5,MT,41602,C,16,201810,0,,0.35113,1.3266,0.26089,Amarela,2,0
24,CH,56402,B,8,201824,0,,1.05102,2.23698,0.20431,Azul,2,0
8,CH,56402,B,8,201832,0,,1.05102,2.23698,0.20431,Azul,2,0
16,HG,56425,B,15,201828,0,,1.76773,2.04492,0.16157,Azul,1,0
9,HG,56425,B,15,201820,0,,1.76773,2.04492,0.16157,Azul,1,0
22,CH,56446,C,11,201824,0,,0.64941,2.3419,0.28385,Azul,2,0
11,CH,56446,C,11,201832,0,,0.64941,2.3419,0.28385,Azul,2,0
21,CH,56454,D,21,201832,0,,1.11211,0.80285,0.18443,Azul,2,0
9,CH,56454,D,21,201824,0,,1.11211,0.80285,0.18443,Azul,2,0
30,CN,56500,B,15,201821,0,,1.01174,2.09523,0.25748,Rosa,2,0
6,CN,56500,B,15,201829,0,,1.01174,2.09523,0.25748,Rosa,2,0
29,CH,56502,B,29,201816,0,,1.00169,1.3923,0.18779,Azul,2,1
29,CH,56502,B,29,201812,0,,1.00169,1.3923,0.18779,Azul,2,0
5,HG,56503,A,26,201808,1,BLG não rodou,,,,Azul,1,1
5,HG,56503,A,26,201804,1,BLG não rodou,,,,Azul,1,0
16,CH,56504,A,16,201832,0,,1.08659,0.95152,0.17227,Azul,2,0
13,CH,56504,A,16,201824,0,,1.08659,0.95152,0.17227,Azul,2,0
13,CH,56510,C,13,201832,0,,0.90585,1.18718,0.1871,Azul,2,0
19,CH,56510,C,13,201824,0,,0.90585,1.18718,0.1871,Azul,2,0
5,CH,56527,C,27,201824,0,,1.06337,2.32966,0.1179,Azul,2,0
27,CH,56527,C,27,201832,0,,1.06337,2.32966,0.1179,Azul,2,0
15,CI,56530,B,18,201801,0,,0.52496,2.49044,0.29212,Rosa,1,0
15,CI,56530,B,18,201805,0,,0.52496,2.49044,0.29212,Rosa,1,1
20,CH,56544,D,19,201812,0,,1.09845,0.97465,0.20106,Azul,2,0
20,CH,56544,D,19,201816,0,,1.09845,0.97465,0.20106,Azul,2,1
9,CH,56553,B,9,201816,0,,0.99284,1.76223,0.15383,Azul,2,1
9,CH,56553,B,9,201812,0,,0.99284,1.76223,0.15383,Azul,2,0
22,CH,56573,A,22,201812,0,,0.63763,2.80296,0.21359,Azul,2,0
22,CH,56573,A,22,201816,0,,0.63763,2.80296,0.21359,Azul,2,1
7,CH,56603,B,7,201816,0,,2.90738,2.17853,0.10372,Azul,2,1
7,CH,56603,B,7,201812,0,,2.90738,2.17853,0.10372,Azul,2,0
28,HG,56619,B,28,201808,0,,0.35425,2.07776,0.26323,Azul,1,1
28,HG,56619,B,28,201804,0,,0.35425,2.07776,0.26323,Azul,1,0
8,CI,56625,B,22,201817,0,,0.77056,2.28631,0.18721,Rosa,1,0
11,CI,56625,B,22,201825,0,,0.77056,2.28631,0.18721,Rosa,1,0
25,CH,56635,B,25,201832,0,,0.83417,1.52939,0.26286,Azul,2,0
8,CH,56635,B,25,201824,0,,0.83417,1.52939,0.26286,Azul,2,0
28,CH,56642,C,28,201832,0,,0.65377,-0.09557,0.19966,Azul,2,0
28,CH,56642,C,28,201824,0,,0.65377,-0.09557,0.19966,Azul,2,0
1,HG,56682,B,1,201828,0,,0.72548,1.107,0.28827,Azul,1,0
3,HG,56682,B,1,201820,0,,0.72548,1.107,0.28827,Azul,1,0
12,CH,56758,C,12,201832,0,,1.1711,2.15696,0.34564,Azul,2,0
18,CH,56758,C,12,201824,0,,1.1711,2.15696,0.34564,Azul,2,0
18,HG,56798,A,9,201820,0,,1.4747,2.22668,0.23371,Azul,1,0
10,HG,56798,A,9,201828,0,,1.4747,2.22668,0.23371,Azul,1,0
25,LP,56811,D,25,201803,0,,0.931,1.27933,0.15752,Cinza,1,0
25,LP,56811,D,25,201807,0,,0.931,1.27933,0.15752,Cinza,1,1
10,HG,56842,D,16,201820,0,,0.6849,-0.03733,0.03747,Azul,1,0
17,HG,56842,D,16,201828,0,,0.6849,-0.03733,0.03747,Azul,1,0
28,LP,56846,D,26,201807,0,,1.10805,1.86531,0.09119,Cinza,1,1
28,LP,56846,D,26,201803,0,,1.10805,1.86531,0.09119,Cinza,1,0
24,LP,56907,D,22,201803,0,,1.47462,1.61175,0.10017,Cinza,1,0
24,LP,56907,D,22,201807,0,,1.47462,1.61175,0.10017,Cinza,1,1
14,CI,56921,B,3,201817,0,,0.80704,2.679,0.13998,Rosa,1,0
18,CI,56921,B,3,201825,0,,0.80704,2.679,0.13998,Rosa,1,0
8,LC,56922,A,22,201823,0,,0.80771,0.63552,0.22305,Branco,2,0
22,LC,56922,A,22,201831,0,,0.80771,0.63552,0.22305,Branco,2,0
1,CI,56933,B,26,201805,0,,0.50056,0.31881,0.26428,Rosa,1,1
1,CI,56933,B,26,201801,0,,0.50056,0.31881,0.26428,Rosa,1,0
16,LP,56936,C,15,201819,0,,0.75307,1.32229,0.15269,Cinza,1,0
14,LP,56936,C,15,201827,0,,0.75307,1.32229,0.15269,Cinza,1,0
10,LP,56947,A,8,201807,1,bisblg < - 0.15,,,,Cinza,1,1
10,LP,56947,A,8,201803,1,bisblg < - 0.15,,,,Cinza,1,0
14,HG,56949,C,12,201828,0,,0.60103,1.18287,0.18175,Azul,1,0
12,HG,56949,C,12,201820,0,,0.60103,1.18287,0.18175,Azul,1,0
21,HG,56957,A,23,201808,0,,1.28085,1.82965,0.31706,Azul,1,1
21,HG,56957,A,23,201804,0,,1.28085,1.82965,0.31706,Azul,1,0
9,LP,57006,B,19,201807,0,,1.14967,-0.26673,0.15615,Cinza,1,1
9,LP,57006,B,19,201803,0,,1.14967,-0.26673,0.15615,Cinza,1,0
4,LP,57022,B,9,201803,0,,2.2496,1.27148,0.11064,Cinza,1,0
4,LP,57022,B,9,201807,0,,2.2496,1.27148,0.11064,Cinza,1,1
11,LP,57036,B,9,201807,0,,0.39417,2.83208,0.1339,Cinza,1,1
11,LP,57036,B,9,201803,0,,0.39417,2.83208,0.1339,Cinza,1,0
29,CI,57055,A,18,201825,0,,0.32658,-1.15491,0.26347,Rosa,1,0
27,CI,57055,A,18,201817,0,,0.32658,-1.15491,0.26347,Rosa,1,0
3,CI,57056,A,1,201817,0,,0.47239,2.04146,0.17178,Rosa,1,0
21,CI,57056,A,1,201825,0,,0.47239,2.04146,0.17178,Rosa,1,0
23,CN,57057,C,30,201821,0,,0.43568,2.43597,0.34839,Rosa,2,0
8,CN,57057,C,30,201829,0,,0.43568,2.43597,0.34839,Rosa,2,0
11,CH,57090,A,19,201824,0,,1.20673,1.92448,0.25389,Azul,2,0
19,CH,57090,A,19,201832,0,,1.20673,1.92448,0.25389,Azul,2,0
7,LC,57095,C,29,201823,0,,1.27814,2.04968,0.25861,Branco,2,0
29,LC,57095,C,29,201831,0,,1.27814,2.04968,0.25861,Branco,2,0
7,HG,57106,A,19,201820,0,,1.16047,0.1836,0.17866,Azul,1,0
7,HG,57106,A,19,201828,0,,1.16047,0.1836,0.17866,Azul,1,0
15,LC,57116,B,16,201823,0,,0.98831,1.74001,0.20567,Branco,2,0
17,LC,57116,B,16,201831,0,,0.98831,1.74001,0.20567,Branco,2,0
1,CN,57137,C,28,201821,0,,0.52501,0.73083,0.20659,Rosa,2,0
29,CN,57137,C,28,201829,0,,0.52501,0.73083,0.20659,Rosa,2,0
26,CH,57144,B,3,201824,0,,1.18917,1.92366,0.26967,Azul,2,0
3,CH,57144,B,3,201832,0,,1.18917,1.92366,0.26967,Azul,2,0
12,CN,57147,D,29,201829,0,,1.18161,2.92729,0.20601,Rosa,2,0
21,CN,57147,D,29,201821,0,,1.18161,2.92729,0.20601,Rosa,2,0
16,HG,57172,C,14,201820,0,,0.46008,2.03646,0.05506,Azul,1,0
13,HG,57172,C,14,201828,0,,0.46008,2.03646,0.05506,Azul,1,0
1,LC,57182,C,24,201823,0,,0.80836,1.07467,0.15997,Branco,2,0
24,LC,57182,C,24,201831,0,,0.80836,1.07467,0.15997,Branco,2,0
27,HG,57191,D,26,201828,0,,1.10941,2.4427,0.25034,Azul,1,0
26,HG,57191,D,26,201820,0,,1.10941,2.4427,0.25034,Azul,1,0
13,CN,57225,A,8,201813,0,,0.83654,2.85142,0.14539,Rosa,2,1
13,CN,57225,A,8,201809,0,,0.83654,2.85142,0.14539,Rosa,2,0
28,LP,57269,A,8,201819,0,,1.98822,0.53141,0.15753,Cinza,1,0
6,LP,57269,A,8,201827,0,,1.98822,0.53141,0.15753,Cinza,1,0
13,LC,57357,A,16,201815,0,,1.59874,1.01406,0.04814,Branco,2,1
13,LC,57357,A,16,201811,0,,1.59874,1.01406,0.04814,Branco,2,0
9,MA,57399,D,1,201818,0,,2.11174,1.35709,0.0942,Amarela,1,0
9,MA,57399,D,1,201826,0,,2.11174,1.35709,0.0942,Amarela,1,0
12,LC,57425,B,21,201823,0,,1.80718,0.99503,0.13516,Branco,2,0
21,LC,57425,B,21,201831,0,,1.80718,0.99503,0.13516,Branco,2,0
22,HG,57473,D,23,201820,0,,1.03235,0.58113,0.06158,Azul,1,0
23,HG,57473,D,23,201828,0,,1.03235,0.58113,0.06158,Azul,1,0
30,CH,57495,B,30,201812,0,,0.35377,1.1581,0.24828,Azul,2,0
30,CH,57495,B,30,201816,0,,0.35377,1.1581,0.24828,Azul,2,1
16,CH,57547,C,16,201812,0,,1.24502,1.18776,0.14514,Azul,2,0
16,CH,57547,C,16,201816,0,,1.24502,1.18776,0.14514,Azul,2,1
19,MA,57582,B,17,201806,0,,3.55371,2.47528,0.07442,Amarela,1,1
19,MA,57582,B,17,201802,0,,3.55371,2.47528,0.07442,Amarela,1,0
11,CH,57586,B,11,201816,0,,0.49984,1.92111,0.2158,Azul,2,1
11,CH,57586,B,11,201812,0,,0.49984,1.92111,0.2158,Azul,2,0
12,LP,57591,A,11,201807,0,,0.7533,-1.06912,0.07414,Cinza,1,1
12,LP,57591,A,11,201803,0,,0.7533,-1.06912,0.07414,Cinza,1,0
22,LP,57593,B,11,201819,0,,0.71986,2.33985,0.28373,Cinza,1,0
12,LP,57593,B,11,201827,0,,0.71986,2.33985,0.28373,Cinza,1,0
4,LP,57596,D,12,201819,0,,1.06611,1.72115,0.16752,Cinza,1,0
2,LP,57596,D,12,201827,0,,1.06611,1.72115,0.16752,Cinza,1,0
12,CI,57614,B,24,201801,0,,0.95746,1.43015,0.12257,Rosa,1,0
12,CI,57614,B,24,201805,0,,0.95746,1.43015,0.12257,Rosa,1,1
28,CH,57667,A,27,201812,0,,1.21632,1.58563,0.13729,Azul,2,0
28,CH,57667,A,27,201816,0,,1.21632,1.58563,0.13729,Azul,2,1
13,CH,57681,A,13,201816,0,,0.87623,0.68058,0.29861,Azul,2,1
13,CH,57681,A,13,201812,0,,0.87623,0.68058,0.29861,Azul,2,0
18,HG,57719,C,19,201808,0,,0.95345,-0.00897,0.14121,Azul,1,1
18,HG,57719,C,19,201804,0,,0.95345,-0.00897,0.14121,Azul,1,0
24,CI,57730,B,17,201825,0,,0.70834,0.93071,0.30496,Rosa,1,0
5,CI,57730,B,17,201817,0,,0.70834,0.93071,0.30496,Rosa,1,0
2,CH,57736,B,2,201832,0,,0.71856,1.92759,0.21636,Azul,2,0
2,CH,57736,B,2,201824,0,,0.71856,1.92759,0.21636,Azul,2,0
29,HG,57741,D,24,201820,0,,0.19452,4.55559,0.16556,Azul,1,0
24,HG,57741,D,24,201828,0,,0.19452,4.55559,0.16556,Azul,1,0
5,HG,57777,B,4,201828,0,,0.74006,1.17558,0.22184,Azul,1,0
5,HG,57777,B,4,201820,0,,0.74006,1.17558,0.22184,Azul,1,0
1,CH,57783,B,1,201832,0,,1.10722,1.31932,0.23571,Azul,2,0
1,CH,57783,B,1,201824,0,,1.10722,1.31932,0.23571,Azul,2,0
1,CH,57792,D,1,201816,0,,1.55385,1.75733,0.1862,Azul,2,1
1,CH,57792,D,1,201812,0,,1.55385,1.75733,0.1862,Azul,2,0
17,CH,57794,A,20,201816,0,,0.4017,1.54617,0.26016,Azul,2,1
17,CH,57794,A,20,201812,0,,0.4017,1.54617,0.26016,Azul,2,0
4,MT,57841,A,14,201814,1,BLG não rodou,,,,Amarela,2,1
4,MT,57841,A,14,201810,1,BLG não rodou,,,,Amarela,2,0
5,CH,57901,A,4,201816,0,,0.58175,1.34023,0.23961,Azul,2,1
5,CH,57901,A,4,201812,0,,0.58175,1.34023,0.23961,Azul,2,0
25,LC,57914,D,25,201831,0,,1.01885,1.3523,0.19394,Branco,2,0
2,LC,57914,D,25,201823,0,,1.01885,1.3523,0.19394,Branco,2,0
26,LP,57941,D,25,201803,0,,0.62169,0.771,0.03579,Cinza,1,0
26,LP,57941,D,25,201807,0,,0.62169,0.771,0.03579,Cinza,1,1
10,LC,57956,C,18,201823,0,,0.48739,0.91417,0.21547,Branco,2,0
19,LC,57956,C,18,201831,0,,0.48739,0.91417,0.21547,Branco,2,0
30,HG,57970,D,8,201820,0,,0.95883,2.18306,0.34771,Azul,1,0
22,HG,57970,D,8,201828,0,,0.95883,2.18306,0.34771,Azul,1,0
25,LP,57983,C,24,201827,0,,1.05765,0.71504,0.07786,Cinza,1,0
5,LP,57983,C,24,201819,0,,1.05765,0.71504,0.07786,Cinza,1,0
1,MA,58001,D,10,201826,0,,0.77291,-0.34226,0.05564,Amarela,1,0
29,MA,58001,D,10,201818,0,,0.77291,-0.34226,0.05564,Amarela,1,0
30,CN,58032,A,14,201829,0,,0.39046,0.04154,0.21677,Rosa,2,0
2,CN,58032,A,14,201821,0,,0.39046,0.04154,0.21677,Rosa,2,0
8,LP,58041,C,5,201807,0,,1.07419,-0.35301,0.0239,Cinza,1,1
8,LP,58041,C,5,201803,0,,1.07419,-0.35301,0.0239,Cinza,1,0
14,LP,58047,D,2,201819,0,,1.09541,0.33634,0.15243,Cinza,1,0
18,LP,58047,D,2,201827,0,,1.09541,0.33634,0.15243,Cinza,1,0
25,CI,58080,D,28,201825,0,,0.41568,0.69388,0.24363,Rosa,1,0
6,CI,58080,D,28,201817,0,,0.41568,0.69388,0.24363,Rosa,1,0
6,LC,58130,A,30,201823,0,,0.59527,2.0753,0.21666,Branco,2,0
30,LC,58130,A,30,201831,0,,0.59527,2.0753,0.21666,Branco,2,0
2,LC,58147,C,5,201815,0,,1.68355,2.20914,0.20238,Branco,2,1
2,LC,58147,C,5,201811,0,,1.68355,2.20914,0.20238,Branco,2,0
30,MA,58172,A,9,201826,0,,1.82339,3.30917,0.1119,Amarela,1,0
1,MA,58172,A,9,201818,0,,1.82339,3.30917,0.1119,Amarela,1,0
23,LC,58206,B,23,201831,0,,1.42628,1.01772,0.24391,Branco,2,0
9,LC,58206,B,23,201823,0,,1.42628,1.01772,0.24391,Branco,2,0
4,LP,58281,D,4,201827,0,,0.65108,2.48204,0.27477,Cinza,1,0
20,LP,58281,D,4,201819,0,,0.65108,2.48204,0.27477,Cinza,1,0
27,MT,58313,C,5,201810,0,,1.83387,2.57285,0.12461,Amarela,2,0
27,MT,58313,C,5,201814,0,,1.83387,2.57285,0.12461,Amarela,2,1
30,LC,58315,C,30,201811,0,,0.81857,1.42933,0.119,Branco,2,0
30,LC,58315,C,30,201815,0,,0.81857,1.42933,0.119,Branco,2,1
22,CN,58329,B,16,201829,0,,1.47322,2.75922,0.13414,Rosa,2,0
10,CN,58329,B,16,201821,0,,1.47322,2.75922,0.13414,Rosa,2,0
5,CI,58347,C,2,201805,0,,1.0987,1.86067,0.16971,Rosa,1,1
5,CI,58347,C,2,201801,0,,1.0987,1.86067,0.16971,Rosa,1,0
12,LP,58364,C,21,201819,0,,1.24544,0.47688,0.19558,Cinza,1,0
20,LP,58364,C,21,201827,0,,1.24544,0.47688,0.19558,Cinza,1,0
7,MT,58370,C,21,201822,0,,0.98393,2.03576,0.30132,Amarela,2,0
17,MT,58370,C,21,201830,0,,0.98393,2.03576,0.30132,Amarela,2,0
21,CI,58372,C,8,201817,0,,0.72533,1.88533,0.19635,Rosa,1,0
9,CI,58372,C,8,201825,0,,0.72533,1.88533,0.19635,Rosa,1,0
19,CI,58376,D,12,201825,0,,0.95501,2.36198,0.19519,Rosa,1,0
1,CI,58376,D,12,201817,0,,0.95501,2.36198,0.19519,Rosa,1,0
7,LC,58384,C,6,201815,0,,6.98711,1.56417,0.17519,Branco,2,1
7,LC,58384,C,6,201811,0,,6.98711,1.56417,0.17519,Branco,2,0
29,LP,58395,C,26,201827,0,,0.5728,0.70851,0.27857,Cinza,1,0
2,LP,58395,C,26,201819,0,,0.5728,0.70851,0.27857,Cinza,1,0
16,CN,58408,A,9,201829,1,BLG não rodou,,,,Rosa,2,0
14,CN,58408,A,9,201821,1,BLG não rodou,,,,Rosa,2,0
26,LP,58417,B,30,201827,0,,2.80783,2.29718,0.11695,Cinza,1,0
6,LP,58417,B,30,201819,0,,2.80783,2.29718,0.11695,Cinza,1,0
21,LP,58424,A,22,201827,0,,1.56037,1.05517,0.27404,Cinza,1,0
9,LP,58424,A,22,201819,0,,1.56037,1.05517,0.27404,Cinza,1,0
7,LP,58475,D,23,201819,0,,1.0474,0.35638,0.20965,Cinza,1,0
23,LP,58475,D,23,201827,0,,1.0474,0.35638,0.20965,Cinza,1,0
24,LP,58492,D,14,201819,1,bisblg < - 0.15,,,,Cinza,1,0
10,LP,58492,D,14,201827,1,bisblg < - 0.15,,,,Cinza,1,0
16,LP,58500,A,14,201807,0,,0.24004,2.05586,0.05901,Cinza,1,1
16,LP,58500,A,14,201803,0,,0.24004,2.05586,0.05901,Cinza,1,0
13,LP,58513,B,13,201827,0,,0.93165,0.39682,0.01785,Cinza,1,0
18,LP,58513,B,13,201819,0,,0.93165,0.39682,0.01785,Cinza,1,0
25,MA,58517,B,29,201806,0,,0.38611,3.33236,0.22028,Amarela,1,1
25,MA,58517,B,29,201802,0,,0.38611,3.33236,0.22028,Amarela,1,0
26,CN,58532,A,22,201829,0,,0.59501,1.77642,0.20087,Rosa,2,0
3,CN,58532,A,22,201821,0,,0.59501,1.77642,0.20087,Rosa,2,0
23,LP,58537,C,21,201803,0,,1.20263,1.69678,0.14868,Cinza,1,0
23,LP,58537,C,21,201807,0,,1.20263,1.69678,0.14868,Cinza,1,1
22,CI,58550,C,23,201817,0,,0.23847,1.88685,0.05471,Rosa,1,0
10,CI,58550,C,23,201825,0,,0.23847,1.88685,0.05471,Rosa,1,0
27,LP,58558,A,25,201827,0,,0.51176,3.06364,0.31537,Cinza,1,0
29,LP,58558,A,25,201819,0,,0.51176,3.06364,0.31537,Cinza,1,0
2,LP,58564,C,18,201803,0,,1.52618,0.8044,0.18873,Cinza,1,0
2,LP,58564,C,18,201807,0,,1.52618,0.8044,0.18873,Cinza,1,1
6,MA,58566,D,25,201806,0,,1.17376,2.21699,0.19243,Amarela,1,1
6,MA,58566,D,25,201802,0,,1.17376,2.21699,0.19243,Amarela,1,0
8,LP,58601,D,27,201819,0,,1.02324,1.54204,0.1719,Cinza,1,0
24,LP,58601,D,27,201827,0,,1.02324,1.54204,0.1719,Cinza,1,0
3,CI,58644,A,30,201825,0,,0.85527,-0.27395,0.11434,Rosa,1,0
4,CI,58644,A,30,201817,0,,0.85527,-0.27395,0.11434,Rosa,1,0
27,LC,58725,B,22,201815,0,,1.40985,0.87228,0.10409,Branco,2,1
27,LC,58725,B,22,201811,0,,1.40985,0.87228,0.10409,Branco,2,0
30,LC,58738,C,5,201823,0,,1.26156,2.45441,0.21729,Branco,2,0
5,LC,58738,C,5,201831,0,,1.26156,2.45441,0.21729,Branco,2,0
13,LP,58741,D,17,201819,0,,0.69313,0.29868,0.05026,Cinza,1,0
17,LP,58741,D,17,201827,0,,0.69313,0.29868,0.05026,Cinza,1,0
29,MT,58744,A,7,201822,0,,1.07536,1.43608,0.30456,Amarela,2,0
5,MT,58744,A,7,201830,0,,1.07536,1.43608,0.30456,Amarela,2,0
27,LP,58754,A,4,201819,0,,1.17806,1.06787,0.16721,Cinza,1,0
5,LP,58754,A,4,201827,0,,1.17806,1.06787,0.16721,Cinza,1,0
6,LC,58786,C,5,201811,0,,1.22021,1.18157,0.27868,Branco,2,0
6,LC,58786,C,5,201815,0,,1.22021,1.18157,0.27868,Branco,2,1
8,LP,58789,D,5,201827,0,,0.52335,1.29963,0.18293,Cinza,1,0
26,LP,58789,D,5,201819,0,,0.52335,1.29963,0.18293,Cinza,1,0
7,LP,58794,D,4,201827,0,,1.76636,1.61912,0.19225,Cinza,1,0
25,LP,58794,D,4,201819,0,,1.76636,1.61912,0.19225,Cinza,1,0
25,LC,58798,B,7,201823,0,,1.68143,0.58418,0.207,Branco,2,0
7,LC,58798,B,7,201831,0,,1.68143,0.58418,0.207,Branco,2,0
26,LC,58803,B,26,201831,0,,1.51162,1.82871,0.13139,Branco,2,0
5,LC,58803,B,26,201823,0,,1.51162,1.82871,0.13139,Branco,2,0
8,LC,58839,A,6,201831,0,,0.5788,1.43528,0.19735,Branco,2,0
23,LC,58839,A,6,201823,0,,0.5788,1.43528,0.19735,Branco,2,0
28,LC,58840,B,2,201823,0,,1.63969,0.37842,0.15445,Branco,2,0
3,LC,58840,B,2,201831,0,,1.63969,0.37842,0.15445,Branco,2,0
5,LP,58843,D,5,201807,0,,0.26426,-0.29675,0.06924,Cinza,1,1
5,LP,58843,D,5,201803,0,,0.26426,-0.29675,0.06924,Cinza,1,0
12,LC,58858,B,11,201831,0,,1.30515,1.01802,0.22882,Branco,2,0
20,LC,58858,B,11,201823,0,,1.30515,1.01802,0.22882,Branco,2,0
4,LC,58867,C,3,201831,0,,0.55834,0.0177,0.19989,Branco,2,0
29,LC,58867,C,3,201823,0,,0.55834,0.0177,0.19989,Branco,2,0
11,LC,58869,A,20,201823,0,,0.75606,2.05347,0.26034,Branco,2,0
20,LC,58869,A,20,201831,0,,0.75606,2.05347,0.26034,Branco,2,0
8,LC,58875,D,7,201815,0,,0.70521,1.50569,0.18731,Branco,2,1
8,LC,58875,D,7,201811,0,,0.70521,1.50569,0.18731,Branco,2,0
28,CN,58957,C,11,201829,0,,2.20902,1.39966,0.1642,Rosa,2,0
5,CN,58957,C,11,201821,0,,2.20902,1.39966,0.1642,Rosa,2,0
6,CI,58972,D,27,201825,0,,0.75761,0.75798,0.15877,Rosa,1,0
18,CI,58972,D,27,201817,0,,0.75761,0.75798,0.15877,Rosa,1,0
25,CI,59020,A,14,201817,0,,0.75164,-0.76234,0.03644,Rosa,1,0
1,CI,59020,A,14,201825,0,,0.75164,-0.76234,0.03644,Rosa,1,0
14,CI,59026,C,9,201825,1,BLG não rodou,,,,Rosa,1,0
15,CI,59026,C,9,201817,1,BLG não rodou,,,,Rosa,1,0
8,CI,59098,C,6,201825,0,,0.86149,1.75135,0.30256,Rosa,1,0
20,CI,59098,C,6,201817,0,,0.86149,1.75135,0.30256,Rosa,1,0
28,CI,59125,D,27,201805,0,,1.20271,1.76024,0.19562,Rosa,1,1
23,MT,59126,C,3,201814,0,,2.51379,3.02639,0.25594,Amarela,2,1
23,MT,59126,C,3,201810,0,,2.51379,3.02639,0.25594,Amarela,2,0
4,MA,59135,D,30,201818,0,,0.22004,3.38157,0.07674,Amarela,1,0
29,MA,59135,D,30,201826,0,,0.22004,3.38157,0.07674,Amarela,1,0
23,CI,59162,C,21,201817,0,,0.93471,0.59051,0.24773,Rosa,1,0
5,CI,59162,C,21,201825,0,,0.93471,0.59051,0.24773,Rosa,1,0
2,MA,59204,B,4,201802,1,BLG não rodou,,,,Amarela,1,0
2,MA,59204,B,4,201806,1,BLG não rodou,,,,Amarela,1,1
28,MT,59224,A,17,201814,0,,1.08714,2.14803,0.10671,Amarela,2,1
28,MT,59224,A,17,201810,0,,1.08714,2.14803,0.10671,Amarela,2,0
11,LC,59275,D,11,201831,0,,0.9869,1.00447,0.17048,Branco,2,0
19,LC,59275,D,11,201823,0,,0.9869,1.00447,0.17048,Branco,2,0
11,LP,59277,A,8,201827,0,,1.38092,0.80739,0.21243,Cinza,1,0
21,LP,59277,A,8,201819,0,,1.38092,0.80739,0.21243,Cinza,1,0
27,CN,59283,A,12,201821,0,,1.78719,1.39131,0.20406,Rosa,2,0
3,CN,59283,A,12,201829,0,,1.78719,1.39131,0.20406,Rosa,2,0
2,MT,59287,C,22,201814,0,,0.86202,-0.49721,0.19926,Amarela,2,1
2,MT,59287,C,22,201810,0,,0.86202,-0.49721,0.19926,Amarela,2,0
20,MA,59297,B,21,201806,0,,0.4203,3.0511,0.2395,Amarela,1,1
20,MA,59297,B,21,201802,0,,0.4203,3.0511,0.2395,Amarela,1,0
11,LC,59310,C,11,201815,0,,2.71442,0.82706,0.22968,Branco,2,1
11,LC,59310,C,11,201811,0,,2.71442,0.82706,0.22968,Branco,2,0
13,LC,59313,B,13,201831,0,,0.94862,0.64255,0.18631,Branco,2,0
17,LC,59313,B,13,201823,0,,0.94862,0.64255,0.18631,Branco,2,0
14,LC,59318,C,14,201831,0,,0.92641,0.25515,0.04729,Branco,2,0
18,LC,59318,C,14,201823,0,,0.92641,0.25515,0.04729,Branco,2,0
14,MA,59329,B,28,201818,0,,2.28052,2.22591,0.28752,Amarela,1,0
14,MA,59329,B,28,201826,0,,2.28052,2.22591,0.28752,Amarela,1,0
25,MA,59330,D,26,201818,0,,0.96544,0.86343,0.12375,Amarela,1,0
5,MA,59330,D,26,201826,0,,0.96544,0.86343,0.12375,Amarela,1,0
14,MA,59331,D,26,201806,0,,1.12174,2.25601,0.16238,Amarela,1,1
14,MA,59331,D,26,201802,0,,1.12174,2.25601,0.16238,Amarela,1,0
14,CN,59335,D,1,201829,0,,0.84655,3.04353,0.23015,Rosa,2,0
17,CN,59335,D,1,201821,0,,0.84655,3.04353,0.23015,Rosa,2,0
30,CN,59372,B,14,201809,0,,3.2483,2.44641,0.15012,Rosa,2,0
30,CN,59372,B,14,201813,0,,3.2483,2.44641,0.15012,Rosa,2,1
27,MA,59374,C,12,201826,0,,0.44436,1.76678,0.16012,Amarela,1,0
2,MA,59374,C,12,201818,0,,0.44436,1.76678,0.16012,Amarela,1,0
22,CI,59397,A,19,201825,0,,1.05386,1.61797,0.20984,Rosa,1,0
11,CI,59397,A,19,201817,0,,1.05386,1.61797,0.20984,Rosa,1,0
15,CN,59406,C,8,201821,0,,1.05445,3.8597,0.11772,Rosa,2,0
17,CN,59406,C,8,201829,0,,1.05445,3.8597,0.11772,Rosa,2,0
7,MA,59426,B,28,201806,0,,1.04542,-0.19575,0.01503,Amarela,1,1
7,MA,59426,B,28,201802,0,,1.04542,-0.19575,0.01503,Amarela,1,0
12,MT,59431,B,24,201830,0,,1.54969,2.30353,0.14994,Amarela,2,0
20,MT,59431,B,24,201822,0,,1.54969,2.30353,0.14994,Amarela,2,0
21,MA,59463,A,27,201802,0,,1.34218,1.4563,0.20103,Amarela,1,0
21,MA,59463,A,27,201806,0,,1.34218,1.4563,0.20103,Amarela,1,1
3,MA,59466,D,23,201806,0,,2.84799,2.02027,0.17908,Amarela,1,1
3,MA,59466,D,23,201802,0,,2.84799,2.02027,0.17908,Amarela,1,0
21,MA,59479,B,14,201818,0,,2.99911,2.66011,0.20715,Amarela,1,0
22,MA,59479,B,14,201826,0,,2.99911,2.66011,0.20715,Amarela,1,0
3,LC,71712,B,23,201815,0,,3.02361,1.3633,0.07501,Branco,2,1
3,LC,71712,B,23,201811,0,,3.02361,1.3633,0.07501,Branco,2,0
4,HG,71764,A,3,201828,0,,0.84722,0.37741,0.17734,Azul,1,0
4,HG,71764,A,3,201820,0,,0.84722,0.37741,0.17734,Azul,1,0
27,LP,72275,C,29,201807,0,,0.70694,2.25087,0.20642,Cinza,1,1
27,LP,72275,C,29,201803,0,,0.70694,2.25087,0.20642,Cinza,1,0
1,HG,73557,D,6,201820,0,,0.67523,1.11902,0.19795,Azul,1,0
2,HG,73557,D,6,201828,0,,0.67523,1.11902,0.19795,Azul,1,0
3,LP,74047,B,3,201807,0,,0.86346,1.4244,0.20265,Cinza,1,1
3,LP,74047,B,3,201803,0,,0.86346,1.4244,0.20265,Cinza,1,0
19,LC,74334,D,21,201815,0,,2.44529,0.18466,0.07635,Branco,2,1
19,LC,74334,D,21,201811,0,,2.44529,0.18466,0.07635,Branco,2,0
30,LP,74335,A,2,201819,0,,1.40939,0.59134,0.1621,Cinza,1,0
28,LP,74335,A,2,201827,0,,1.40939,0.59134,0.1621,Cinza,1,0
12,CH,74363,A,12,201816,0,,1.6671,2.379,0.36325,Azul,2,1
12,CH,74363,A,12,201812,0,,1.6671,2.379,0.36325,Azul,2,0
7,CH,74411,B,24,201824,0,,1.49221,2.42699,0.23604,Azul,2,0
24,CH,74411,B,24,201832,0,,1.49221,2.42699,0.23604,Azul,2,0
22,LP,74727,D,28,201827,0,,0.73715,1.60937,0.12621,Cinza,1,0
10,LP,74727,D,28,201819,0,,0.73715,1.60937,0.12621,Cinza,1,0
8,HG,74890,B,7,201828,0,,0.5352,1.43191,0.22301,Azul,1,0
23,HG,74890,B,7,201820,0,,0.5352,1.43191,0.22301,Azul,1,0
16,LC,74906,B,17,201815,0,,1.77335,1.0595,0.05106,Branco,2,1
16,LC,74906,B,17,201811,0,,1.77335,1.0595,0.05106,Branco,2,0
27,HG,74934,C,27,201804,0,,1.10193,2.56613,0.30336,Azul,1,0
27,HG,74934,C,27,201808,0,,1.10193,2.56613,0.30336,Azul,1,1
1,HG,74997,D,1,201808,0,,0.5601,1.56156,0.2575,Azul,1,1
1,HG,74997,D,1,201804,0,,0.5601,1.56156,0.2575,Azul,1,0
8,HG,75013,D,8,201808,0,,0.4805,0.53725,0.20489,Azul,1,1
8,HG,75013,D,8,201804,0,,0.4805,0.53725,0.20489,Azul,1,0
30,HG,75109,B,30,201828,0,,1.40654,2.08516,0.18834,Azul,1,0
25,HG,75109,B,30,201820,0,,1.40654,2.08516,0.18834,Azul,1,0
6,CH,75111,B,5,201816,0,,1.15589,2.33411,0.19246,Azul,2,1
6,CH,75111,B,5,201812,0,,1.15589,2.33411,0.19246,Azul,2,0
15,CH,75138,C,5,201824,0,,0.95762,0.27813,0.19986,Azul,2,0
18,CH,75138,C,5,201832,0,,0.95762,0.27813,0.19986,Azul,2,0
25,HG,75212,A,22,201808,0,,0.46713,0.35712,0.02221,Azul,1,1
25,HG,75212,A,22,201804,0,,0.46713,0.35712,0.02221,Azul,1,0
2,HG,75225,B,2,201820,0,,0.81076,1.39717,0.24136,Azul,1,0
3,HG,75225,B,2,201828,0,,0.81076,1.39717,0.24136,Azul,1,0
28,HG,75252,C,27,201828,0,,1.58729,2.24392,0.21446,Azul,1,0
27,HG,75252,C,27,201820,0,,1.58729,2.24392,0.21446,Azul,1,0
26,CH,75271,C,26,201816,0,,0.83971,0.55317,0.22978,Azul,2,1
26,CH,75271,C,26,201812,0,,0.83971,0.55317,0.22978,Azul,2,0
7,LP,75282,A,4,201807,0,,2.16563,1.86895,0.13799,Cinza,1,1
7,LP,75282,A,4,201803,0,,2.16563,1.86895,0.13799,Cinza,1,0
23,HG,75401,A,24,201808,0,,0.69202,3.04948,0.19885,Azul,1,1
23,HG,75401,A,24,201804,0,,0.69202,3.04948,0.19885,Azul,1,0
14,HG,75453,C,10,201820,0,,0.87269,1.44984,0.20631,Azul,1,0
11,HG,75453,C,10,201828,0,,0.87269,1.44984,0.20631,Azul,1,0
20,HG,75454,D,20,201828,0,,1.28246,0.35295,0.14216,Azul,1,0
19,HG,75454,D,20,201820,0,,1.28246,0.35295,0.14216,Azul,1,0
21,HG,75490,A,5,201820,0,,0.85481,0.45393,0.16289,Azul,1,0
9,HG,75490,A,5,201828,0,,0.85481,0.45393,0.16289,Azul,1,0
20,HG,75495,A,20,201808,0,,0.53627,2.50215,0.23911,Azul,1,1
20,HG,75495,A,20,201804,0,,0.53627,2.50215,0.23911,Azul,1,0
30,CH,75542,D,23,201824,0,,1.65012,-0.06305,0.18742,Azul,2,0
30,CH,75542,D,23,201832,0,,1.65012,-0.06305,0.18742,Azul,2,0
26,MA,75607,C,4,201818,0,,0.56888,1.97983,0.27557,Amarela,1,0
6,MA,75607,C,4,201826,0,,0.56888,1.97983,0.27557,Amarela,1,0
22,MT,75647,D,2,201822,0,,0.84556,1.45388,0.15797,Amarela,2,0
10,MT,75647,D,2,201830,0,,0.84556,1.45388,0.15797,Amarela,2,0
7,CH,75680,A,7,201832,0,,1.49793,1.68619,0.19044,Azul,2,0
23,CH,75680,A,7,201824,0,,1.49793,1.68619,0.19044,Azul,2,0
25,CH,75690,D,25,201812,0,,1.0997,1.158,0.11519,Azul,2,0
25,CH,75690,D,25,201816,0,,1.0997,1.158,0.11519,Azul,2,1
24,LC,75838,B,6,201823,0,,1.66925,2.32265,0.24619,Branco,2,0
6,LC,75838,B,6,201831,0,,1.66925,2.32265,0.24619,Branco,2,0
18,CH,75897,D,18,201816,0,,0.51694,2.30082,0.26575,Azul,2,1
18,CH,75897,D,18,201812,0,,0.51694,2.30082,0.26575,Azul,2,0
3,CH,75898,C,14,201816,0,,3.03038,1.87617,0.26269,Azul,2,1
3,CH,75898,C,14,201812,0,,3.03038,1.87617,0.26269,Azul,2,0
29,HG,75983,A,29,201828,0,,0.79338,1.04199,0.1765,Azul,1,0
24,HG,75983,A,29,201820,0,,0.79338,1.04199,0.1765,Azul,1,0
4,MA,75995,D,18,201826,0,,1.36134,1.96332,0.18643,Amarela,1,0
28,MA,75995,D,18,201818,0,,1.36134,1.96332,0.18643,Amarela,1,0
25,MT,76129,D,22,201822,0,,0.47446,0.68159,0.19779,Amarela,2,0
1,MT,76129,D,22,201830,0,,0.47446,0.68159,0.19779,Amarela,2,0
24,MT,76311,B,13,201830,0,,0.96227,1.92951,0.27434,Amarela,2,0
14,MT,76311,B,13,201822,0,,0.96227,1.92951,0.27434,Amarela,2,0
4,MA,76348,B,5,201806,0,,1.78353,2.11138,0.23741,Amarela,1,1
4,MA,76348,B,5,201802,0,,1.78353,2.11138,0.23741,Amarela,1,0
13,LP,76391,A,30,201807,1,BLG não rodou,,,,Cinza,1,1
13,LP,76391,A,30,201803,1,BLG não rodou,,,,Cinza,1,0
11,MT,76401,B,5,201822,0,,1.99271,2.94797,0.13791,Amarela,2,0
20,MT,76401,B,5,201830,0,,1.99271,2.94797,0.13791,Amarela,2,0
15,HG,76477,D,6,201804,0,,1.83821,3.75838,0.31059,Azul,1,0
15,HG,76477,D,6,201808,0,,1.83821,3.75838,0.31059,Azul,1,1
23,LC,76511,A,9,201815,0,,0.87483,0.91316,0.18308,Branco,2,1
23,LC,76511,A,9,201811,0,,0.87483,0.91316,0.18308,Branco,2,0
6,HG,76516,A,5,201808,0,,1.65399,-0.42492,0.19594,Azul,1,1
6,HG,76516,A,5,201804,0,,1.65399,-0.42492,0.19594,Azul,1,0
25,HG,76524,B,28,201828,0,,1.30119,0.42734,0.17914,Azul,1,0
17,HG,76524,B,28,201820,0,,1.30119,0.42734,0.17914,Azul,1,0
9,HG,76550,A,7,201808,0,,0.95676,0.425,0.1425,Azul,1,1
9,HG,76550,A,7,201804,0,,0.95676,0.425,0.1425,Azul,1,0
16,LC,76552,D,16,201831,0,,0.53236,1.70879,0.22167,Branco,2,0
14,LC,76552,D,16,201823,0,,0.53236,1.70879,0.22167,Branco,2,0
7,MT,76680,C,16,201830,0,,1.01738,1.33013,0.23214,Amarela,2,0
27,MT,76680,C,16,201822,0,,1.01738,1.33013,0.23214,Amarela,2,0
24,MT,76689,A,14,201822,0,,2.32047,2.48993,0.19827,Amarela,2,0
4,MT,76689,A,14,201830,0,,2.32047,2.48993,0.19827,Amarela,2,0
10,MA,76773,C,19,201806,1,bisblg < - 0.15,,,,Amarela,1,1
10,MA,76773,C,19,201802,1,bisblg < - 0.15,,,,Amarela,1,0
10,MT,76830,A,10,201822,0,,0.85656,2.61673,0.28538,Amarela,2,0
19,MT,76830,A,10,201830,0,,0.85656,2.61673,0.28538,Amarela,2,0
25,CI,77046,D,22,201805,0,,1.93654,2.18264,0.12642,Rosa,1,1
25,CI,77046,D,22,201801,0,,1.93654,2.18264,0.12642,Rosa,1,0
7,CN,77076,C,20,201829,0,,0.99679,2.47489,0.38748,Rosa,2,0
22,CN,77076,C,20,201821,0,,0.99679,2.47489,0.38748,Rosa,2,0
11,CN,77133,B,3,201829,0,,2.11488,2.7303,0.1558,Rosa,2,0
20,CN,77133,B,3,201821,0,,2.11488,2.7303,0.1558,Rosa,2,0
2,CI,77148,C,9,201805,0,,0.63381,1.47214,0.14517,Rosa,1,1
2,CI,77148,C,9,201801,0,,0.63381,1.47214,0.14517,Rosa,1,0
21,CN,77151,B,19,201813,0,,0.93304,2.64554,0.31997,Rosa,2,1
21,CN,77151,B,19,201809,0,,0.93304,2.64554,0.31997,Rosa,2,0
17,LP,77205,A,19,201807,0,,0.90435,1.23523,0.24954,Cinza,1,1
17,LP,77205,A,19,201803,0,,0.90435,1.23523,0.24954,Cinza,1,0
6,MT,77449,C,2,201814,0,,1.37683,2.68717,0.19586,Amarela,2,1
6,MT,77449,C,2,201810,0,,1.37683,2.68717,0.19586,Amarela,2,0
22,LP,77450,D,23,201807,0,,0.97808,0.49214,0.12751,Cinza,1,1
22,LP,77450,D,23,201803,0,,0.97808,0.49214,0.12751,Cinza,1,0
30,MT,77470,C,24,201814,0,,0.94096,2.10611,0.28076,Amarela,2,1
30,MT,77470,C,24,201810,0,,0.94096,2.10611,0.28076,Amarela,2,0
6,CH,77566,C,6,201832,0,,0.76259,2.50312,0.29556,Azul,2,0
3,CH,77566,C,6,201824,0,,0.76259,2.50312,0.29556,Azul,2,0
19,CH,77581,A,17,201816,0,,0.41265,0.32193,0.01867,Azul,2,1
19,CH,77581,A,17,201812,0,,0.41265,0.32193,0.01867,Azul,2,0
21,MT,77583,C,29,201822,0,,0.99544,2.48673,0.19566,Amarela,2,0
9,MT,77583,C,29,201830,0,,0.99544,2.48673,0.19566,Amarela,2,0
24,MT,77736,D,19,201814,0,,0.7542,3.66839,0.17844,Amarela,2,1
24,MT,77736,D,19,201810,0,,0.7542,3.66839,0.17844,Amarela,2,0
29,MA,77815,A,18,201806,1,BLG não rodou,,,,Amarela,1,1
29,MA,77815,A,18,201802,1,BLG não rodou,,,,Amarela,1,0
15,MT,77900,B,25,201830,0,,0.89087,2.66642,0.13942,Amarela,2,0
15,MT,77900,B,25,201822,0,,0.89087,2.66642,0.13942,Amarela,2,0
22,CI,78284,B,5,201805,0,,0.82829,0.47708,0.1774,Rosa,1,1
22,CI,78284,B,5,201801,0,,0.82829,0.47708,0.1774,Rosa,1,0
4,LC,78466,D,28,201823,0,,0.8611,2.46043,0.17226,Branco,2,0
28,LC,78466,D,28,201831,0,,0.8611,2.46043,0.17226,Branco,2,0
13,MT,78595,C,28,201822,0,,1.4235,3.192,0.16777,Amarela,2,0
23,MT,78595,C,28,201830,0,,1.4235,3.192,0.16777,Amarela,2,0
23,CN,78765,C,15,201813,0,,0.54571,1.30496,0.25555,Rosa,2,1
23,CN,78765,C,15,201809,0,,0.54571,1.30496,0.25555,Rosa,2,0
10,CN,78768,B,18,201829,0,,0.69822,2.21469,0.17717,Rosa,2,0
19,CN,78768,B,18,201821,0,,0.69822,2.21469,0.17717,Rosa,2,0
23,CH,78891,D,23,201816,0,,1.17822,1.65713,0.19108,Azul,2,1
23,CH,78891,D,23,201812,0,,1.17822,1.65713,0.19108,Azul,2,0
21,LC,78947,D,22,201815,0,,1.63189,0.79603,0.00421,Branco,2,1
21,LC,78947,D,22,201811,0,,1.63189,0.79603,0.00421,Branco,2,0
28,MT,79044,B,4,201822,0,,0.89222,1.41506,0.17798,Amarela,2,0
8,MT,79044,B,4,201830,0,,0.89222,1.41506,0.17798,Amarela,2,0
21,CH,79102,C,10,201824,0,,1.10208,1.09187,0.25096,Azul,2,0
10,CH,79102,C,10,201832,0,,1.10208,1.09187,0.25096,Azul,2,0
8,CH,79190,C,8,201816,0,,2.34596,2.60255,0.11245,Azul,2,1
8,CH,79190,C,8,201812,0,,2.34596,2.60255,0.11245,Azul,2,0
30,CI,79196,A,7,201801,0,,0.59893,3.10874,0.5,Rosa,1,0
30,CI,79196,A,7,201805,0,,0.59893,3.10874,0.5,Rosa,1,1
8,CN,79199,D,18,201809,0,,1.06781,2.17248,0.3091,Rosa,2,0
8,CN,79199,D,18,201813,0,,1.06781,2.17248,0.3091,Rosa,2,1
7,CN,79214,A,10,201821,0,,0.53194,1.0447,0.23315,Rosa,2,0
24,CN,79214,A,10,201829,0,,0.53194,1.0447,0.23315,Rosa,2,0
10,CH,79255,B,10,201816,0,,1.02348,-0.17935,0.22029,Azul,2,1
10,CH,79255,B,10,201812,0,,1.02348,-0.17935,0.22029,Azul,2,0
29,MT,79276,C,25,201810,0,,1.11882,3.97892,0.20535,Amarela,2,0
29,MT,79276,C,25,201814,0,,1.11882,3.97892,0.20535,Amarela,2,1
24,CH,79286,B,24,201816,0,,1.22172,1.46799,0.21517,Azul,2,1
24,CH,79286,B,24,201812,0,,1.22172,1.46799,0.21517,Azul,2,0
23,CI,79304,C,15,201805,0,,0.61082,1.36519,0.35104,Rosa,1,1
23,CI,79304,C,15,201801,0,,0.61082,1.36519,0.35104,Rosa,1,0
16,MT,79360,A,26,201822,0,,0.83549,1.8212,0.18571,Amarela,2,0
16,MT,79360,A,26,201830,0,,0.83549,1.8212,0.18571,Amarela,2,0
24,CN,79390,B,23,201821,0,,1.31206,2.6519,0.37079,Rosa,2,0
9,CN,79390,B,23,201829,0,,1.31206,2.6519,0.37079,Rosa,2,0
8,CI,79475,A,20,201805,0,,0.53934,1.60437,0.36239,Rosa,1,1
8,CI,79475,A,20,201801,0,,0.53934,1.60437,0.36239,Rosa,1,0
13,CI,79623,D,15,201825,0,,0.72275,2.599,0.12593,Rosa,1,0
10,CI,79623,D,15,201817,0,,0.72275,2.599,0.12593,Rosa,1,0
25,LC,79625,B,25,201815,0,,2.64439,0.59219,0.14943,Branco,2,1
25,LC,79625,B,25,201811,0,,2.64439,0.59219,0.14943,Branco,2,0
23,CH,79733,B,29,201832,0,,0.88986,0.64842,0.20649,Azul,2,0
6,CH,79733,B,29,201824,0,,0.88986,0.64842,0.20649,Azul,2,0
11,MA,79757,D,25,201818,0,,2.88296,1.45992,0.11019,Amarela,1,0
18,MA,79757,D,25,201826,0,,2.88296,1.45992,0.11019,Amarela,1,0
14,CH,79764,A,17,201824,0,,2.55967,1.90974,0.23791,Azul,2,0
17,CH,79764,A,17,201832,0,,2.55967,1.90974,0.23791,Azul,2,0
9,MT,79823,A,23,201814,0,,1.12245,1.2725,0.14526,Amarela,2,1
9,MT,79823,A,23,201810,0,,1.12245,1.2725,0.14526,Amarela,2,0
20,MT,79867,C,27,201814,0,,1.02255,2.00839,0.16494,Amarela,2,1
20,MT,79867,C,27,201810,0,,1.02255,2.00839,0.16494,Amarela,2,0
20,MA,79900,C,24,201826,0,,2.34205,2.49318,0.20667,Amarela,1,0
17,MA,79900,C,24,201818,0,,2.34205,2.49318,0.20667,Amarela,1,0
22,MT,79925,A,20,201830,0,,1.52024,1.82711,0.37079,Amarela,2,0
9,MT,79925,A,20,201822,0,,1.52024,1.82711,0.37079,Amarela,2,0
12,MT,79940,A,3,201822,0,,1.17351,1.98182,0.28071,Amarela,2,0
21,MT,79940,A,3,201830,0,,1.17351,1.98182,0.28071,Amarela,2,0
16,MT,79996,D,29,201814,0,,1.33294,1.68494,0.1145,Amarela,2,1
16,MT,79996,D,29,201810,0,,1.33294,1.68494,0.1145,Amarela,2,0
27,CN,80020,D,19,201813,0,,1.26567,3.32841,0.23826,Rosa,2,1
25,MT,80057,C,26,201814,0,,0.92887,3.76439,0.26369,Amarela,2,1
25,MT,80057,C,26,201810,0,,0.92887,3.76439,0.26369,Amarela,2,0
7,MT,80080,B,12,201814,0,,1.11434,4.08552,0.27951,Amarela,2,1
7,MT,80080,B,12,201810,0,,1.11434,4.08552,0.27951,Amarela,2,0
12,CN,80099,D,19,201821,0,,0.59382,2.40637,0.1865,Rosa,2,0
19,CN,80099,D,19,201829,0,,0.59382,2.40637,0.1865,Rosa,2,0
26,MT,80163,D,28,201814,0,,2.61075,2.11952,0.1599,Amarela,2,1
26,MT,80163,D,28,201810,0,,2.61075,2.11952,0.1599,Amarela,2,0
15,LP,80177,A,18,201827,0,,0.77481,1.59783,0.23107,Cinza,1,0
17,LP,80177,A,18,201819,0,,0.77481,1.59783,0.23107,Cinza,1,0
3,CN,80209,D,3,201813,0,,0.59794,1.14476,0.16148,Rosa,2,1
3,CN,80209,D,3,201809,0,,0.59794,1.14476,0.16148,Rosa,2,0
4,CI,80223,D,17,201805,0,,1.73471,1.19864,0.18383,Rosa,1,1
4,CI,80223,D,17,201801,0,,1.73471,1.19864,0.18383,Rosa,1,0
8,MT,80249,D,19,201822,0,,2.33867,2.55838,0.09858,Amarela,2,0
18,MT,80249,D,19,201830,0,,2.33867,2.55838,0.09858,Amarela,2,0
26,MT,80335,B,15,201830,0,,0.81965,3.73984,0.3659,Amarela,2,0
6,MT,80335,B,15,201822,0,,0.81965,3.73984,0.3659,Amarela,2,0
10,CN,80643,B,20,201813,0,,1.01464,2.28389,0.16659,Rosa,2,1
10,CN,80643,B,20,201809,0,,1.01464,2.28389,0.16659,Rosa,2,0
17,CN,80697,C,17,201813,0,,0.581,0.5655,0.21053,Rosa,2,1
17,CN,80697,C,17,201809,0,,0.581,0.5655,0.21053,Rosa,2,0
24,CN,80748,A,1,201813,0,,0.56731,2.16127,0.22778,Rosa,2,1
24,CN,80748,A,1,201809,0,,0.56731,2.16127,0.22778,Rosa,2,0
6,LP,80769,B,6,201807,0,,0.92818,1.34862,0.21227,Cinza,1,1
6,LP,80769,B,6,201803,0,,0.92818,1.34862,0.21227,Cinza,1,0
10,MT,80942,A,1,201814,0,,2.07008,2.11812,0.19186,Amarela,2,1
10,MT,80942,A,1,201810,0,,2.07008,2.11812,0.19186,Amarela,2,0
15,CN,81037,C,24,201813,0,,1.09139,3.22012,0.29886,Rosa,2,1
15,CN,81037,C,24,201809,0,,1.09139,3.22012,0.29886,Rosa,2,0
13,CN,81041,D,17,201821,0,,1.11655,2.67121,0.09185,Rosa,2,0
20,CN,81041,D,17,201829,0,,1.11655,2.67121,0.09185,Rosa,2,0
12,CI,81069,C,26,201825,0,,0.92944,2.28507,0.21594,Rosa,1,0
9,CI,81069,C,26,201817,0,,0.92944,2.28507,0.21594,Rosa,1,0
22,CN,81092,C,7,201813,0,,2.40271,2.4027,0.19961,Rosa,2,1
22,CN,81092,C,7,201809,0,,2.40271,2.4027,0.19961,Rosa,2,0
8,CN,81185,D,21,201821,0,,2.04913,2.06474,0.08951,Rosa,2,0
25,CN,81185,D,21,201829,0,,2.04913,2.06474,0.08951,Rosa,2,0
12,CN,81189,C,5,201813,0,,0.93839,4.272,0.31635,Rosa,2,1
12,CN,81189,C,5,201809,0,,0.93839,4.272,0.31635,Rosa,2,0
19,CN,81194,A,2,201813,0,,1.00882,3.55547,0.31705,Rosa,2,1
19,CN,81194,A,2,201809,0,,1.00882,3.55547,0.31705,Rosa,2,0
1,MT,81254,A,18,201814,0,,2.13362,2.5211,0.32763,Amarela,2,1
1,MT,81254,A,18,201810,0,,2.13362,2.5211,0.32763,Amarela,2,0
3,MT,81260,B,27,201830,0,,1.63381,2.20299,0.20738,Amarela,2,0
23,MT,81260,B,27,201822,0,,1.63381,2.20299,0.20738,Amarela,2,0
4,MT,81287,B,6,201822,0,,1.19295,2.01962,0.1521,Amarela,2,0
29,MT,81287,B,6,201830,0,,1.19295,2.01962,0.1521,Amarela,2,0
1,MT,81323,A,18,201822,0,,1.02201,3.33664,0.14661,Amarela,2,0
27,MT,81323,A,18,201830,0,,1.02201,3.33664,0.14661,Amarela,2,0
20,LP,87644,C,18,201807,0,,1.6842,2.23223,0.12159,Cinza,1,1
20,LP,87644,C,18,201803,0,,1.6842,2.23223,0.12159,Cinza,1,0
11,CN,87916,D,10,201813,0,,0.33657,2.06093,0.03687,Rosa,2,1
11,CN,87916,D,10,201809,0,,0.33657,2.06093,0.03687,Rosa,2,0
20,CN,88138,A,25,201813,0,,6.3399,2.54476,0.24022,Rosa,2,1
20,CN,88138,A,25,201809,0,,6.3399,2.54476,0.24022,Rosa,2,0
14,CH,88186,B,6,201812,0,,2.06692,2.25497,0.11351,Azul,2,0
30,LP,88459,D,28,201807,0,,1.44706,1.67619,0.12312,Cinza,1,1
30,LP,88459,D,28,201803,0,,1.44706,1.67619,0.12312,Cinza,1,0
9,CI,88756,D,27,201805,0,,0.92917,1.17255,0.09625,Rosa,1,1
9,CI,88756,D,27,201801,0,,0.92917,1.17255,0.09625,Rosa,1,0
19,LP,88827,C,17,201807,0,,0.18976,1.87205,0.05766,Cinza,1,1
19,LP,88827,C,17,201803,0,,0.18976,1.87205,0.05766,Cinza,1,0
2,CH,89251,C,2,201816,0,,0.9601,0.81021,0.44532,Azul,2,1
2,CH,89251,C,2,201812,0,,0.9601,0.81021,0.44532,Azul,2,0
15,LP,89264,D,13,201807,0,,0.67863,0.73719,0.09813,Cinza,1,1
15,LP,89264,D,13,201803,0,,0.67863,0.73719,0.09813,Cinza,1,0
22,HG,89293,A,21,201808,0,,0.72587,-0.0948,0.06351,Azul,1,1
22,HG,89293,A,21,201804,0,,0.72587,-0.0948,0.06351,Azul,1,0
13,MT,89365,B,11,201814,0,,1.45493,2.25029,0.21441,Amarela,2,1
13,MT,89365,B,11,201810,0,,1.45493,2.25029,0.21441,Amarela,2,0
29,CN,89548,B,26,201813,0,,7.19311,2.5711,0.08139,Rosa,2,1
29,CN,89548,B,26,201809,0,,7.19311,2.5711,0.08139,Rosa,2,0
8,MA,89620,A,2,201806,0,,0.9605,0.74119,0.02696,Amarela,1,1
8,MA,89620,A,2,201802,0,,0.9605,0.74119,0.02696,Amarela,1,0
18,LC,89746,D,20,201815,0,,2.45295,0.47315,0.0214,Branco,2,1
18,LC,89746,D,20,201811,0,,2.45295,0.47315,0.0214,Branco,2,0
17,CI,89853,B,13,201805,0,,0.67687,-0.69435,0.04688,Rosa,1,1
17,CI,89853,B,13,201801,0,,0.67687,-0.69435,0.04688,Rosa,1,0
28,CI,90340,D,25,201801,0,,2.28598,2.13854,0.16836,Rosa,1,0
14,CI,90388,B,3,201805,1,bisblg < - 0.15,,,,Rosa,1,1
14,CI,90388,B,3,201801,1,bisblg < - 0.15,,,,Rosa,1,0
14,LP,90429,C,12,201807,0,,0.49009,0.98012,0.01345,Cinza,1,1
14,LP,90429,C,12,201803,0,,0.49009,0.98012,0.01345,Cinza,1,0
19,MT,90673,D,20,201814,0,,1.43738,2.00233,0.19457,Amarela,2,1
19,MT,90673,D,20,201810,0,,1.43738,2.00233,0.19457,Amarela,2,0
4,CN,90746,B,27,201813,0,,1.0017,2.64139,0.27078,Rosa,2,1
4,CN,90746,B,27,201809,0,,1.0017,2.64139,0.27078,Rosa,2,0
14,CN,90775,B,28,201813,0,,1.64057,1.39049,0.24378,Rosa,2,1
14,CN,90775,B,28,201809,0,,1.64057,1.39049,0.24378,Rosa,2,0
25,CN,90846,D,30,201813,0,,0.38144,0.44918,0.08577,Rosa,2,1
25,CN,90846,D,30,201809,0,,0.38144,0.44918,0.08577,Rosa,2,0
14,HG,90925,D,13,201808,0,,1.09418,1.36435,0.19356,Azul,1,1
14,HG,90925,D,13,201804,0,,1.09418,1.36435,0.19356,Azul,1,0
28,CN,91064,D,11,201813,1,Item excluído por impedir a convergência (BLM -V1),,,,Rosa,2,1
28,CN,91064,D,11,201809,1,Item excluído por impedir a convergência (BLM -V1),,,,Rosa,2,0
21,LP,91368,C,20,201807,0,,0.48671,1.3539,0.04337,Cinza,1,1
21,LP,91368,C,20,201803,0,,0.48671,1.3539,0.04337,Cinza,1,0
10,LC,91511,A,12,201815,0,,0.58738,0.5951,0.02222,Branco,2,1
10,LC,91511,A,12,201811,0,,0.58738,0.5951,0.02222,Branco,2,0
12,LC,91564,C,13,201815,1,BLG não rodou,,,,Branco,2,1
12,LC,91564,C,13,201811,1,BLG não rodou,,,,Branco,2,0
15,LC,91782,A,14,201815,0,,1.61709,0.63172,0.01476,Branco,2,1
15,LC,91782,A,14,201811,0,,1.61709,0.63172,0.01476,Branco,2,0
29,LP,91883,C,27,201807,0,,0.29127,3.98529,0.18756,Cinza,1,1
29,LP,91883,C,27,201803,0,,0.29127,3.98529,0.18756,Cinza,1,0
6,CI,91997,C,14,201805,0,,0.84533,-0.84883,0.04858,Rosa,1,1
6,CI,91997,C,14,201801,0,,0.84533,-0.84883,0.04858,Rosa,1,0
18,MA,92028,C,3,201806,0,,1.22042,2.32841,0.27295,Amarela,1,1
18,MA,92028,C,3,201802,0,,1.22042,2.32841,0.27295,Amarela,1,0
4,HG,92056,A,17,201808,0,,1.37359,2.34602,0.2794,Azul,1,1
4,HG,92056,A,17,201804,0,,1.37359,2.34602,0.2794,Azul,1,0
13,HG,92140,A,12,201808,0,,0.4905,0.38115,0.09315,Azul,1,1
13,HG,92140,A,12,201804,0,,0.4905,0.38115,0.09315,Azul,1,0
30,HG,92152,A,3,201808,1,BLG não rodou,,,,Azul,1,1
30,HG,92152,A,3,201804,1,BLG não rodou,,,,Azul,1,0
24,HG,92296,B,4,201808,0,,1.07023,2.38594,0.3419,Azul,1,1
24,HG,92296,B,4,201804,0,,1.07023,2.38594,0.3419,Azul,1,0
26,MA,92315,A,30,201806,0,,1.31273,2.41793,0.18035,Amarela,1,1
26,MA,92315,A,30,201802,0,,1.31273,2.41793,0.18035,Amarela,1,0
10,HG,92361,B,9,201808,0,,0.80161,0.27673,0.06345,Azul,1,1
10,HG,92361,B,9,201804,0,,0.80161,0.27673,0.06345,Azul,1,0
29,CI,92363,A,19,201805,0,,1.07117,-0.6464,0.05736,Rosa,1,1
29,CI,92363,A,19,201801,0,,1.07117,-0.6464,0.05736,Rosa,1,0
22,LC,92428,C,23,201815,0,,1.15333,1.04758,0.04594,Branco,2,1
22,LC,92428,C,23,201811,0,,1.15333,1.04758,0.04594,Branco,2,0
20,CI,92483,C,16,201805,0,,1.06661,0.54689,0.10949,Rosa,1,1
20,CI,92483,C,16,201801,0,,1.06661,0.54689,0.10949,Rosa,1,0
26,HG,92782,B,25,201808,0,,0.92887,1.21793,0.32893,Azul,1,1
26,HG,92782,B,25,201804,0,,0.92887,1.21793,0.32893,Azul,1,0
15,MT,92836,A,30,201814,0,,2.93008,2.57272,0.08201,Amarela,2,1
15,MT,92836,A,30,201810,0,,2.93008,2.57272,0.08201,Amarela,2,0
18,CI,92870,A,1,201805,0,,0.46493,0.16551,0.0583,Rosa,1,1
18,CI,92870,A,1,201801,0,,0.46493,0.16551,0.0583,Rosa,1,0
3,CI,92935,C,30,201805,0,,2.9809,2.47842,0.30377,Rosa,1,1
3,CI,92935,C,30,201801,0,,2.9809,2.47842,0.30377,Rosa,1,0
14,MT,92961,A,10,201814,0,,2.72376,2.18424,0.04995,Amarela,2,1
14,MT,92961,A,10,201810,0,,2.72376,2.18424,0.04995,Amarela,2,0
17,MT,92968,C,13,201814,0,,1.25898,1.57118,0.15601,Amarela,2,1
17,MT,92968,C,13,201810,0,,1.25898,1.57118,0.15601,Amarela,2,0
29,HG,92982,D,29,201808,0,,1.1448,0.6967,0.19719,Azul,1,1
29,HG,92982,D,29,201804,0,,1.1448,0.6967,0.19719,Azul,1,0
16,CI,93005,D,28,201805,0,,0.98122,1.1431,0.06003,Rosa,1,1
16,CI,93005,D,28,201801,0,,0.98122,1.1431,0.06003,Rosa,1,0
20,LC,93125,B,19,201815,0,,1.50395,1.38111,0.2169,Branco,2,1
20,LC,93125,B,19,201811,0,,1.50395,1.38111,0.2169,Branco,2,0
26,CI,93138,C,6,201805,0,,0.80964,1.26307,0.15292,Rosa,1,1
26,CI,93138,C,6,201801,0,,0.80964,1.26307,0.15292,Rosa,1,0
14,CH,93154,B,6,201816,0,,0.9392,2.1893,0.22917,Azul,2,1
1,LC,93194,D,1,201815,0,,3.77009,1.36919,0.07796,Branco,2,1
1,LC,93194,D,1,201811,0,,3.77009,1.36919,0.07796,Branco,2,0
17,HG,93295,B,16,201808,0,,0.53956,0.92827,0.04531,Azul,1,1
17,HG,93295,B,16,201804,0,,0.53956,0.92827,0.04531,Azul,1,0
1,LP,93305,A,1,201807,0,,0.51285,1.57077,0.18784,Cinza,1,1
1,LP,93305,A,1,201803,0,,0.51285,1.57077,0.18784,Cinza,1,0
17,LC,93379,A,18,201815,0,,4.70753,1.33182,0.29833,Branco,2,1
17,LC,93379,A,18,201811,0,,4.70753,1.33182,0.29833,Branco,2,0
14,LC,93537,B,15,201815,0,,1.18453,1.47415,0.10664,Branco,2,1
14,LC,93537,B,15,201811,0,,1.18453,1.47415,0.10664,Branco,2,0
24,MA,93751,B,16,201806,0,,1.22903,0.97602,0.17552,Amarela,1,1
24,MA,93751,B,16,201802,0,,1.22903,0.97602,0.17552,Amarela,1,0
18,CN,93799,D,13,201813,0,,3.41838,2.72893,0.04463,Rosa,2,1
18,CN,93799,D,13,201809,0,,3.41838,2.72893,0.04463,Rosa,2,0
8,MT,93816,B,4,201814,0,,0.88243,1.12016,0.00388,Amarela,2,1
8,MT,93816,B,4,201810,0,,0.88243,1.12016,0.00388,Amarela,2,0
3,HG,93843,C,30,201808,0,,0.16315,0.86884,0.0699,Azul,1,1
3,HG,93843,C,30,201804,0,,0.16315,0.86884,0.0699,Azul,1,0
21,CI,93851,C,12,201805,0,,1.27487,3.06246,0.1581,Rosa,1,1
21,CI,93851,C,12,201801,0,,1.27487,3.06246,0.1581,Rosa,1,0
13,CI,93854,A,10,201805,0,,0.22559,2.39371,0.124,Rosa,1,1
13,CI,93854,A,10,201801,0,,0.22559,2.39371,0.124,Rosa,1,0
28,MA,93907,B,14,201806,0,,1.73455,2.19925,0.20537,Amarela,1,1
28,MA,93907,B,14,201802,0,,1.73455,2.19925,0.20537,Amarela,1,0
15,MA,94029,C,1,201806,0,,1.63317,1.31807,0.2391,Amarela,1,1
15,MA,94029,C,1,201802,0,,1.63317,1.31807,0.2391,Amarela,1,0
27,CI,94039,B,23,201805,0,,2.22991,2.58913,0.25006,Rosa,1,1
27,CI,94039,B,23,201801,0,,2.22991,2.58913,0.25006,Rosa,1,0
12,HG,94050,D,11,201808,0,,1.89856,1.95673,0.28718,Azul,1,1
12,HG,94050,D,11,201804,0,,1.89856,1.95673,0.28718,Azul,1,0
24,CI,94074,A,21,201805,0,,0.65538,1.28571,0.09616,Rosa,1,1
24,CI,94074,A,21,201801,0,,0.65538,1.28571,0.09616,Rosa,1,0
7,CI,94096,A,8,201805,0,,0.99113,2.1803,0.15135,Rosa,1,1
7,CI,94096,A,8,201801,0,,0.99113,2.1803,0.15135,Rosa,1,0
12,MT,94133,B,8,201814,0,,1.679,1.59428,0.30786,Amarela,2,1
12,MT,94133,B,8,201810,0,,1.679,1.59428,0.30786,Amarela,2,0
22,MA,94182,A,15,201806,0,,1.35914,2.85472,0.1556,Amarela,1,1
22,MA,94182,A,15,201802,0,,1.35914,2.85472,0.1556,Amarela,1,0
28,LC,94230,A,28,201815,0,,2.64814,1.33835,0.20177,Branco,2,1
28,LC,94230,A,28,201811,0,,2.64814,1.33835,0.20177,Branco,2,0
19,CI,94268,D,29,201805,0,,1.25585,1.80037,0.10043,Rosa,1,1
19,CI,94268,D,29,201801,0,,1.25585,1.80037,0.10043,Rosa,1,0
18,LP,94278,A,16,201807,0,,1.64248,2.82028,0.14296,Cinza,1,1
18,LP,94278,A,16,201803,0,,1.64248,2.82028,0.14296,Cinza,1,0
13,MA,94301,A,10,201806,0,,0.79403,-0.30271,0.02175,Amarela,1,1
13,MA,94301,A,10,201802,0,,0.79403,-0.30271,0.02175,Amarela,1,0
16,MA,94307,D,13,201806,0,,2.19411,2.42776,0.34415,Amarela,1,1
16,MA,94307,D,13,201802,0,,2.19411,2.42776,0.34415,Amarela,1,0
6,CN,94381,B,6,201813,0,,0.96027,2.56868,0.2616,Rosa,2,1
6,CN,94381,B,6,201809,0,,0.96027,2.56868,0.2616,Rosa,2,0
7,HG,94391,B,14,201808,1,BLG não rodou,,,,Azul,1,1
7,HG,94391,B,14,201804,1,BLG não rodou,,,,Azul,1,0
16,CN,94393,C,22,201813,0,,1.61166,0.63359,0.02503,Rosa,2,1
16,CN,94393,C,22,201809,0,,1.61166,0.63359,0.02503,Rosa,2,0
27,CN,94394,D,4,201809,0,,1.18418,1.05261,0.05331,Rosa,2,0
26,LC,94409,B,26,201815,0,,2.46738,1.92519,0.25899,Branco,2,1
26,LC,94409,B,26,201811,0,,2.46738,1.92519,0.25899,Branco,2,0
16,HG,94413,B,15,201808,0,,0.5987,0.09086,0.07381,Azul,1,1
16,HG,94413,B,15,201804,0,,0.5987,0.09086,0.07381,Azul,1,0
22,MT,94485,D,7,201814,0,,1.07605,2.9913,0.19965,Amarela,2,1
22,MT,94485,D,7,201810,0,,1.07605,2.9913,0.19965,Amarela,2,0
11,MA,94507,A,12,201806,0,,1.14515,1.53367,0.16566,Amarela,1,1
11,MA,94507,A,12,201802,0,,1.14515,1.53367,0.16566,Amarela,1,0
12,MA,94511,A,11,201806,0,,0.49679,1.58191,0.24138,Amarela,1,1
12,MA,94511,A,11,201802,0,,0.49679,1.58191,0.24138,Amarela,1,0
11,HG,94521,B,10,201808,0,,1.45915,2.64252,0.29082,Azul,1,1
11,HG,94521,B,10,201804,0,,1.45915,2.64252,0.29082,Azul,1,0
23,MA,94595,D,6,201806,0,,1.1209,1.83888,0.13101,Amarela,1,1
23,MA,94595,D,6,201802,0,,1.1209,1.83888,0.13101,Amarela,1,0
11,CI,94603,D,11,201805,0,,1.08735,2.12806,0.13015,Rosa,1,1
11,CI,94603,D,11,201801,0,,1.08735,2.12806,0.13015,Rosa,1,0
27,MA,94604,C,8,201806,1,bisblg < - 0.15,,,,Amarela,1,1
27,MA,94604,C,8,201802,1,bisblg < - 0.15,,,,Amarela,1,0
9,MA,94610,C,9,201806,0,,0.1616,8.66607,0.20894,Amarela,1,1
9,MA,94610,C,9,201802,0,,0.1616,8.66607,0.20894,Amarela,1,0
