CO_POSICAO;SG_AREA;CO_ITEM;TX_GABARITO;CO_HABILIDADE;CO_PROVA;IN_ITEM_ABAN;TX_MOTIVO_ABAN;NU_PARAM_A;NU_PARAM_B;NU_PARAM_C;TX_COR;TP_CERTIFICACAO;IN_ITEM_ADAPTADO
3;HG;35070;B;4;201726;0;;0.7985;-0.393;0.0445;Azul;1;0
9;HG;35070;B;4;201718;0;;0.7985;-0.393;0.0445;Azul;1;0
7;HG;35082;B;9;201718;0;;2.1674;0.6271;0.2522;Azul;1;0
9;HG;35082;B;9;201726;0;;2.1674;0.6271;0.2522;Azul;1;0
4;HG;35108;B;13;201718;0;;1.5569;1.9562;0.229;Azul;1;0
16;HG;35108;B;13;201726;0;;1.5569;1.9562;0.229;Azul;1;0
5;LP;35152;B;6;201727;0;;1.8196;2.2803;0.1122;Cinza;1;0
10;LP;35152;B;6;201719;0;;1.8196;2.2803;0.1122;Cinza;1;0
28;LP;35262;A;13;201719;0;;0.5856;1.2307;0.2626;Cinza;1;0
13;LP;35262;A;13;201727;0;;0.5856;1.2307;0.2626;Cinza;1;0
6;LP;35267;B;6;201703;0;;1.7087;2.7759;0.2277;Cinza;1;0
6;LP;35267;B;6;201707;0;;1.7087;2.7759;0.2277;Cinza;1;1
3;HG;35474;B;14;201718;0;;1.5034;1.273;0.2369;Azul;1;0
15;HG;35474;B;14;201726;0;;1.5034;1.273;0.2369;Azul;1;0
28;HG;35505;D;15;201726;0;;2.346;0.8578;0.2044;Azul;1;0
17;HG;35505;D;15;201718;0;;2.346;0.8578;0.2044;Azul;1;0
20;LP;35511;C;22;201719;0;;0.9222;-0.3536;0.2513;Cinza;1;0
22;LP;35511;C;22;201727;0;;0.9222;-0.3536;0.2513;Cinza;1;0
17;LP;35529;C;20;201719;0;;1.2589;1.3571;0.2771;Cinza;1;0
20;LP;35529;C;20;201727;0;;1.2589;1.3571;0.2771;Cinza;1;0
25;LP;35532;A;25;201707;0;;2.6099;0.4765;0.1817;Cinza;1;1
25;LP;35532;A;25;201703;0;;2.6099;0.4765;0.1817;Cinza;1;0
16;LP;35534;B;16;201727;0;;1.2492;1.4312;0.1496;Cinza;1;0
24;LP;35534;B;16;201719;0;;1.2492;1.4312;0.1496;Cinza;1;0
4;LP;35544;D;10;201719;0;;1.3437;0.2167;0.2874;Cinza;1;0
10;LP;35544;D;10;201727;0;;1.3437;0.2167;0.2874;Cinza;1;0
11;LP;35548;B;16;201727;0;;1.1169;0.6212;0.2305;Cinza;1;0
5;LP;35548;B;16;201719;0;;1.1169;0.6212;0.2305;Cinza;1;0
3;LP;35550;A;9;201719;0;;1.2841;0.2283;0.0837;Cinza;1;0
9;LP;35550;A;9;201727;0;;1.2841;0.2283;0.0837;Cinza;1;0
14;LP;35551;B;14;201727;0;;1.14;0.8482;0.1474;Cinza;1;0
8;LP;35551;B;14;201719;0;;1.14;0.8482;0.1474;Cinza;1;0
17;LC;35833;C;17;201723;0;;0.782;0.9061;0.216;Branco;2;0
14;LC;35833;C;17;201731;0;;0.782;0.9061;0.216;Branco;2;0
30;LC;35840;C;30;201731;0;;0.923;1.0994;0.22;Branco;2;0
3;LC;35840;C;30;201723;0;;0.923;1.0994;0.22;Branco;2;0
13;LC;35870;A;13;201731;0;;0.6509;1.4825;0.2439;Branco;2;0
18;LC;35870;A;13;201723;0;;0.6509;1.4825;0.2439;Branco;2;0
29;LC;35965;A;29;201731;0;;1.268;0.3628;0.1882;Branco;2;0
2;LC;35965;A;29;201723;0;;1.268;0.3628;0.1882;Branco;2;0
29;LP;37296;A;29;201703;0;;1.8674;0.9889;0.2291;Cinza;1;0
29;LP;37296;A;29;201707;0;;1.8674;0.9889;0.2291;Cinza;1;1
5;LC;37349;C;5;201731;0;;0.8586;1.6799;0.246;Branco;2;0
24;LC;37349;C;5;201723;0;;0.8586;1.6799;0.246;Branco;2;0
29;CH;38102;C;28;201722;0;;0.8674;1.1961;0.1974;Azul;2;0
29;CH;38102;C;28;201730;0;;0.8674;1.1961;0.1974;Azul;2;0
21;HG;38517;D;14;201706;0;;0.8807;1.7299;0.1504;Azul;1;1
21;HG;38517;D;14;201702;0;;0.8807;1.7299;0.1504;Azul;1;0
12;CN;39029;B;28;201709;0;;1.6216;2.6791;0.2699;Rosa;2;0
12;CN;39029;B;28;201713;0;;1.6216;2.6791;0.2699;Rosa;2;1
6;HG;39604;B;21;201718;0;;0.7366;0.2991;0.1911;Azul;1;0
22;HG;39604;B;21;201726;0;;0.7366;0.2991;0.1911;Azul;1;0
6;LC;39705;B;6;201711;0;;1.8446;1.7447;0.1661;Branco;2;0
6;LC;39705;B;6;201715;0;;1.8446;1.7447;0.1661;Branco;2;1
2;CN;41509;B;20;201729;0;;0.7257;4.1042;0.331;Rosa;2;0
20;CN;41509;B;20;201721;0;;0.7257;4.1042;0.331;Rosa;2;0
11;LC;41524;B;11;201711;0;;1.7788;0.4549;0.1712;Branco;2;0
11;LC;41524;B;11;201715;0;;1.7788;0.4549;0.1712;Branco;2;1
27;CI;41559;D;23;201701;0;;0.6088;1.6992;0.2448;Rosa;1;0
27;CI;41559;D;23;201705;0;;0.6088;1.6992;0.2448;Rosa;1;1
19;LP;41568;D;19;201707;0;;1.0771;0.9955;0.125;Cinza;1;1
19;LP;41568;D;19;201703;0;;1.0771;0.9955;0.125;Cinza;1;0
16;LP;41571;D;19;201719;0;;0.8655;1.519;0.2078;Cinza;1;0
19;LP;41571;D;19;201727;0;;0.8655;1.519;0.2078;Cinza;1;0
20;LP;41573;B;20;201707;0;;0.8212;2.3878;0.3004;Cinza;1;1
20;LP;41573;B;20;201703;0;;0.8212;2.3878;0.3004;Cinza;1;0
12;LC;41580;D;20;201723;0;;0.9465;0.8704;0.1943;Branco;2;0
20;LC;41580;D;20;201731;0;;0.9465;0.8704;0.1943;Branco;2;0
18;LC;41581;B;18;201715;0;;1.1537;2.3457;0.1678;Branco;2;1
18;LC;41581;B;18;201711;0;;1.1537;2.3457;0.1678;Branco;2;0
18;CH;56386;C;4;201722;0;;0.6731;2.4987;0.2673;Azul;2;0
17;CH;56386;C;4;201730;0;;0.6731;2.4987;0.2673;Azul;2;0
14;CH;56470;D;8;201714;0;;0.7687;3.0411;0.2689;Azul;2;1
14;CH;56470;D;8;201710;0;;0.7687;3.0411;0.2689;Azul;2;0
28;CH;56475;D;10;201722;0;;0.6103;2.2088;0.2194;Azul;2;0
13;CH;56475;D;10;201730;0;;0.6103;2.2088;0.2194;Azul;2;0
23;CI;56499;D;13;201725;0;;0.6836;0.9289;0.1548;Rosa;1;0
2;CI;56499;D;13;201717;0;;0.6836;0.9289;0.1548;Rosa;1;0
20;CI;56520;A;13;201705;0;;0.6759;0.8485;0.2079;Rosa;1;1
20;CI;56520;A;13;201701;0;;0.6759;0.8485;0.2079;Rosa;1;0
10;CI;56523;D;17;201717;0;;0.8069;2.0502;0.0934;Rosa;1;0
18;CI;56523;D;17;201725;0;;0.8069;2.0502;0.0934;Rosa;1;0
26;CH;56609;C;22;201730;0;;1.1779;0.2345;0.1726;Azul;2;0
2;CH;56609;C;22;201722;0;;1.1779;0.2345;0.1726;Azul;2;0
23;CI;56621;C;9;201717;0;;0.8042;0.8923;0.1649;Rosa;1;0
17;CI;56621;C;9;201725;0;;0.8042;0.8923;0.1649;Rosa;1;0
4;HG;56637;C;4;201702;0;;0.9287;1.5972;0.2626;Azul;1;0
4;HG;56637;C;4;201706;0;;0.9287;1.5972;0.2626;Azul;1;1
18;CI;56673;B;27;201701;0;;1.025;0.6099;0.3388;Rosa;1;0
18;CI;56673;B;27;201705;0;;1.025;0.6099;0.3388;Rosa;1;1
9;CH;56740;C;14;201710;0;;2.0638;1.5649;0.1936;Azul;2;0
9;CH;56740;C;14;201714;0;;2.0638;1.5649;0.1936;Azul;2;1
23;LC;56806;C;23;201715;0;;0.7422;1.1917;0.1919;Branco;2;1
23;LC;56806;C;23;201711;0;;0.7422;1.1917;0.1919;Branco;2;0
24;LC;56809;C;24;201715;0;;0.5461;1.0489;0.2266;Branco;2;1
24;LC;56809;C;24;201711;0;;0.5461;1.0489;0.2266;Branco;2;0
11;LC;56829;A;1;201723;0;;1.3171;-0.351;0.2302;Branco;2;0
19;LC;56829;A;1;201731;0;;1.3171;-0.351;0.2302;Branco;2;0
5;LC;56845;D;23;201723;0;;1.0632;1.9735;0.2169;Branco;2;0
26;LC;56845;D;23;201731;0;;1.0632;1.9735;0.2169;Branco;2;0
11;LP;56869;A;11;201703;0;;1.4087;1.0628;0.2459;Cinza;1;0
11;LP;56869;A;11;201707;0;;1.4087;1.0628;0.2459;Cinza;1;1
26;LP;56878;D;26;201703;0;;1.0514;1.1774;0.2345;Cinza;1;0
26;LP;56878;D;26;201707;0;;1.0514;1.1774;0.2345;Cinza;1;1
7;CI;56976;A;9;201705;0;;0.9207;-0.2325;0.2132;Rosa;1;1
7;CI;56976;A;9;201701;0;;0.9207;-0.2325;0.2132;Rosa;1;0
13;LC;57020;A;9;201711;0;;1.2355;1.7196;0.1559;Branco;2;0
13;LC;57020;A;9;201715;0;;1.2355;1.7196;0.1559;Branco;2;1
12;LC;57026;A;12;201731;0;;1.0684;2.1271;0.1808;Branco;2;0
20;LC;57026;A;12;201723;0;;1.0684;2.1271;0.1808;Branco;2;0
12;LP;57050;B;12;201707;0;;1.0814;1.4644;0.2123;Cinza;1;1
12;LP;57050;B;12;201703;0;;1.0814;1.4644;0.2123;Cinza;1;0
16;LP;57061;D;16;201703;0;;0.8372;1.7475;0.1237;Cinza;1;0
16;LP;57061;D;16;201707;0;;0.8372;1.7475;0.1237;Cinza;1;1
14;LP;57088;C;28;201703;0;;0.9293;3.1559;0.1717;Cinza;1;0
14;LP;57088;C;28;201707;0;;0.9293;3.1559;0.1717;Cinza;1;1
14;HG;57102;D;11;201706;0;;0.6698;1.6275;0.1121;Azul;1;1
14;HG;57102;D;11;201702;0;;0.6698;1.6275;0.1121;Azul;1;0
23;LC;57119;B;23;201731;0;;1.1392;0.6688;0.1946;Branco;2;0
8;LC;57119;B;23;201723;0;;1.1392;0.6688;0.1946;Branco;2;0
23;LP;57154;D;23;201703;0;;1.5836;0.1959;0.1525;Cinza;1;0
23;LP;57154;D;23;201707;0;;1.5836;0.1959;0.1525;Cinza;1;1
15;CH;57217;D;25;201730;0;;0.7938;0.7441;0.206;Azul;2;0
9;CH;57217;D;25;201722;0;;0.7938;0.7441;0.206;Azul;2;0
26;CN;57230;D;20;201721;0;;1.017;1.4636;0.2462;Rosa;2;0
29;CN;57230;D;20;201729;0;;1.017;1.4636;0.2462;Rosa;2;0
28;CH;57236;D;20;201730;0;;1.3533;0.9424;0.1404;Azul;2;0
22;CH;57236;D;20;201722;0;;1.3533;0.9424;0.1404;Azul;2;0
17;LP;57240;A;17;201707;0;;0.6619;1.8608;0.2323;Cinza;1;1
17;LP;57240;A;17;201703;0;;0.6619;1.8608;0.2323;Cinza;1;0
12;CH;57259;C;10;201710;0;;0.9368;0.1873;0.1776;Azul;2;0
12;CH;57259;C;10;201714;0;;0.9368;0.1873;0.1776;Azul;2;1
20;CH;57309;C;19;201714;0;;0.7274;0.9755;0.2077;Azul;2;1
20;CH;57309;C;19;201710;0;;0.7274;0.9755;0.2077;Azul;2;0
29;CI;57367;B;1;201705;0;;0.9713;1.5833;0.278;Rosa;1;1
29;CI;57367;B;1;201701;0;;0.9713;1.5833;0.278;Rosa;1;0
15;LP;57371;A;5;201719;0;;1.6044;0.3828;0.1995;Cinza;1;0
4;LP;57371;A;5;201727;0;;1.6044;0.3828;0.1995;Cinza;1;0
5;LP;57384;D;5;201703;0;;0.9265;0.2811;0.15;Cinza;1;0
5;LP;57384;D;5;201707;0;;0.9265;0.2811;0.15;Cinza;1;1
26;LC;57427;D;7;201723;0;;0.6555;1.7745;0.2626;Branco;2;0
7;LC;57427;D;7;201731;0;;0.6555;1.7745;0.2626;Branco;2;0
8;LC;57454;B;7;201711;0;;1.0202;1.1654;0.2915;Branco;2;0
8;LC;57454;B;7;201715;0;;1.0202;1.1654;0.2915;Branco;2;1
8;HG;57526;C;8;201726;0;;1.2514;1.5729;0.2;Azul;1;0
13;HG;57526;C;8;201718;0;;1.2514;1.5729;0.2;Azul;1;0
16;HG;57548;B;28;201718;0;;0.6855;2.6454;0.2373;Azul;1;0
27;HG;57548;B;28;201726;0;;0.6855;2.6454;0.2373;Azul;1;0
30;LC;57569;A;30;201711;0;;1.8742;2.2242;0.2025;Branco;2;0
30;LC;57569;A;30;201715;0;;1.8742;2.2242;0.2025;Branco;2;1
6;CI;57581;A;26;201701;0;;0.7603;2.9204;0.2788;Rosa;1;0
6;CI;57581;A;26;201705;0;;0.7603;2.9204;0.2788;Rosa;1;1
14;LC;57594;B;14;201715;0;;0.8396;1.9922;0.2269;Branco;2;1
14;LC;57594;B;14;201711;0;;0.8396;1.9922;0.2269;Branco;2;0
22;CH;57606;D;5;201714;0;;1.1867;1.1868;0.1123;Azul;2;1
22;CH;57606;D;5;201710;0;;1.1867;1.1868;0.1123;Azul;2;0
21;LP;57632;B;21;201707;0;;1.0269;0.4712;0.1754;Cinza;1;1
21;LP;57632;B;21;201703;0;;1.0269;0.4712;0.1754;Cinza;1;0
14;CH;57645;C;14;201722;0;;1.2342;0.8367;0.1987;Azul;2;0
1;CH;57645;C;14;201730;0;;1.2342;0.8367;0.1987;Azul;2;0
18;LP;57744;D;18;201703;0;;1.7624;1.735;0.1516;Cinza;1;0
18;LP;57744;D;18;201707;0;;1.7624;1.735;0.1516;Cinza;1;1
9;LC;57746;A;21;201723;0;;0.9881;0.9504;0.1977;Branco;2;0
21;LC;57746;A;21;201731;0;;0.9881;0.9504;0.1977;Branco;2;0
23;LC;57772;A;7;201723;0;;0.9397;1.014;0.197;Branco;2;0
8;LC;57772;A;7;201731;0;;0.9397;1.014;0.197;Branco;2;0
22;CI;57805;C;15;201701;0;;0.7046;0.8787;0.2294;Rosa;1;0
22;CI;57805;C;15;201705;0;;0.7046;0.8787;0.2294;Rosa;1;1
2;HG;57849;D;3;201718;0;;1.4663;0.905;0.1542;Azul;1;0
2;HG;57849;D;3;201726;0;;1.4663;0.905;0.1542;Azul;1;0
27;CH;57859;B;1;201722;0;;1.1062;1.4757;0.2262;Azul;2;0
12;CH;57859;B;1;201730;0;;1.1062;1.4757;0.2262;Azul;2;0
25;LC;57955;A;6;201723;0;;1.2184;0.2108;0.1761;Branco;2;0
6;LC;57955;A;6;201731;0;;1.2184;0.2108;0.1761;Branco;2;0
1;LC;57958;D;28;201723;0;;0.7383;0.7205;0.1443;Branco;2;0
28;LC;57958;D;28;201731;0;;0.7383;0.7205;0.1443;Branco;2;0
17;LC;57960;D;20;201711;0;;0.9224;1.0991;0.1717;Branco;2;0
17;LC;57960;D;20;201715;0;;0.9224;1.0991;0.1717;Branco;2;1
28;LP;57977;B;28;201707;0;;1.6408;0.7324;0.2313;Cinza;1;1
28;LP;57977;B;28;201703;0;;1.6408;0.7324;0.2313;Cinza;1;0
21;LC;57985;B;21;201711;0;;0.9662;1.4705;0.2422;Branco;2;0
21;LC;57985;B;21;201715;0;;0.9662;1.4705;0.2422;Branco;2;1
4;LC;58085;A;27;201723;0;;1.192;1.2538;0.1847;Branco;2;0
27;LC;58085;A;27;201731;0;;1.192;1.2538;0.1847;Branco;2;0
14;CI;58086;D;10;201705;0;;0.7;2.3564;0.1627;Rosa;1;1
14;CI;58086;D;10;201701;0;;0.7;2.3564;0.1627;Rosa;1;0
3;CI;58103;C;15;201725;0;;0.7267;-0.9822;0.2098;Rosa;1;0
9;CI;58103;C;15;201717;0;;0.7267;-0.9822;0.2098;Rosa;1;0
7;LP;58124;A;18;201719;0;;0.8832;0.4874;0.2299;Cinza;1;0
18;LP;58124;A;18;201727;0;;0.8832;0.4874;0.2299;Cinza;1;0
10;LP;58230;D;10;201703;0;;0.7747;0.3523;0.1337;Cinza;1;0
10;LP;58230;D;10;201707;0;;0.7747;0.3523;0.1337;Cinza;1;1
24;LP;58253;C;24;201727;0;;0.9594;1.7149;0.184;Cinza;1;0
25;LP;58253;C;24;201719;0;;0.9594;1.7149;0.184;Cinza;1;0
23;LP;58308;B;18;201719;0;;1.9041;1.2229;0.2159;Cinza;1;0
26;LP;58308;B;18;201727;0;;1.9041;1.2229;0.2159;Cinza;1;0
1;LP;58448;A;1;201703;0;;1.5816;1.8471;0.2757;Cinza;1;0
1;LP;58448;A;1;201707;0;;1.5816;1.8471;0.2757;Cinza;1;1
24;LC;58515;B;24;201731;0;;0.4634;2.0412;0.2401;Branco;2;0
6;LC;58515;B;24;201723;0;;0.4634;2.0412;0.2401;Branco;2;0
14;CI;58518;C;26;201725;0;;1.031;2.5323;0.3013;Rosa;1;0
17;CI;58518;C;26;201717;0;;1.031;2.5323;0.3013;Rosa;1;0
10;LC;58525;B;11;201731;0;;0.9513;1.5961;0.2549;Branco;2;0
10;LC;58525;B;11;201715;0;;0.9513;1.5961;0.2549;Branco;2;1
10;LC;58525;B;11;201711;0;;0.9513;1.5961;0.2549;Branco;2;0
22;LC;58525;B;11;201723;0;;0.9513;1.5961;0.2549;Branco;2;0
27;LP;58552;B;2;201703;0;;1.0816;1.1285;0.1804;Cinza;1;0
27;LP;58552;B;2;201707;0;;1.0816;1.1285;0.1804;Cinza;1;1
21;LP;58622;A;23;201719;0;;0.6654;1.2367;0.1532;Cinza;1;0
23;LP;58622;A;23;201727;0;;0.6654;1.2367;0.1532;Cinza;1;0
7;CI;58665;D;17;201725;0;;0.8309;0.038;0.1448;Rosa;1;0
26;CI;58665;D;17;201717;0;;0.8309;0.038;0.1448;Rosa;1;0
12;LC;58666;C;12;201711;0;;0.8839;1.6406;0.1873;Branco;2;0
12;LC;58666;C;12;201715;0;;0.8839;1.6406;0.1873;Branco;2;1
6;LP;58693;A;17;201719;0;;0.7603;2.5988;0.3378;Cinza;1;0
17;LP;58693;A;17;201727;0;;0.7603;2.5988;0.3378;Cinza;1;0
2;LC;58704;D;2;201731;0;;0.5529;2.0149;0.2025;Branco;2;0
29;LC;58704;D;2;201723;0;;0.5529;2.0149;0.2025;Branco;2;0
2;LC;58719;B;3;201715;0;;2.6601;1.9623;0.2429;Branco;2;1
2;LC;58719;B;3;201711;0;;2.6601;1.9623;0.2429;Branco;2;0
7;LP;58792;D;5;201703;0;;0.7819;2.1744;0.1802;Cinza;1;0
7;LP;58792;D;5;201707;0;;0.7819;2.1744;0.1802;Cinza;1;1
11;LP;58796;B;6;201719;0;;1.1773;1.7739;0.1457;Cinza;1;0
6;LP;58796;B;6;201727;0;;1.1773;1.7739;0.1457;Cinza;1;0
26;CI;58808;C;17;201701;0;;1.0236;1.2387;0.3446;Rosa;1;0
26;CI;58808;C;17;201705;0;;1.0236;1.2387;0.3446;Rosa;1;1
4;LC;58844;D;4;201731;0;;1.5993;0.5085;0.1457;Branco;2;0
28;LC;58844;D;4;201723;0;;1.5993;0.5085;0.1457;Branco;2;0
27;LP;58853;A;19;201719;0;;0.771;2.7023;0.2936;Cinza;1;0
12;LP;58853;A;19;201727;0;;0.771;2.7023;0.2936;Cinza;1;0
19;LC;58865;C;11;201723;0;;0.8036;1.4846;0.1943;Branco;2;0
11;LC;58865;C;11;201731;0;;0.8036;1.4846;0.1943;Branco;2;0
22;LC;58886;D;2;201731;0;;0.9928;1.6054;0.2053;Branco;2;0
10;LC;58886;D;2;201723;0;;0.9928;1.6054;0.2053;Branco;2;0
3;CN;58950;D;18;201721;0;;0.8938;0.6452;0.2242;Rosa;2;0
5;CN;58950;D;18;201729;0;;0.8938;0.6452;0.2242;Rosa;2;0
17;CI;59041;D;17;201705;0;;1.17447;2.48486;0.2407;Rosa;1;1
11;CN;59071;D;2;201713;0;;1.8918;0.9566;0.1642;Rosa;2;1
11;CN;59071;D;2;201709;0;;1.8918;0.9566;0.1642;Rosa;2;0
30;LP;71265;B;30;201727;0;;1.2883;1.8011;0.1419;Cinza;1;0
30;LP;71265;B;30;201719;0;;1.2883;1.8011;0.1419;Cinza;1;0
15;LC;71323;D;15;201715;0;;1.0869;0.8282;0.1426;Branco;2;1
15;LC;71323;D;15;201711;0;;1.0869;0.8282;0.1426;Branco;2;0
12;LP;71330;D;28;201719;0;;0.8349;-0.1048;0.1952;Cinza;1;0
28;LP;71330;D;28;201727;0;;0.8349;-0.1048;0.1952;Cinza;1;0
3;LP;71421;D;1;201707;0;;1.1219;0.5575;0.1169;Cinza;1;1
3;LP;71421;D;1;201703;0;;1.1219;0.5575;0.1169;Cinza;1;0
13;LP;71468;B;18;201707;0;;1.6049;1.5568;0.2187;Cinza;1;1
13;LP;71468;B;18;201703;0;;1.6049;1.5568;0.2187;Cinza;1;0
4;LP;71648;B;4;201707;0;;0.8161;0.1636;0.1995;Cinza;1;1
4;LP;71648;B;4;201703;0;;0.8161;0.1636;0.1995;Cinza;1;0
27;HG;71759;C;26;201718;0;;2.4188;2.1787;0.1081;Azul;1;0
25;HG;71759;C;26;201726;0;;2.4188;2.1787;0.1081;Azul;1;0
15;LC;71875;C;15;201731;0;;0.7258;1.4339;0.2906;Branco;2;0
15;LC;71875;C;15;201723;0;;0.7258;1.4339;0.2906;Branco;2;0
16;LC;71916;B;16;201723;0;;1.6218;1.7074;0.1508;Branco;2;0
16;LC;71916;B;16;201731;0;;1.6218;1.7074;0.1508;Branco;2;0
30;LC;72036;C;1;201723;0;;0.828;0.1671;0.2013;Branco;2;0
1;LC;72036;C;1;201731;0;;0.828;0.1671;0.2013;Branco;2;0
3;LC;72116;B;3;201715;0;;0.9312;0.5284;0.2569;Branco;2;1
3;LC;72116;B;3;201711;0;;0.9312;0.5284;0.2569;Branco;2;0
1;HG;72170;D;1;201706;0;;1.03149;0.32829;0.15818;Azul;1;1
3;HG;72180;B;3;201706;0;;1.0704;0.5976;0.1928;Azul;1;1
3;HG;72180;B;3;201702;0;;1.0704;0.5976;0.1928;Azul;1;0
5;LC;73340;A;7;201711;0;;1.4005;2.7213;0.3463;Branco;2;0
5;LC;73340;A;7;201715;0;;1.4005;2.7213;0.3463;Branco;2;1
3;LC;73632;D;3;201731;0;;1.1625;0.7091;0.1774;Branco;2;0
27;LC;73632;D;3;201723;0;;1.1625;0.7091;0.1774;Branco;2;0
30;HG;73715;A;30;201718;0;;1.0895;-0.4386;0.215;Azul;1;0
30;HG;73715;A;30;201726;0;;1.0895;-0.4386;0.215;Azul;1;0
1;LP;73877;A;1;201727;0;;0.9234;2.497;0.2918;Cinza;1;0
1;LP;73877;A;1;201719;0;;0.9234;2.497;0.2918;Cinza;1;0
15;LP;73888;A;1;201727;0;;0.7336;1.1498;0.229;Cinza;1;0
9;LP;73888;A;1;201719;0;;0.7336;1.1498;0.229;Cinza;1;0
6;HG;73939;D;7;201726;0;;1.9857;1.2783;0.2251;Azul;1;0
15;HG;73939;D;7;201718;0;;1.9857;1.2783;0.2251;Azul;1;0
13;HG;73941;D;26;201702;0;;1.1553;1.3147;0.2031;Azul;1;0
13;HG;73941;D;26;201706;0;;1.1553;1.3147;0.2031;Azul;1;1
12;HG;73943;D;12;201702;0;;1.1446;2.0377;0.1785;Azul;1;0
12;HG;73943;D;12;201706;0;;1.1446;2.0377;0.1785;Azul;1;1
6;HG;74012;A;29;201706;0;;0.9674;0.4579;0.1369;Azul;1;1
6;HG;74012;A;29;201702;0;;0.9674;0.4579;0.1369;Azul;1;0
14;LC;74057;B;18;201723;0;;0.6715;1.6351;0.1547;Branco;2;0
18;LC;74057;B;18;201731;0;;0.6715;1.6351;0.1547;Branco;2;0
4;CH;74086;A;5;201722;0;;1.1146;1.9763;0.225;Azul;2;0
5;CH;74086;A;5;201730;0;;1.1146;1.9763;0.225;Azul;2;0
30;CH;74360;A;12;201714;0;;0.5852;0.945;0.2934;Azul;2;1
30;CH;74360;A;12;201710;0;;0.5852;0.945;0.2934;Azul;2;0
23;CH;74463;C;16;201722;0;;0.9697;0.8889;0.173;Azul;2;0
18;CH;74463;C;16;201730;0;;0.9697;0.8889;0.173;Azul;2;0
7;CH;74475;A;9;201722;0;;0.6055;1.092;0.2522;Azul;2;0
10;CH;74475;A;9;201730;0;;0.6055;1.092;0.2522;Azul;2;0
19;HG;74757;A;2;201718;0;;1.0463;3.325;0.3252;Azul;1;0
20;HG;74757;A;2;201726;0;;1.0463;3.325;0.3252;Azul;1;0
21;CH;74782;A;17;201714;0;;1.1661;1.6691;0.1583;Azul;2;1
21;CH;74782;A;17;201710;0;;1.1661;1.6691;0.1583;Azul;2;0
26;CH;74785;B;18;201714;0;;1.0796;2.298;0.157;Azul;2;1
26;CH;74785;B;18;201710;0;;1.0796;2.298;0.157;Azul;2;0
15;LP;74838;D;15;201707;0;;1.1694;0.8065;0.1772;Cinza;1;1
15;LP;74838;D;15;201703;0;;1.1694;0.8065;0.1772;Cinza;1;0
6;CH;74938;C;27;201722;0;;1.4361;1.3565;0.2588;Azul;2;0
9;CH;74938;C;27;201730;0;;1.4361;1.3565;0.2588;Azul;2;0
9;HG;74962;C;10;201706;0;;1.561;1.0556;0.2312;Azul;1;1
9;HG;74962;C;10;201702;0;;1.561;1.0556;0.2312;Azul;1;0
8;CH;74968;B;13;201730;0;;1.4647;1.0994;0.2146;Azul;2;0
5;CH;74968;B;13;201722;0;;1.4647;1.0994;0.2146;Azul;2;0
14;HG;74985;C;21;201726;0;;0.683;3.2097;0.3223;Azul;1;0
22;HG;74985;C;21;201718;0;;0.683;3.2097;0.3223;Azul;1;0
14;HG;75001;D;5;201718;0;;1.2093;0.866;0.1742;Azul;1;0
5;HG;75001;D;5;201726;0;;1.2093;0.866;0.1742;Azul;1;0
1;HG;75009;D;1;201702;0;;0.8064;0.4548;0.1601;Azul;1;0
6;CH;75010;D;6;201730;0;;1.5268;2.4825;0.1929;Azul;2;0
10;CH;75010;D;6;201722;0;;1.5268;2.4825;0.1929;Azul;2;0
15;HG;75012;C;7;201706;0;;1.1208;2.627;0.3373;Azul;1;1
15;HG;75012;C;7;201702;0;;1.1208;2.627;0.3373;Azul;1;0
29;CH;75102;D;13;201714;0;;1.8212;0.9981;0.3081;Azul;2;1
29;CH;75102;D;13;201710;0;;1.8212;0.9981;0.3081;Azul;2;0
5;CH;75118;D;3;201710;0;;1.517;1.2105;0.2104;Azul;2;0
5;CH;75118;D;3;201714;0;;1.517;1.2105;0.2104;Azul;2;1
25;CH;75125;A;18;201722;0;;0.5527;1.8452;0.2551;Azul;2;0
20;CH;75125;A;18;201730;0;;0.5527;1.8452;0.2551;Azul;2;0
8;HG;75135;C;9;201706;0;;1.5354;1.1843;0.2354;Azul;1;1
8;HG;75135;C;9;201702;0;;1.5354;1.1843;0.2354;Azul;1;0
18;HG;75145;B;8;201706;0;;1.0942;2.0205;0.1691;Azul;1;1
18;HG;75145;B;8;201702;0;;1.0942;2.0205;0.1691;Azul;1;0
25;CH;75160;D;23;201730;0;;1.2369;0.953;0.1757;Azul;2;0
1;CH;75160;D;23;201722;0;;1.2369;0.953;0.1757;Azul;2;0
29;HG;75188;D;19;201726;0;;0.5467;0.1298;0.1756;Azul;1;0
29;HG;75188;D;19;201718;0;;0.5467;0.1298;0.1756;Azul;1;0
28;HG;75190;A;27;201718;0;;1.115;1.5554;0.3294;Azul;1;0
26;HG;75190;A;27;201726;0;;1.115;1.5554;0.3294;Azul;1;0
27;HG;75192;D;24;201706;0;;0.8685;0.543;0.1673;Azul;1;1
27;HG;75192;D;24;201702;0;;0.8685;0.543;0.1673;Azul;1;0
7;HG;75197;A;19;201706;0;;0.6067;-0.2669;0.1608;Azul;1;1
7;HG;75197;A;19;201702;0;;0.6067;-0.2669;0.1608;Azul;1;0
24;HG;75198;C;18;201726;0;;0.9725;0.7799;0.1884;Azul;1;0
21;HG;75198;C;18;201718;0;;0.9725;0.7799;0.1884;Azul;1;0
19;HG;75201;A;24;201726;0;;0.81;1.7605;0.236;Azul;1;0
18;HG;75201;A;24;201718;0;;0.81;1.7605;0.236;Azul;1;0
26;HG;75227;A;16;201718;0;;1.6141;2.1413;0.1606;Azul;1;0
18;HG;75227;A;16;201726;0;;1.6141;2.1413;0.1606;Azul;1;0
22;HG;75233;D;22;201706;0;;0.8242;2.21;0.1995;Azul;1;1
22;HG;75233;D;22;201702;0;;0.8242;2.21;0.1995;Azul;1;0
2;HG;75238;B;2;201706;0;;1.1152;0.1587;0.228;Azul;1;1
2;HG;75238;B;2;201702;0;;1.1152;0.1587;0.228;Azul;1;0
10;HG;75242;C;16;201706;0;;1.0549;0.4365;0.1618;Azul;1;1
10;HG;75242;C;16;201702;0;;1.0549;0.4365;0.1618;Azul;1;0
25;HG;75253;C;15;201706;0;;0.5031;1.7615;0.2569;Azul;1;1
25;HG;75253;C;15;201702;0;;0.5031;1.7615;0.2569;Azul;1;0
21;HG;75265;A;20;201726;0;;0.9559;0.4987;0.1936;Azul;1;0
5;HG;75265;A;20;201718;0;;0.9559;0.4987;0.1936;Azul;1;0
10;MA;75293;A;19;201720;0;;1.0643;2.6495;0.1214;Amarela;1;0
17;MA;75293;A;19;201728;0;;1.0643;2.6495;0.1214;Amarela;1;0
13;CH;75295;B;15;201722;0;;1.1974;2.0009;0.1785;Azul;2;0
24;CH;75295;B;15;201730;0;;1.1974;2.0009;0.1785;Azul;2;0
11;HG;75298;A;15;201706;0;;1.6157;0.7463;0.2431;Azul;1;1
11;HG;75298;A;15;201702;0;;1.6157;0.7463;0.2431;Azul;1;0
28;HG;75305;A;27;201702;0;;1.2242;0.6114;0.2317;Azul;1;0
28;HG;75305;A;27;201706;0;;1.2242;0.6114;0.2317;Azul;1;1
26;HG;75386;B;23;201706;0;;1.3225;2.8363;0.3239;Azul;1;1
26;HG;75386;B;23;201702;0;;1.3225;2.8363;0.3239;Azul;1;0
7;HG;75392;A;7;201726;0;;1.2406;2.7502;0.2431;Azul;1;0
12;HG;75392;A;7;201718;0;;1.2406;2.7502;0.2431;Azul;1;0
11;HG;75398;A;11;201726;0;;0.9534;1.605;0.1862;Azul;1;0
23;HG;75398;A;11;201718;0;;0.9534;1.605;0.1862;Azul;1;0
7;MA;75423;A;1;201704;0;;1.2961;2.1865;0.1866;Amarela;1;0
7;MA;75423;A;1;201708;0;;1.2961;2.1865;0.1866;Amarela;1;1
1;CH;75433;A;24;201714;0;;1.6845;1.5083;0.2115;Azul;2;1
1;CH;75433;A;24;201710;0;;1.6845;1.5083;0.2115;Azul;2;0
20;HG;75434;D;28;201706;0;;1.4331;-0.3544;0.1954;Azul;1;1
20;HG;75434;D;28;201702;0;;1.4331;-0.3544;0.1954;Azul;1;0
24;CH;75477;C;17;201722;0;;0.6053;0.234;0.2058;Azul;2;0
19;CH;75477;C;17;201730;0;;0.6053;0.234;0.2058;Azul;2;0
10;MT;75492;D;1;201716;0;;1.0986;0.7148;0.127;Amarela;2;1
10;MT;75492;D;1;201712;0;;1.0986;0.7148;0.127;Amarela;2;0
8;HG;75536;A;19;201718;0;;1.173;1.2448;0.311;Azul;1;0
10;HG;75536;A;19;201726;0;;1.173;1.2448;0.311;Azul;1;0
24;HG;75543;B;5;201706;0;;1.0871;0.8008;0.1919;Azul;1;1
24;HG;75543;B;5;201702;0;;1.0871;0.8008;0.1919;Azul;1;0
14;LP;75548;D;1;201719;0;;1.677;2.1143;0.078;Cinza;1;0
3;LP;75548;D;1;201727;0;;1.677;2.1143;0.078;Cinza;1;0
4;CH;75550;C;8;201730;0;;1.1425;1.8405;0.2826;Azul;2;0
3;CH;75550;C;8;201722;0;;1.1425;1.8405;0.2826;Azul;2;0
3;MT;75604;C;6;201712;0;;0.615;2.138;0.269;Amarela;2;0
8;LP;75627;A;9;201727;0;;0.8182;0.4998;0.2327;Cinza;1;0
19;LP;75627;A;9;201719;0;;0.8182;0.4998;0.2327;Cinza;1;0
18;MA;75635;C;3;201708;0;;1.1681;1.4356;0.1441;Amarela;1;1
18;MA;75635;C;3;201704;0;;1.1681;1.4356;0.1441;Amarela;1;0
8;MT;75640;B;2;201716;0;;1.2266;0.5072;0.1309;Amarela;2;1
8;MT;75640;B;2;201712;0;;1.2266;0.5072;0.1309;Amarela;2;0
2;MT;75646;B;2;201732;0;;1.0427;0.4985;0.2032;Amarela;2;0
30;MT;75646;B;2;201724;0;;1.0427;0.4985;0.2032;Amarela;2;0
4;MA;75651;A;6;201704;0;;1.2639;-0.0912;0.1668;Amarela;1;0
30;HG;75664;A;21;201706;0;;1.1503;-0.1991;0.157;Azul;1;1
30;HG;75664;A;21;201702;0;;1.1503;-0.1991;0.157;Azul;1;0
24;CH;75674;C;23;201714;0;;1.143;1.2301;0.1287;Azul;2;1
24;CH;75674;C;23;201710;0;;1.143;1.2301;0.1287;Azul;2;0
4;HG;75683;C;1;201726;0;;1.0588;-0.3296;0.2232;Azul;1;0
10;HG;75683;C;1;201718;0;;1.0588;-0.3296;0.2232;Azul;1;0
9;MT;75712;C;7;201716;0;;1.4867;2.557;0.1021;Amarela;2;1
9;MT;75712;C;7;201712;0;;1.4867;2.557;0.1021;Amarela;2;0
4;MA;75851;A;20;201728;0;;0.7032;0.8735;0.2386;Amarela;1;0
14;MA;75851;A;20;201720;0;;0.7032;0.8735;0.2386;Amarela;1;0
8;MA;75855;D;11;201708;0;;1.7955;0.8321;0.159;Amarela;1;1
8;MA;75855;D;11;201704;0;;1.7955;0.8321;0.159;Amarela;1;0
26;MA;75856;D;16;201708;0;;0.8253;1.7551;0.2432;Amarela;1;1
26;MA;75856;D;16;201704;0;;0.8253;1.7551;0.2432;Amarela;1;0
15;MA;75870;B;11;201720;0;;0.618;2.2312;0.2638;Amarela;1;0
5;MA;75870;B;11;201728;0;;0.618;2.2312;0.2638;Amarela;1;0
22;LC;75924;B;3;201715;0;;0.7838;-0.1075;0.2328;Branco;2;1
22;LC;75924;B;3;201711;0;;0.7838;-0.1075;0.2328;Branco;2;0
29;HG;75977;C;20;201702;0;;0.864;0.448;0.123;Azul;1;0
29;HG;75977;C;20;201706;0;;0.864;0.448;0.123;Azul;1;1
8;MA;75979;B;8;201728;0;;0.9422;1.095;0.2376;Amarela;1;0
20;MA;75979;B;8;201720;0;;0.9422;1.095;0.2376;Amarela;1;0
24;LP;75982;C;21;201707;0;;1.0106;1.1016;0.1912;Cinza;1;1
24;LP;75982;C;21;201703;0;;1.0106;1.1016;0.1912;Cinza;1;0
25;LP;75988;C;28;201727;0;;1.0131;2.8463;0.2261;Cinza;1;0
22;LP;75988;C;28;201719;0;;1.0131;2.8463;0.2261;Cinza;1;0
21;MT;75996;C;4;201732;0;;1.9314;1.8643;0.1739;Amarela;2;0
9;MT;75996;C;4;201724;0;;1.9314;1.8643;0.1739;Amarela;2;0
23;HG;75997;A;21;201706;0;;0.6926;-0.0556;0.2055;Azul;1;1
23;HG;75997;A;21;201702;0;;0.6926;-0.0556;0.2055;Azul;1;0
6;MA;76049;D;27;201708;0;;0.9649;0.81;0.1942;Amarela;1;1
6;MA;76049;D;27;201704;0;;0.9649;0.81;0.1942;Amarela;1;0
15;MA;76060;D;20;201708;0;;1.333;2.3481;0.2157;Amarela;1;1
15;MA;76060;D;20;201704;0;;1.333;2.3481;0.2157;Amarela;1;0
17;MA;76063;B;8;201708;1;Retirado pela TRI;;;;Amarela;1;1
17;MA;76063;B;8;201704;1;Retirado pela TRI;;;;Amarela;1;0
14;MA;76070;B;24;201704;0;;0.9352;1.2336;0.1685;Amarela;1;0
14;MA;76070;B;24;201708;0;;0.9352;1.2336;0.1685;Amarela;1;1
27;MA;76071;D;12;201720;0;;0.9858;2.4261;0.1405;Amarela;1;0
13;MA;76071;D;12;201728;0;;0.9858;2.4261;0.1405;Amarela;1;0
5;MA;76077;D;26;201708;0;;1.1113;2.1658;0.226;Amarela;1;1
5;MA;76077;D;26;201704;0;;1.1113;2.1658;0.226;Amarela;1;0
7;MA;76080;C;25;201728;0;;1.6181;2.2805;0.2165;Amarela;1;0
12;MA;76080;C;25;201720;0;;1.6181;2.2805;0.2165;Amarela;1;0
11;MA;76084;C;15;201728;0;;1.0017;2.3942;0.3156;Amarela;1;0
4;MA;76084;C;15;201720;0;;1.0017;2.3942;0.3156;Amarela;1;0
8;MA;76107;B;18;201720;0;;0.9213;2.7126;0.302;Amarela;1;0
21;MA;76107;B;18;201728;0;;0.9213;2.7126;0.302;Amarela;1;0
26;LP;76110;B;21;201719;0;;0.9717;0.8396;0.2011;Cinza;1;0
21;LP;76110;B;21;201727;0;;0.9717;0.8396;0.2011;Cinza;1;0
15;MA;76118;C;18;201728;0;;1.5648;2.6123;0.2013;Amarela;1;0
28;MA;76118;C;18;201720;0;;1.5648;2.6123;0.2013;Amarela;1;0
2;LP;76125;C;2;201727;0;;1.4931;0.3827;0.1514;Cinza;1;0
2;LP;76125;C;2;201719;0;;1.4931;0.3827;0.1514;Cinza;1;0
7;CH;76127;A;25;201710;0;;0.8059;1.0455;0.1367;Azul;2;0
7;CH;76127;A;25;201714;0;;0.8059;1.0455;0.1367;Azul;2;1
11;CH;76128;C;30;201722;0;;0.9129;1.9879;0.244;Azul;2;0
7;CH;76128;C;30;201730;0;;0.9129;1.9879;0.244;Azul;2;0
11;MT;76131;C;1;201724;0;;1.2065;1.5797;0.1818;Amarela;2;0
19;MT;76131;C;1;201732;0;;1.2065;1.5797;0.1818;Amarela;2;0
2;MA;76145;C;22;201708;0;;1.1715;-0.1326;0.1534;Amarela;1;1
2;MA;76145;C;22;201704;0;;1.1715;-0.1326;0.1534;Amarela;1;0
16;MA;76147;A;29;201720;0;;1.4533;1.8546;0.2234;Amarela;1;0
28;MA;76147;A;29;201728;0;;1.4533;1.8546;0.2234;Amarela;1;0
26;MT;76155;C;20;201732;0;;1.1671;1.7146;0.2379;Amarela;2;0
5;MT;76155;C;20;201724;0;;1.1671;1.7146;0.2379;Amarela;2;0
16;MA;76166;C;24;201728;0;;1.4482;1.4277;0.2148;Amarela;1;0
26;MA;76166;C;24;201720;0;;1.4482;1.4277;0.2148;Amarela;1;0
26;LC;76194;A;3;201715;0;;1.4467;0.4179;0.1901;Branco;2;1
26;LC;76194;A;3;201711;0;;1.4467;0.4179;0.1901;Branco;2;0
30;MA;76200;B;12;201728;0;;1.3324;2.0004;0.2711;Amarela;1;0
18;MA;76200;B;12;201720;0;;1.3324;2.0004;0.2711;Amarela;1;0
25;MA;76206;A;5;201704;0;;1.7458;2.9021;0.1618;Amarela;1;0
25;MA;76206;A;5;201708;0;;1.7458;2.9021;0.1618;Amarela;1;1
10;MA;76207;B;27;201708;0;;1.4709;0.9205;0.239;Amarela;1;1
10;MA;76207;B;27;201704;0;;1.4709;0.9205;0.239;Amarela;1;0
13;MA;76239;D;1;201720;0;;0.8677;2.1497;0.3446;Amarela;1;0
3;MA;76239;D;1;201728;0;;0.8677;2.1497;0.3446;Amarela;1;0
13;MA;76248;D;25;201708;0;;1.5912;2.3476;0.2232;Amarela;1;1
13;MA;76248;D;25;201704;0;;1.5912;2.3476;0.2232;Amarela;1;0
22;MA;76260;B;18;201708;0;;1.5101;1.677;0.1479;Amarela;1;1
22;MA;76260;B;18;201704;0;;1.5101;1.677;0.1479;Amarela;1;0
6;MA;76266;C;26;201720;0;;1.484;1.4343;0.1927;Amarela;1;0
18;MA;76266;C;26;201728;0;;1.484;1.4343;0.1927;Amarela;1;0
27;MA;76289;A;14;201728;0;;0.7721;2.8392;0.1497;Amarela;1;0
30;MA;76289;A;14;201720;0;;0.7721;2.8392;0.1497;Amarela;1;0
27;MA;76301;B;18;201708;0;;0.6995;2.9544;0.21;Amarela;1;1
27;MA;76301;B;18;201704;0;;0.6995;2.9544;0.21;Amarela;1;0
21;MA;76302;A;13;201720;0;;0.6164;2.3095;0.1924;Amarela;1;0
9;MA;76302;A;13;201728;0;;0.6164;2.3095;0.1924;Amarela;1;0
4;MA;76310;A;18;201708;0;;0.52293;2.4101;0.15355;Amarela;1;1
11;MA;76335;A;12;201708;0;;1.072;2.2909;0.2848;Amarela;1;1
11;MA;76335;A;12;201704;0;;1.072;2.2909;0.2848;Amarela;1;0
7;MT;76360;B;5;201732;0;;1.4966;2.1506;0.2561;Amarela;2;0
25;MT;76360;B;5;201724;0;;1.4966;2.1506;0.2561;Amarela;2;0
25;MA;76362;C;26;201728;0;;1.3878;2.7457;0.2446;Amarela;1;0
19;MA;76362;C;26;201720;0;;1.3878;2.7457;0.2446;Amarela;1;0
13;HG;76392;C;12;201726;0;;1.3369;1.5842;0.2185;Azul;1;0
11;HG;76392;C;12;201718;0;;1.3369;1.5842;0.2185;Azul;1;0
4;CH;76456;D;6;201714;0;;1.0879;1.247;0.1581;Azul;2;1
4;CH;76456;D;6;201710;0;;1.0879;1.247;0.1581;Azul;2;0
13;CH;76478;C;20;201714;0;;1.5321;1.8093;0.1893;Azul;2;1
13;CH;76478;C;20;201710;0;;1.5321;1.8093;0.1893;Azul;2;0
17;HG;76481;B;6;201706;0;;1.2659;1.492;0.1531;Azul;1;1
17;HG;76481;B;6;201702;0;;1.2659;1.492;0.1531;Azul;1;0
27;CH;76487;D;26;201714;0;;0.6144;1.1735;0.2957;Azul;2;1
27;CH;76487;D;26;201710;0;;0.6144;1.1735;0.2957;Azul;2;0
23;HG;76489;C;23;201726;0;;1.4599;1.0848;0.207;Azul;1;0
20;HG;76489;C;23;201718;0;;1.4599;1.0848;0.207;Azul;1;0
24;HG;76491;B;12;201718;0;;1.024;1.7637;0.2985;Azul;1;0
12;HG;76491;B;12;201726;0;;1.024;1.7637;0.2985;Azul;1;0
25;MT;76493;D;16;201732;0;;1.0576;2.922;0.2054;Amarela;2;0
6;MT;76493;D;16;201724;0;;1.0576;2.922;0.2054;Amarela;2;0
16;CH;76495;A;7;201722;0;;0.6995;0.7204;0.2334;Azul;2;0
3;CH;76495;A;7;201730;0;;0.6995;0.7204;0.2334;Azul;2;0
5;HG;76497;A;18;201706;0;;1.7098;-0.4921;0.1982;Azul;1;1
5;HG;76497;A;18;201702;0;;1.7098;-0.4921;0.1982;Azul;1;0
12;CN;76500;D;6;201729;0;;1.5394;3.1695;0.1335;Rosa;2;0
29;CN;76500;D;6;201721;0;;1.5394;3.1695;0.1335;Rosa;2;0
9;MA;76504;D;19;201708;0;;1.9048;2.281;0.1271;Amarela;1;1
9;MA;76504;D;19;201704;0;;1.9048;2.281;0.1271;Amarela;1;0
15;CH;76508;C;11;201722;0;;1.2364;1.0258;0.1855;Azul;2;0
2;CH;76508;C;11;201730;0;;1.2364;1.0258;0.1855;Azul;2;0
16;HG;76513;C;17;201706;0;;1.2042;0.5562;0.2677;Azul;1;1
16;HG;76513;C;17;201702;0;;1.2042;0.5562;0.2677;Azul;1;0
19;CH;76522;D;27;201714;0;;0.8789;1.3102;0.1443;Azul;2;1
19;CH;76522;D;27;201710;0;;0.8789;1.3102;0.1443;Azul;2;0
12;CH;76543;A;24;201722;0;;0.5322;0.6868;0.3156;Azul;2;0
23;CH;76543;A;24;201730;0;;0.5322;0.6868;0.3156;Azul;2;0
19;HG;76546;B;3;201706;0;;1.0672;0.7604;0.1105;Azul;1;1
19;HG;76546;B;3;201702;0;;1.0672;0.7604;0.1105;Azul;1;0
1;HG;76553;D;5;201718;0;;0.8997;0.9503;0.2273;Azul;1;0
1;HG;76553;D;5;201726;0;;0.8997;0.9503;0.2273;Azul;1;0
6;CH;76557;A;21;201714;0;;1.3414;0.7727;0.2452;Azul;2;1
6;CH;76557;A;21;201710;0;;1.3414;0.7727;0.2452;Azul;2;0
25;HG;76559;C;10;201718;0;;1.2195;0.2054;0.1514;Azul;1;0
17;HG;76559;C;10;201726;0;;1.2195;0.2054;0.1514;Azul;1;0
3;MA;76690;A;10;201720;0;;1.6108;1.1145;0.1052;Amarela;1;0
10;MA;76690;A;10;201728;0;;1.6108;1.1145;0.1052;Amarela;1;0
17;MT;76712;D;12;201716;0;;1.5956;2.9015;0.1427;Amarela;2;1
17;MT;76712;D;12;201712;0;;1.5956;2.9015;0.1427;Amarela;2;0
24;MA;76835;D;25;201708;0;;1.2228;1.7434;0.1371;Amarela;1;1
24;MA;76835;D;25;201704;0;;1.2228;1.7434;0.1371;Amarela;1;0
21;CH;76842;D;2;201730;0;;1.0614;2.0436;0.1929;Azul;2;0
19;CH;76842;D;2;201722;0;;1.0614;2.0436;0.1929;Azul;2;0
2;CH;76844;B;2;201714;0;;0.8079;1.2798;0.1653;Azul;2;1
2;CH;76844;B;2;201710;0;;0.8079;1.2798;0.1653;Azul;2;0
4;MT;76983;D;24;201712;0;;0.8245;0.4827;0.1753;Amarela;2;0
4;MT;76983;D;24;201716;0;;0.8245;0.4827;0.1753;Amarela;2;1
24;CI;77031;A;15;201705;0;;0.6802;0.9;0.1696;Rosa;1;1
24;CI;77031;A;15;201701;0;;0.6802;0.9;0.1696;Rosa;1;0
1;CI;77035;B;18;201725;0;;1.0662;-1.0741;0.2113;Rosa;1;0
7;CI;77035;B;18;201717;0;;1.0662;-1.0741;0.2113;Rosa;1;0
1;CN;77049;D;14;201729;0;;0.8672;0.1029;0.2364;Rosa;2;0
19;CN;77049;D;14;201721;0;;0.8672;0.1029;0.2364;Rosa;2;0
24;CI;77064;C;20;201725;0;;1.356;1.9049;0.1496;Rosa;1;0
3;CI;77064;C;20;201717;0;;1.356;1.9049;0.1496;Rosa;1;0
14;CN;77071;D;24;201713;0;;1.6713;2.5676;0.1382;Rosa;2;1
14;CN;77071;D;24;201709;0;;1.6713;2.5676;0.1382;Rosa;2;0
22;CN;77091;C;16;201713;0;;1.2339;2.3977;0.1517;Rosa;2;1
22;CN;77091;C;16;201709;0;;1.2339;2.3977;0.1517;Rosa;2;0
15;CN;77093;D;25;201729;0;;0.684;1.3562;0.1834;Rosa;2;0
1;CN;77093;D;25;201721;0;;0.684;1.3562;0.1834;Rosa;2;0
18;MT;77124;D;10;201716;0;;0.7795;1.6169;0.1865;Amarela;2;1
18;MT;77124;D;10;201712;0;;0.7795;1.6169;0.1865;Amarela;2;0
11;CI;77185;C;13;201705;0;;1.0026;0.2323;0.1619;Rosa;1;1
11;CI;77185;C;13;201701;0;;1.0026;0.2323;0.1619;Rosa;1;0
22;CN;77193;A;23;201729;0;;1.5818;2.8232;0.1779;Rosa;2;0
18;CN;77193;A;23;201721;0;;1.5818;2.8232;0.1779;Rosa;2;0
7;LP;77203;A;7;201727;0;;0.8287;0.5139;0.2349;Cinza;1;0
18;LP;77203;A;7;201719;0;;0.8287;0.5139;0.2349;Cinza;1;0
23;MT;77216;D;11;201724;0;;2.3209;2.1907;0.1811;Amarela;2;0
9;MT;77216;D;11;201732;0;;2.3209;2.1907;0.1811;Amarela;2;0
22;MA;77278;B;5;201728;0;;1.1031;1.5754;0.155;Amarela;1;0
9;MA;77278;B;5;201720;0;;1.1031;1.5754;0.155;Amarela;1;0
11;CH;77284;B;1;201714;0;;1.346;1.381;0.3084;Azul;2;1
11;CH;77284;B;1;201710;0;;1.346;1.381;0.3084;Azul;2;0
19;MT;77341;A;30;201716;0;;1.1923;2.9997;0.2191;Amarela;2;1
19;MT;77341;A;30;201712;0;;1.1923;2.9997;0.2191;Amarela;2;0
7;MT;77446;B;26;201716;0;;1.5434;2.4039;0.2259;Amarela;2;1
7;MT;77446;B;26;201712;0;;1.5434;2.4039;0.2259;Amarela;2;0
30;LP;77504;C;30;201707;0;;0.8999;2.256;0.2098;Cinza;1;1
30;LP;77504;C;30;201703;0;;0.8999;2.256;0.2098;Cinza;1;0
12;MA;77514;C;3;201728;0;;1.7486;1.2736;0.1953;Amarela;1;0
5;MA;77514;C;3;201720;0;;1.7486;1.2736;0.1953;Amarela;1;0
11;MT;77520;D;23;201732;0;;1.5395;2.3803;0.1923;Amarela;2;0
21;MT;77520;D;23;201724;0;;1.5395;2.3803;0.1923;Amarela;2;0
17;CH;77558;C;30;201714;0;;0.6753;2.4322;0.2829;Azul;2;1
17;CH;77558;C;30;201710;0;;0.6753;2.4322;0.2829;Azul;2;0
21;MA;77588;D;2;201708;0;;1.3581;2.72;0.1552;Amarela;1;1
21;MA;77588;D;2;201704;0;;1.3581;2.72;0.1552;Amarela;1;0
19;MA;77590;C;13;201708;0;;1.4162;2.5989;0.1882;Amarela;1;1
19;MA;77590;C;13;201704;0;;1.4162;2.5989;0.1882;Amarela;1;0
25;CH;77595;C;28;201714;0;;0.8631;1.6475;0.2402;Azul;2;1
25;CH;77595;C;28;201710;0;;0.8631;1.6475;0.2402;Azul;2;0
25;MA;77684;C;16;201720;0;;0.9725;1.2857;0.2676;Amarela;1;0
14;MA;77684;C;16;201728;0;;0.9725;1.2857;0.2676;Amarela;1;0
27;MT;77694;C;19;201724;0;;1.5443;0.8737;0.1813;Amarela;2;0
5;MT;77694;C;19;201732;0;;1.5443;0.8737;0.1813;Amarela;2;0
12;MT;77740;A;21;201724;0;;1.6428;2.8326;0.1214;Amarela;2;0
20;MT;77740;A;21;201732;0;;1.6428;2.8326;0.1214;Amarela;2;0
2;MA;77795;D;22;201728;0;;1.6999;0.7746;0.1454;Amarela;1;0
2;MA;77795;D;22;201720;0;;1.6999;0.7746;0.1454;Amarela;1;0
2;CN;77825;D;19;201713;0;;0.6261;3.8026;0.1448;Rosa;2;1
2;CN;77825;D;19;201709;0;;0.6261;3.8026;0.1448;Rosa;2;0
6;MT;77888;B;25;201716;0;;0.7351;0.502;0.1882;Amarela;2;1
6;MT;77888;B;25;201712;0;;0.7351;0.502;0.1882;Amarela;2;0
12;CN;77978;D;27;201721;0;;0.9207;1.8208;0.2994;Rosa;2;0
23;CN;77978;D;27;201729;0;;0.9207;1.8208;0.2994;Rosa;2;0
8;CN;78127;A;5;201713;0;;1.8968;2.9181;0.1147;Rosa;2;1
8;CN;78127;A;5;201709;0;;1.8968;2.9181;0.1147;Rosa;2;0
27;CH;78133;B;26;201730;0;;0.8542;-0.055;0.1916;Azul;2;0
21;CH;78133;B;26;201722;0;;0.8542;-0.055;0.1916;Azul;2;0
15;CH;78138;B;15;201714;0;;1.3291;1.5443;0.1761;Azul;2;1
15;CH;78138;B;15;201710;0;;1.3291;1.5443;0.1761;Azul;2;0
3;MT;78141;C;28;201716;0;;0.65284;3.30386;0.18615;Amarela;2;1
8;CH;78173;B;29;201714;0;;0.8572;0.8489;0.2069;Azul;2;1
8;CH;78173;B;29;201710;0;;0.8572;0.8489;0.2069;Azul;2;0
27;CN;78449;B;15;201729;0;;0.8688;2.0099;0.2273;Rosa;2;0
24;CN;78449;B;15;201721;0;;0.8688;2.0099;0.2273;Rosa;2;0
30;MT;78754;A;4;201712;0;;1.5432;2.0832;0.2822;Amarela;2;0
30;MT;78754;A;4;201716;0;;1.5432;2.0832;0.2822;Amarela;2;1
27;MT;78767;D;14;201716;0;;1.1689;3.3045;0.1978;Amarela;2;1
27;MT;78767;D;14;201712;0;;1.1689;3.3045;0.1978;Amarela;2;0
25;CI;78770;B;19;201705;0;;0.5627;1.8179;0.2882;Rosa;1;1
25;CI;78770;B;19;201701;0;;0.5627;1.8179;0.2882;Rosa;1;0
9;CI;78788;B;17;201705;0;;0.7521;-0.0352;0.1799;Rosa;1;1
9;CI;78788;B;17;201701;0;;0.7521;-0.0352;0.1799;Rosa;1;0
22;CH;78861;C;19;201730;0;;1.7228;1.4168;0.256;Azul;2;0
20;CH;78861;C;19;201722;0;;1.7228;1.4168;0.256;Azul;2;0
3;CH;79035;C;11;201714;0;;1.7431;0.9652;0.2654;Azul;2;1
3;CH;79035;C;11;201710;0;;1.7431;0.9652;0.2654;Azul;2;0
16;MT;79050;B;29;201724;0;;0.79;1.2217;0.2471;Amarela;2;0
14;MT;79050;B;29;201732;0;;0.79;1.2217;0.2471;Amarela;2;0
4;MT;79056;B;29;201724;0;;0.7322;1.7601;0.1626;Amarela;2;0
28;MT;79056;B;29;201732;0;;0.7322;1.7601;0.1626;Amarela;2;0
15;MT;79061;C;17;201716;0;;1.4791;2.892;0.2846;Amarela;2;1
15;MT;79061;C;17;201712;0;;1.4791;2.892;0.2846;Amarela;2;0
2;MT;79070;C;29;201716;0;;0.9479;-0.2439;0.2002;Amarela;2;1
2;MT;79070;C;29;201712;0;;0.9479;-0.2439;0.2002;Amarela;2;0
10;CI;79202;C;22;201701;0;;1.2822;2.6464;0.1125;Rosa;1;0
7;CN;79207;C;2;201721;0;;0.8057;0.835;0.172;Rosa;2;0
9;CN;79207;C;2;201729;0;;0.8057;0.835;0.172;Rosa;2;0
1;CN;79210;B;15;201713;0;;1.0847;-0.138;0.219;Rosa;2;1
1;CN;79210;B;15;201709;0;;1.0847;-0.138;0.219;Rosa;2;0
16;CN;79217;B;3;201721;0;;1.0061;3.9742;0.1742;Rosa;2;0
4;CN;79217;B;3;201729;0;;1.0061;3.9742;0.1742;Rosa;2;0
4;CI;79248;D;13;201725;0;;0.9739;3.1605;0.1462;Rosa;1;0
18;CI;79248;D;13;201717;0;;0.9739;3.1605;0.1462;Rosa;1;0
10;CH;79249;D;7;201714;0;;0.6639;2.2445;0.1958;Azul;2;1
10;CH;79249;D;7;201710;0;;0.6639;2.2445;0.1958;Azul;2;0
29;MA;79254;A;21;201728;0;;0.7952;3.246;0.1779;Amarela;1;0
17;MA;79254;A;21;201720;0;;0.7952;3.246;0.1779;Amarela;1;0
29;MA;79278;D;17;201720;0;;1.2453;1.7903;0.2062;Amarela;1;0
26;MA;79278;D;17;201728;0;;1.2453;1.7903;0.2062;Amarela;1;0
18;CN;79295;D;25;201713;0;;0.8435;2.5118;0.3147;Rosa;2;1
18;CN;79295;D;25;201709;0;;0.8435;2.5118;0.3147;Rosa;2;0
28;CH;79340;A;22;201714;0;;1.0403;0.1363;0.1636;Azul;2;1
28;CH;79340;A;22;201710;0;;1.0403;0.1363;0.1636;Azul;2;0
23;CH;79353;D;4;201714;0;;0.9934;1.3609;0.0909;Azul;2;1
23;CH;79353;D;4;201710;0;;0.9934;1.3609;0.0909;Azul;2;0
8;CH;79355;A;3;201722;0;;0.8544;1.7252;0.1822;Azul;2;0
14;CH;79355;A;3;201730;0;;0.8544;1.7252;0.1822;Azul;2;0
16;MA;79359;C;17;201708;0;;0.6216;1.4345;0.1616;Amarela;1;1
16;MA;79359;C;17;201704;0;;0.6216;1.4345;0.1616;Amarela;1;0
16;CH;79362;A;16;201714;0;;0.8351;0.8695;0.2232;Azul;2;1
16;CH;79362;A;16;201710;0;;0.8351;0.8695;0.2232;Azul;2;0
24;MT;79366;B;27;201716;0;;1.2783;1.7959;0.2329;Amarela;2;1
24;MT;79366;B;27;201712;0;;1.2783;1.7959;0.2329;Amarela;2;0
19;CN;79367;B;14;201713;0;;0.7493;2.5122;0.27;Rosa;2;1
19;CN;79367;B;14;201709;0;;0.7493;2.5122;0.27;Rosa;2;0
19;LC;79385;C;19;201715;0;;1.0331;0.0509;0.1865;Branco;2;1
19;LC;79385;C;19;201711;0;;1.0331;0.0509;0.1865;Branco;2;0
17;CI;79387;D;3;201701;0;;1.0191;2.3201;0.1268;Rosa;1;0
27;LP;79404;D;2;201727;0;;0.6377;1.253;0.1791;Cinza;1;0
13;LP;79404;D;2;201719;0;;0.6377;1.253;0.1791;Cinza;1;0
3;CI;79405;B;18;201705;0;;0.8962;-0.7183;0.2125;Rosa;1;1
3;CI;79405;B;18;201701;0;;0.8962;-0.7183;0.2125;Rosa;1;0
29;CN;79407;D;27;201713;0;;0.6937;1.7495;0.1796;Rosa;2;1
29;CN;79407;D;27;201709;0;;0.6937;1.7495;0.1796;Rosa;2;0
25;LC;79437;D;25;201715;0;;0.907;1.4464;0.2321;Branco;2;1
25;LC;79437;D;25;201711;0;;0.907;1.4464;0.2321;Branco;2;0
11;MT;79444;A;13;201716;0;;1.4129;2.6395;0.152;Amarela;2;1
11;MT;79444;A;13;201712;0;;1.4129;2.6395;0.152;Amarela;2;0
1;MA;79464;C;28;201728;0;;2.4228;2.0986;0.1672;Amarela;1;0
1;MA;79464;C;28;201720;0;;2.4228;2.0986;0.1672;Amarela;1;0
1;MA;79482;C;15;201704;0;;0.8641;2.0175;0.2442;Amarela;1;0
1;MA;79482;C;15;201708;0;;0.8641;2.0175;0.2442;Amarela;1;1
8;CI;79486;A;7;201717;1;Retirado pela TRI;;;;Rosa;1;0
2;CI;79486;A;7;201725;1;Retirado pela TRI;;;;Rosa;1;0
10;CN;79487;A;23;201713;0;;1.865;2.9782;0.0712;Rosa;2;1
10;CN;79487;A;23;201709;0;;1.865;2.9782;0.0712;Rosa;2;0
16;CI;79489;A;26;201725;0;;0.9476;2.3379;0.2197;Rosa;1;0
22;CI;79489;A;26;201717;0;;0.9476;2.3379;0.2197;Rosa;1;0
16;CN;79516;A;19;201729;0;;1.7021;2.9695;0.1416;Rosa;2;0
2;CN;79516;A;19;201721;0;;1.7021;2.9695;0.1416;Rosa;2;0
29;MT;79522;C;9;201732;0;;0.7726;3.083;0.3116;Amarela;2;0
2;MT;79522;C;9;201724;0;;0.7726;3.083;0.3116;Amarela;2;0
11;CI;79530;D;7;201717;0;;0.7675;0.9175;0.1541;Rosa;1;0
19;CI;79530;D;7;201725;0;;0.7675;0.9175;0.1541;Rosa;1;0
15;CN;79559;A;3;201721;0;;1.4774;1.9721;0.152;Rosa;2;0
25;CN;79559;A;3;201729;0;;1.4774;1.9721;0.152;Rosa;2;0
20;CN;79578;B;23;201713;0;;1.0284;2.4941;0.2083;Rosa;2;1
20;CN;79578;B;23;201709;0;;1.0284;2.4941;0.2083;Rosa;2;0
28;CN;79585;B;21;201713;0;;1.4275;1.8124;0.1477;Rosa;2;1
28;CN;79585;B;21;201709;0;;1.4275;1.8124;0.1477;Rosa;2;0
2;LP;79604;B;3;201707;0;;1.6859;-0.0819;0.1411;Cinza;1;1
2;LP;79604;B;3;201703;0;;1.6859;-0.0819;0.1411;Cinza;1;0
13;MT;79605;C;6;201724;0;;1.001;1.2386;0.3359;Amarela;2;0
18;MT;79605;C;6;201732;0;;1.001;1.2386;0.3359;Amarela;2;0
20;MT;79616;C;21;201716;0;;1.0028;1.6231;0.1991;Amarela;2;1
20;MT;79616;C;21;201712;0;;1.0028;1.6231;0.1991;Amarela;2;0
16;CI;79618;D;8;201705;0;;0.7602;1.4958;0.2359;Rosa;1;1
16;CI;79618;D;8;201701;0;;0.7602;1.4958;0.2359;Rosa;1;0
21;CI;79619;B;16;201705;0;;0.7124;1.8668;0.1278;Rosa;1;1
21;CI;79619;B;16;201701;0;;0.7124;1.8668;0.1278;Rosa;1;0
26;CN;79649;C;18;201729;0;;0.6337;2.518;0.1427;Rosa;2;0
23;CN;79649;C;18;201721;0;;0.6337;2.518;0.1427;Rosa;2;0
9;CN;79653;D;8;201721;0;;1.064;2.0947;0.1821;Rosa;2;0
17;CN;79653;D;8;201729;0;;1.064;2.0947;0.1821;Rosa;2;0
20;MT;79654;B;30;201724;0;;0.8638;0.9967;0.2353;Amarela;2;0
10;MT;79654;B;30;201732;0;;0.8638;0.9967;0.2353;Amarela;2;0
14;CI;79664;D;11;201717;0;;1.1787;2.0123;0.1149;Rosa;1;0
20;CI;79664;D;11;201725;0;;1.1787;2.0123;0.1149;Rosa;1;0
26;CH;79671;D;21;201722;0;;1.0213;1.0403;0.302;Azul;2;0
11;CH;79671;D;21;201730;0;;1.0213;1.0403;0.302;Azul;2;0
28;CI;79685;D;4;201701;0;;1.2642;1.2661;0.2161;Rosa;1;0
28;CI;79685;D;4;201705;0;;1.2642;1.2661;0.2161;Rosa;1;1
13;CN;79688;B;11;201713;0;;1.0074;1.0049;0.169;Rosa;2;1
13;CN;79688;B;11;201709;0;;1.0074;1.0049;0.169;Rosa;2;0
8;CN;79707;D;23;201729;0;;1.2765;3.5278;0.1523;Rosa;2;0
6;CN;79707;D;23;201721;0;;1.2765;3.5278;0.1523;Rosa;2;0
28;MT;79710;C;23;201716;0;;1.0721;1.9746;0.2755;Amarela;2;1
28;MT;79710;C;23;201712;0;;1.0721;1.9746;0.2755;Amarela;2;0
16;MT;79719;A;3;201716;0;;1.4876;1.564;0.1388;Amarela;2;1
16;MT;79719;A;3;201712;0;;1.4876;1.564;0.1388;Amarela;2;0
18;CH;79749;A;9;201714;0;;1.0336;0.895;0.2217;Azul;2;1
18;CH;79749;A;9;201710;0;;1.0336;0.895;0.2217;Azul;2;0
30;CH;79750;B;29;201730;0;;1.6778;1.3461;0.2458;Azul;2;0
30;CH;79750;B;29;201722;0;;1.6778;1.3461;0.2458;Azul;2;0
12;MA;79756;B;21;201708;0;;1.2143;1.1571;0.1503;Amarela;1;1
12;MA;79756;B;21;201704;0;;1.2143;1.1571;0.1503;Amarela;1;0
22;MT;79770;B;7;201732;0;;1.0009;2.8546;0.2119;Amarela;2;0
10;MT;79770;B;7;201724;0;;1.0009;2.8546;0.2119;Amarela;2;0
12;MT;79822;B;22;201716;0;;0.7522;1.1699;0.1171;Amarela;2;1
12;MT;79822;B;22;201712;0;;0.7522;1.1699;0.1171;Amarela;2;0
24;CN;79832;D;15;201713;0;;1.5575;2.238;0.199;Rosa;2;1
24;CN;79832;D;15;201709;0;;1.5575;2.238;0.199;Rosa;2;0
7;MT;79839;A;13;201724;0;;1.3868;2.855;0.1565;Amarela;2;0
23;MT;79839;A;13;201732;0;;1.3868;2.855;0.1565;Amarela;2;0
26;MT;79840;D;18;201716;0;;1.3086;1.9042;0.1071;Amarela;2;1
26;MT;79840;D;18;201712;0;;1.3086;1.9042;0.1071;Amarela;2;0
16;LC;79842;A;16;201715;0;;0.8795;1.8596;0.1906;Branco;2;1
16;LC;79842;A;16;201711;0;;0.8795;1.8596;0.1906;Branco;2;0
30;CI;79851;D;22;201717;0;;0.7727;1.3795;0.1193;Rosa;1;0
30;CI;79851;D;22;201725;0;;0.7727;1.3795;0.1193;Rosa;1;0
12;MT;79866;C;25;201732;0;;1.3898;1.081;0.1154;Amarela;2;0
18;MT;79866;C;25;201724;0;;1.3898;1.081;0.1154;Amarela;2;0
16;CI;79869;B;19;201717;0;;1.0876;0.4764;0.2663;Rosa;1;0
13;CI;79869;B;19;201725;0;;1.0876;0.4764;0.2663;Rosa;1;0
6;MT;79870;B;26;201732;0;;0.7114;2.1112;0.1903;Amarela;2;0
24;MT;79870;B;26;201724;0;;0.7114;2.1112;0.1903;Amarela;2;0
14;MT;79871;D;15;201724;0;;1.3884;2.5862;0.1645;Amarela;2;0
16;MT;79871;D;15;201732;0;;1.3884;2.5862;0.1645;Amarela;2;0
6;MA;79906;B;27;201728;0;;1.1096;0.8969;0.1488;Amarela;1;0
11;MA;79906;B;27;201720;0;;1.1096;0.8969;0.1488;Amarela;1;0
22;MA;79910;B;2;201720;0;;1.0892;2.6556;0.2118;Amarela;1;0
19;MA;79910;B;2;201728;0;;1.0892;2.6556;0.2118;Amarela;1;0
29;MA;79932;A;7;201708;0;;1.2464;2.9685;0.1822;Amarela;1;1
29;MA;79932;A;7;201704;0;;1.2464;2.9685;0.1822;Amarela;1;0
14;MT;79933;C;28;201716;0;;1.5011;1.2415;0.2473;Amarela;2;1
14;MT;79933;C;28;201712;0;;1.5011;1.2415;0.2473;Amarela;2;0
27;MT;79941;D;12;201732;0;;1.1569;2.9871;0.1932;Amarela;2;0
3;MT;79941;D;12;201724;0;;1.1569;2.9871;0.1932;Amarela;2;0
28;MT;79942;A;22;201724;0;;0.7504;2.0495;0.1962;Amarela;2;0
3;MT;79942;A;22;201732;0;;0.7504;2.0495;0.1962;Amarela;2;0
22;MT;79948;D;3;201724;0;;1.2767;0.8885;0.1375;Amarela;2;0
8;MT;79948;D;3;201732;0;;1.2767;0.8885;0.1375;Amarela;2;0
30;MT;79954;A;8;201732;0;;1.0715;1.6015;0.2716;Amarela;2;0
1;MT;79954;A;8;201724;0;;1.0715;1.6015;0.2716;Amarela;2;0
8;MT;79956;C;17;201724;0;;1.2426;1.7145;0.1952;Amarela;2;0
24;MT;79956;C;17;201732;0;;1.2426;1.7145;0.1952;Amarela;2;0
25;CI;79960;A;17;201725;0;;0.8222;0.9547;0.1812;Rosa;1;0
24;CI;79960;A;17;201717;0;;0.8222;0.9547;0.1812;Rosa;1;0
24;MA;79973;D;4;201728;0;;0.6347;1.6569;0.1757;Amarela;1;0
24;MA;79973;D;4;201720;0;;0.6347;1.6569;0.1757;Amarela;1;0
16;CH;79988;D;12;201730;0;;0.9625;0.5884;0.142;Azul;2;0
17;CH;79988;D;12;201722;0;;0.9625;0.5884;0.142;Azul;2;0
14;CN;80028;C;16;201729;0;;1.386;2.996;0.2323;Rosa;2;0
22;CN;80028;C;16;201721;0;;1.386;2.996;0.2323;Rosa;2;0
3;MA;80031;A;28;201708;0;;1.3589;2.1456;0.203;Amarela;1;1
3;MA;80031;A;28;201704;0;;1.3589;2.1456;0.203;Amarela;1;0
15;MT;80056;B;14;201732;0;;1.2727;2.6351;0.2558;Amarela;2;0
17;MT;80056;B;14;201724;0;;1.2727;2.6351;0.2558;Amarela;2;0
29;MT;80058;D;9;201716;0;;1.0935;3.5135;0.149;Amarela;2;1
29;MT;80058;D;9;201712;0;;1.0935;3.5135;0.149;Amarela;2;0
13;MT;80059;B;10;201732;0;;1.9964;2.4786;0.2153;Amarela;2;0
19;MT;80059;B;10;201724;0;;1.9964;2.4786;0.2153;Amarela;2;0
28;CI;80065;C;4;201725;0;;1.0451;1.6848;0.1696;Rosa;1;0
13;CI;80065;C;4;201717;0;;1.0451;1.6848;0.1696;Rosa;1;0
15;CN;80126;D;16;201713;0;;1.4097;1.0415;0.1878;Rosa;2;1
15;CN;80126;D;16;201709;0;;1.4097;1.0415;0.1878;Rosa;2;0
10;CN;80133;C;19;201721;0;;1.8685;2.9677;0.2086;Rosa;2;0
18;CN;80133;C;19;201729;0;;1.8685;2.9677;0.2086;Rosa;2;0
2;CI;80136;D;7;201705;0;;1.0566;3.1385;0.236;Rosa;1;1
2;CI;80136;D;7;201701;0;;1.0566;3.1385;0.236;Rosa;1;0
16;CN;80152;A;8;201713;0;;1.0136;1.3935;0.2426;Rosa;2;1
16;CN;80152;A;8;201709;0;;1.0136;1.3935;0.2426;Rosa;2;0
10;CI;80187;C;15;201705;0;;2.11713;2.3076;0.08535;Rosa;1;1
1;CI;80195;A;5;201705;0;;0.8569;-0.7621;0.2428;Rosa;1;1
1;CI;80195;A;5;201701;0;;0.8569;-0.7621;0.2428;Rosa;1;0
27;CI;80199;B;16;201725;0;;1.0814;0.9766;0.1844;Rosa;1;0
12;CI;80199;B;16;201717;0;;1.0814;0.9766;0.1844;Rosa;1;0
27;LC;80205;D;27;201715;0;;0.8955;2.1204;0.1414;Branco;2;1
27;LC;80205;D;27;201711;0;;0.8955;2.1204;0.1414;Branco;2;0
11;CI;80221;A;27;201725;0;;0.6304;0.3262;0.2533;Rosa;1;0
5;CI;80221;A;27;201717;0;;0.6304;0.3262;0.2533;Rosa;1;0
28;LC;80230;C;28;201715;0;;1.7809;1.1191;0.2047;Branco;2;1
28;LC;80230;C;28;201711;0;;1.7809;1.1191;0.2047;Branco;2;0
8;CI;80234;D;13;201725;0;;1.0904;2.97;0.1482;Rosa;1;0
27;CI;80234;D;13;201717;0;;1.0904;2.97;0.1482;Rosa;1;0
21;CN;80276;A;28;201721;0;;1.0529;0.5817;0.2074;Rosa;2;0
3;CN;80276;A;28;201729;0;;1.0529;0.5817;0.2074;Rosa;2;0
15;CI;80280;B;14;201705;0;;0.7203;0.4039;0.1966;Rosa;1;1
15;CI;80280;B;14;201701;0;;0.7203;0.4039;0.1966;Rosa;1;0
13;MT;80284;C;15;201716;0;;1.1056;2.6812;0.2894;Amarela;2;1
13;MT;80284;C;15;201712;0;;1.1056;2.6812;0.2894;Amarela;2;0
13;LC;80302;B;16;201723;0;;2.541;1.6935;0.1598;Branco;2;0
17;LC;80302;B;16;201731;0;;2.541;1.6935;0.1598;Branco;2;0
12;CI;80338;A;29;201725;0;;0.8615;2.8441;0.2347;Rosa;1;0
6;CI;80338;A;29;201717;0;;0.8615;2.8441;0.2347;Rosa;1;0
12;CI;80356;D;20;201705;0;;1.2903;2.4637;0.1487;Rosa;1;1
12;CI;80356;D;20;201701;0;;1.2903;2.4637;0.1487;Rosa;1;0
9;CN;80361;A;12;201713;0;;0.9494;0.8475;0.1679;Rosa;2;1
9;CN;80361;A;12;201709;0;;0.9494;0.8475;0.1679;Rosa;2;0
15;CI;80363;B;25;201717;0;;0.6217;1.5603;0.1913;Rosa;1;0
21;CI;80363;B;25;201725;0;;0.6217;1.5603;0.1913;Rosa;1;0
21;CN;80398;D;17;201713;0;;0.7661;1.4379;0.1751;Rosa;2;1
21;CN;80398;D;17;201709;0;;0.7661;1.4379;0.1751;Rosa;2;0
29;LP;80401;A;29;201727;0;;0.9189;0.9638;0.3041;Cinza;1;0
29;LP;80401;A;29;201719;0;;0.9189;0.9638;0.3041;Cinza;1;0
7;LC;80420;C;7;201715;0;;1.8446;1.6222;0.1997;Branco;2;1
7;LC;80420;C;7;201711;0;;1.8446;1.6222;0.1997;Branco;2;0
4;LC;80427;C;4;201715;0;;0.6639;1.4572;0.1628;Branco;2;1
4;LC;80427;C;4;201711;0;;0.6639;1.4572;0.1628;Branco;2;0
8;LP;80440;C;8;201707;0;;1.388;0.6819;0.2234;Cinza;1;1
8;LP;80440;C;8;201703;0;;1.388;0.6819;0.2234;Cinza;1;0
7;LC;80468;C;25;201723;0;;0.9477;2.5069;0.2143;Branco;2;0
25;LC;80468;C;25;201731;0;;0.9477;2.5069;0.2143;Branco;2;0
8;CN;80471;B;7;201721;0;;1.1047;3.2409;0.1905;Rosa;2;0
10;CN;80471;B;7;201729;0;;1.1047;3.2409;0.1905;Rosa;2;0
4;CN;80475;B;18;201713;0;;1.1519;3.306;0.24;Rosa;2;1
4;CN;80475;B;18;201709;0;;1.1519;3.306;0.24;Rosa;2;0
30;CN;80502;C;19;201713;0;;0.8764;1.8101;0.1886;Rosa;2;1
30;CN;80502;C;19;201709;0;;0.8764;1.8101;0.1886;Rosa;2;0
29;LC;80523;A;28;201715;0;;2.2553;1.3869;0.2396;Branco;2;1
29;LC;80523;A;28;201711;0;;2.2553;1.3869;0.2396;Branco;2;0
25;CN;80524;B;6;201713;0;;0.6697;1.5323;0.2883;Rosa;2;1
25;CN;80524;B;6;201709;0;;0.6697;1.5323;0.2883;Rosa;2;0
1;LC;80535;B;1;201715;0;;1.2333;0.9265;0.176;Branco;2;1
1;LC;80535;B;1;201711;0;;1.2333;0.9265;0.176;Branco;2;0
8;CI;80551;C;11;201705;0;;1.6434;2.7368;0.1358;Rosa;1;1
8;CI;80551;C;11;201701;0;;1.6434;2.7368;0.1358;Rosa;1;0
20;LC;80565;B;20;201715;0;;1.3727;0.8774;0.2532;Branco;2;1
20;LC;80565;B;20;201711;0;;1.3727;0.8774;0.2532;Branco;2;0
26;CN;80571;C;1;201713;0;;1.4622;2.2299;0.2326;Rosa;2;1
26;CN;80571;C;1;201709;0;;1.4622;2.2299;0.2326;Rosa;2;0
13;CN;80572;C;5;201721;0;;0.7342;2.7394;0.3472;Rosa;2;0
24;CN;80572;C;5;201729;0;;0.7342;2.7394;0.3472;Rosa;2;0
28;CN;80573;C;6;201721;0;;0.9911;0.9906;0.2316;Rosa;2;0
11;CN;80573;C;6;201729;0;;0.9911;0.9906;0.2316;Rosa;2;0
17;CN;80603;A;20;201713;0;;1.4218;1.4552;0.182;Rosa;2;1
17;CN;80603;A;20;201709;0;;1.4218;1.4552;0.182;Rosa;2;0
21;LC;80606;C;9;201723;0;;0.7279;0.8717;0.2273;Branco;2;0
9;LC;80606;C;9;201731;0;;0.7279;0.8717;0.2273;Branco;2;0
9;LC;80607;B;9;201715;0;;1.3798;0.229;0.2275;Branco;2;1
9;LC;80607;B;9;201711;0;;1.3798;0.229;0.2275;Branco;2;0
22;LP;80609;D;22;201707;0;;0.9126;1.5018;0.165;Cinza;1;1
22;LP;80609;D;22;201703;0;;0.9126;1.5018;0.165;Cinza;1;0
21;CN;80611;A;11;201729;0;;1.018;1.7201;0.2666;Rosa;2;0
17;CN;80611;A;11;201721;0;;1.018;1.7201;0.2666;Rosa;2;0
22;CI;80639;C;6;201725;0;;0.6471;1.9264;0.2563;Rosa;1;0
1;CI;80639;C;6;201717;0;;0.6471;1.9264;0.2563;Rosa;1;0
6;CN;80642;C;20;201713;0;;1.4697;3.3023;0.2004;Rosa;2;1
6;CN;80642;C;20;201709;0;;1.4697;3.3023;0.2004;Rosa;2;0
14;CN;80665;C;17;201721;0;;0.8579;2.8605;0.3402;Rosa;2;0
20;CN;80665;C;17;201729;0;;0.8579;2.8605;0.3402;Rosa;2;0
13;CI;80677;B;25;201705;0;;0.7081;0.3131;0.1904;Rosa;1;1
13;CI;80677;B;25;201701;0;;0.7081;0.3131;0.1904;Rosa;1;0
5;CN;80685;A;3;201713;0;;0.8362;0.3106;0.2185;Rosa;2;1
5;CN;80685;A;3;201709;0;;0.8362;0.3106;0.2185;Rosa;2;0
7;CN;80687;D;7;201713;0;;1.0019;0.4805;0.1675;Rosa;2;1
7;CN;80687;D;7;201709;0;;1.0019;0.4805;0.1675;Rosa;2;0
11;CN;80695;C;24;201721;0;;1.0081;1.6271;0.1521;Rosa;2;0
19;CN;80695;C;24;201729;0;;1.0081;1.6271;0.1521;Rosa;2;0
27;CN;80715;C;29;201713;0;;0.8965;1.6029;0.2954;Rosa;2;1
27;CN;80715;C;29;201709;0;;0.8965;1.6029;0.2954;Rosa;2;0
5;CI;80745;D;20;201705;0;;0.8256;-0.3132;0.2326;Rosa;1;1
5;CI;80745;D;20;201701;0;;0.8256;-0.3132;0.2326;Rosa;1;0
3;CN;80758;C;30;201713;0;;1.5626;0.0284;0.1756;Rosa;2;1
3;CN;80758;C;30;201709;0;;1.5626;0.0284;0.1756;Rosa;2;0
15;CI;80802;C;16;201725;0;;0.6024;0.8617;0.1822;Rosa;1;0
21;CI;80802;C;16;201717;0;;0.6024;0.8617;0.1822;Rosa;1;0
4;CI;80823;D;15;201717;0;;1.3791;2.8756;0.1707;Rosa;1;0
10;CI;80823;D;15;201725;0;;1.3791;2.8756;0.1707;Rosa;1;0
4;CI;80828;D;9;201705;0;;0.9586;3.087;0.2532;Rosa;1;1
4;CI;80828;D;9;201701;0;;0.9586;3.087;0.2532;Rosa;1;0
9;LP;80879;B;9;201707;0;;1.4944;1.5203;0.1777;Cinza;1;1
9;LP;80879;B;9;201703;0;;1.4944;1.5203;0.1777;Cinza;1;0
6;CI;80954;A;17;201725;0;;1.1204;3.0774;0.1791;Rosa;1;0
20;CI;80954;A;17;201717;0;;1.1204;3.0774;0.1791;Rosa;1;0
19;CI;80956;B;7;201705;0;;0.7137;2.241;0.2641;Rosa;1;1
19;CI;80956;B;7;201701;0;;0.7137;2.241;0.2641;Rosa;1;0
7;CN;80961;B;30;201729;0;;0.9762;0.6572;0.1755;Rosa;2;0
5;CN;80961;B;30;201721;0;;0.9762;0.6572;0.1755;Rosa;2;0
28;CI;80978;D;23;201717;0;;0.4658;0.0604;0.2276;Rosa;1;0
9;CI;80978;D;23;201725;0;;0.4658;0.0604;0.2276;Rosa;1;0
19;CI;80991;A;18;201717;0;;0.9627;-0.7426;0.1918;Rosa;1;0
5;CI;80991;A;18;201725;0;;0.9627;-0.7426;0.1918;Rosa;1;0
23;CN;81028;C;17;201713;0;;0.7448;1.3899;0.2386;Rosa;2;1
23;CN;81028;C;17;201709;0;;0.7448;1.3899;0.2386;Rosa;2;0
29;CI;81034;B;11;201725;0;;0.935;1.211;0.2428;Rosa;1;0
29;CI;81034;B;11;201717;0;;0.935;1.211;0.2428;Rosa;1;0
30;CN;81038;D;24;201729;0;;0.826;2.1993;0.173;Rosa;2;0
27;CN;81038;D;24;201721;0;;0.826;2.1993;0.173;Rosa;2;0
30;CN;81063;C;12;201721;0;;0.9644;1.0197;0.2662;Rosa;2;0
13;CN;81063;C;12;201729;0;;0.9644;1.0197;0.2662;Rosa;2;0
23;CI;81067;D;24;201705;0;;0.5845;1.83;0.1925;Rosa;1;1
23;CI;81067;D;24;201701;0;;0.5845;1.83;0.1925;Rosa;1;0
26;CI;81156;B;8;201725;0;;0.7344;1.9005;0.2201;Rosa;1;0
25;CI;81156;B;8;201717;0;;0.7344;1.9005;0.2201;Rosa;1;0
4;CN;81171;B;1;201721;0;;1.1111;3.6439;0.2938;Rosa;2;0
6;CN;81171;B;1;201729;0;;1.1111;3.6439;0.2938;Rosa;2;0
28;CN;81201;A;17;201729;0;;0.8589;2.2748;0.2137;Rosa;2;0
25;CN;81201;A;17;201721;0;;0.8589;2.2748;0.2137;Rosa;2;0
30;CI;81221;B;6;201705;0;;1.0891;1.3467;0.1907;Rosa;1;1
30;CI;81221;B;6;201701;0;;1.0891;1.3467;0.1907;Rosa;1;0
28;MA;81252;A;4;201708;0;;1.083;1.8936;0.2064;Amarela;1;1
28;MA;81252;A;4;201704;0;;1.083;1.8936;0.2064;Amarela;1;0
7;MA;81265;B;23;201720;0;;0.8468;2.7313;0.2416;Amarela;1;0
23;MA;81265;B;23;201728;0;;0.8468;2.7313;0.2416;Amarela;1;0
21;MT;81282;D;11;201716;0;;1.4843;3.0981;0.2149;Amarela;2;1
21;MT;81282;D;11;201712;0;;1.4843;3.0981;0.2149;Amarela;2;0
5;MT;81284;D;19;201716;0;;1.3516;2.268;0.2088;Amarela;2;1
5;MT;81284;D;19;201712;0;;1.3516;2.268;0.2088;Amarela;2;0
23;MA;81285;B;15;201708;0;;1.27478;2.02782;0.22489;Amarela;1;1
23;MT;81286;C;5;201716;0;;1.5541;3.1251;0.2473;Amarela;2;1
23;MT;81286;C;5;201712;0;;1.5541;3.1251;0.2473;Amarela;2;0
4;MT;81288;B;24;201732;0;;1.1707;0.8464;0.1175;Amarela;2;0
26;MT;81288;B;24;201724;0;;1.1707;0.8464;0.1175;Amarela;2;0
15;MT;81290;B;18;201724;0;;1.239;1.6772;0.3162;Amarela;2;0
17;MT;81290;B;18;201732;0;;1.239;1.6772;0.3162;Amarela;2;0
1;MT;81296;B;27;201732;0;;1.9206;1.8673;0.1842;Amarela;2;0
29;MT;81296;B;27;201724;0;;1.9206;1.8673;0.1842;Amarela;2;0
23;MA;81303;B;23;201704;0;;0.646;2.7532;0.1934;Amarela;1;0
22;MT;81304;D;16;201716;0;;1.9275;1.6506;0.0963;Amarela;2;1
22;MT;81304;D;16;201712;0;;1.9275;1.6506;0.0963;Amarela;2;0
25;MT;81311;A;20;201716;0;;1.5399;3.2971;0.2267;Amarela;2;1
25;MT;81311;A;20;201712;0;;1.5399;3.2971;0.2267;Amarela;2;0
30;MA;81312;C;14;201708;0;;0.9555;1.92;0.1994;Amarela;1;1
30;MA;81312;C;14;201704;0;;0.9555;1.92;0.1994;Amarela;1;0
23;MA;81316;A;6;201720;0;;1.2171;1.4713;0.1586;Amarela;1;0
20;MA;81316;A;6;201728;0;;1.2171;1.4713;0.1586;Amarela;1;0
1;MT;81317;C;8;201712;0;;1.9236;2.1144;0.1174;Amarela;2;0
1;MT;81317;C;8;201716;0;;1.9236;2.1144;0.1174;Amarela;2;1
20;MA;81322;C;10;201708;0;;0.6949;1.5466;0.2141;Amarela;1;1
20;MA;81322;C;10;201704;0;;0.6949;1.5466;0.2141;Amarela;1;0
