CO_POSICAO,SG_AREA,CO_ITEM,TX_GABARITO,CO_HABILIDADE,CO_PROVA,IN_ITEM_ABAN,TX_MOTIVO_ABAN,NU_PARAM_A,NU_PARAM_B,NU_PARAM_C,TX_COR,TP_LINGUA,TP_CERTIFICACAO,IN_ITEM_ADAPTADO
31,HG,35063,C,H2,202020,0,,0.86184,-0.55261,0.18578,Azul,,1,0
31,HG,35063,C,H2,202044,0,,0.86184,-0.55261,0.18578,Azul,,1,0
32,HG,35068,B,H3,202044,0,,1.11212,0.2666,0.21313,Azul,,1,0
32,HG,35068,B,H3,202020,0,,1.11212,0.2666,0.21313,Azul,,1,0
16,CI,35069,A,H16,202041,0,,0.81666,0.58782,0.20324,Rosa,,1,0
16,CI,35069,A,H16,202017,0,,0.81666,0.58782,0.20324,Rosa,,1,0
8,CI,35073,B,H8,202017,0,,0.91306,1.60975,0.28608,Rosa,,1,0
8,CI,35073,B,H8,202041,0,,0.91306,1.60975,0.28608,Rosa,,1,0
9,CI,35075,D,H9,202017,0,,0.89564,1.6021,0.27494,Rosa,,1,0
9,CI,35075,D,H9,202041,0,,0.89564,1.6021,0.27494,Rosa,,1,0
12,CI,35079,A,H12,202041,0,,0.55942,-0.38945,0.2515,Rosa,,1,0
12,CI,35079,A,H12,202017,0,,0.55942,-0.38945,0.2515,Rosa,,1,0
37,HG,35084,C,H11,202044,0,,0.93924,1.44775,0.14081,Azul,,1,0
37,HG,35084,C,H11,202020,0,,0.93924,1.44775,0.14081,Azul,,1,0
7,LP,35094,D,H9,202043,0,,1.21858,1.24144,0.1673,Cinza,,1,0
7,LP,35094,D,H9,202019,0,,1.21858,1.24144,0.1673,Cinza,,1,0
31,MA,35099,D,H1,202018,0,,1.15157,3.67716,0.11838,Amarela,,1,0
31,MA,35099,D,H1,202042,0,,1.15157,3.67716,0.11838,Amarela,,1,0
30,LP,35104,C,H11,202019,0,,1.1662,2.0727,0.20486,Cinza,,1,0
30,LP,35104,C,H11,202043,0,,1.1662,2.0727,0.20486,Cinza,,1,0
15,CI,35118,C,H15,202001,0,,1.17047,-0.67562,0.18885,Rosa,,1,0
15,CI,35118,C,H15,202005,0,,1.17047,-0.67562,0.18885,Rosa - Ledor,,1,1
47,HG,35128,C,H16,202008,0,,1.025,3.17452,0.32177,Azul - Ledor,,1,1
47,HG,35128,C,H16,202004,0,,1.025,3.17452,0.32177,Azul,,1,0
19,CI,35137,D,H19,202041,0,,1.12409,-0.8222,0.23687,Rosa,,1,0
19,CI,35137,D,H19,202017,0,,1.12409,-0.8222,0.23687,Rosa,,1,0
2,LP,35151,B,H5,202019,0,,1.38269,1.14943,0.21291,Cinza,1,1,0
2,LP,35151,B,H5,202043,0,,1.38269,1.14943,0.21291,Cinza,1,1,0
27,CI,35169,D,H27,202017,0,,0.82215,0.33668,0.16174,Rosa,,1,0
27,CI,35169,D,H27,202041,0,,0.82215,0.33668,0.16174,Rosa,,1,0
1,CI,35173,D,H1,202017,0,,0.83378,2.71897,0.24532,Rosa,,1,0
1,CI,35173,D,H1,202041,0,,0.83378,2.71897,0.24532,Rosa,,1,0
42,MA,35179,B,H25,202042,0,,1.75561,2.24517,0.14202,Amarela,,1,0
42,MA,35179,B,H25,202018,0,,1.75561,2.24517,0.14202,Amarela,,1,0
56,MA,35182,D,H27,202018,0,,1.29433,2.09547,0.20648,Amarela,,1,0
56,MA,35182,D,H27,202042,0,,1.29433,2.09547,0.20648,Amarela,,1,0
13,LP,35183,C,H23,202043,0,,1.10855,1.66271,0.20906,Cinza,,1,0
13,LP,35183,C,H23,202019,0,,1.10855,1.66271,0.20906,Cinza,,1,0
54,HG,35198,C,H29,202020,0,,1.84107,1.66877,0.23472,Azul,,1,0
54,HG,35198,C,H29,202044,0,,1.84107,1.66877,0.23472,Azul,,1,0
46,HG,35203,B,H19,202044,0,,0.80708,0.41991,0.20881,Azul,,1,0
46,HG,35203,B,H19,202020,0,,0.80708,0.41991,0.20881,Azul,,1,0
19,LP,35206,B,H25,202003,0,,0.92649,0.5756,0.17898,Cinza,,1,0
19,LP,35206,B,H25,202007,0,,0.92649,0.5756,0.17898,Cinza - Ledor,,1,1
1,LP,35213,A,H4,202043,0,,0.67816,0.66838,0.19118,Cinza,0,1,0
1,LP,35213,A,H4,202019,0,,0.67816,0.66838,0.19118,Cinza,0,1,0
44,HG,35226,B,H16,202044,0,,0.68677,0.76321,0.17933,Azul,,1,0
44,HG,35226,B,H16,202020,0,,0.68677,0.76321,0.17933,Azul,,1,0
38,HG,35227,B,H8,202044,0,,2.40589,1.85036,0.15961,Azul,,1,0
38,HG,35227,B,H8,202020,0,,2.40589,1.85036,0.15961,Azul,,1,0
49,HG,35228,C,H26,202044,0,,1.13735,1.32548,0.26521,Azul,,1,0
49,HG,35228,C,H26,202020,0,,1.13735,1.32548,0.26521,Azul,,1,0
23,CI,35229,C,H7,202041,0,,0.65686,1.62727,0.32009,Rosa,,1,0
23,CI,35229,C,H7,202017,0,,0.65686,1.62727,0.32009,Rosa,,1,0
36,HG,35231,D,H10,202044,0,,1.31167,0.38934,0.26179,Azul,,1,0
36,HG,35231,D,H10,202020,0,,1.31167,0.38934,0.26179,Azul,,1,0
58,HG,35244,A,H16,202020,0,,0.97202,0.95613,0.22642,Azul,,1,0
58,HG,35244,A,H16,202044,0,,0.97202,0.95613,0.22642,Azul,,1,0
45,HG,35245,D,H17,202020,0,,1.48951,1.09908,0.22138,Azul,,1,0
45,HG,35245,D,H17,202044,0,,1.48951,1.09908,0.22138,Azul,,1,0
17,CI,35253,C,H17,202005,0,,0.54255,0.58024,0.21907,Rosa - Ledor,,1,1
17,CI,35253,C,H17,202001,0,,0.54255,0.58024,0.21907,Rosa,,1,0
48,HG,35276,C,H22,202044,0,,0.87524,0.78682,0.15797,Azul,,1,0
48,HG,35276,C,H22,202020,0,,0.87524,0.78682,0.15797,Azul,,1,0
43,HG,35277,A,H15,202020,0,,0.89286,1.92992,0.20671,Azul,,1,0
43,HG,35277,A,H15,202044,0,,0.89286,1.92992,0.20671,Azul,,1,0
52,HG,35283,C,H27,202020,0,,0.69018,1.26442,0.2836,Azul,,1,0
52,HG,35283,C,H27,202044,0,,0.69018,1.26442,0.2836,Azul,,1,0
59,HG,35285,C,H17,202020,0,,1.45793,1.52079,0.21264,Azul,,1,0
59,HG,35285,C,H17,202044,0,,1.45793,1.52079,0.21264,Azul,,1,0
2,CN,35309,A,H3,202021,0,,0.77596,1.03098,0.20352,Rosa,,2,0
2,CN,35309,A,H3,202045,0,,0.77596,1.03098,0.20352,Rosa,,2,0
4,CN,35311,C,H5,202045,0,,1.30294,0.78248,0.17716,Rosa,,2,0
4,CN,35311,C,H5,202021,0,,1.30294,0.78248,0.17716,Rosa,,2,0
10,CN,35316,D,H10,202013,0,,0.72936,0.8028,0.16825,Rosa - Ledor,,2,1
10,CN,35316,D,H10,202009,0,,0.72936,0.8028,0.16825,Rosa,,2,0
9,CN,35317,A,H11,202021,0,,1.09708,1.07174,0.23152,Rosa,,2,0
9,CN,35317,A,H11,202045,0,,1.09708,1.07174,0.23152,Rosa,,2,0
48,MT,35323,D,H5,202046,0,,0.71558,2.26197,0.1858,Amarela,,2,0
48,MT,35323,D,H5,202022,0,,0.71558,2.26197,0.1858,Amarela,,2,0
59,MT,35330,B,H12,202022,0,,1.4985,2.8429,0.247,Amarela,,2,0
59,MT,35330,B,H12,202046,0,,1.4985,2.8429,0.247,Amarela,,2,0
11,CN,35335,A,H14,202045,0,,0.97691,1.15115,0.28175,Rosa,,2,0
11,CN,35335,A,H14,202021,0,,0.97691,1.15115,0.28175,Rosa,,2,0
17,CN,35339,A,H17,202013,0,,0.49351,2.00662,0.22569,Rosa - Ledor,,2,1
17,CN,35339,A,H17,202009,0,,0.49351,2.00662,0.22569,Rosa,,2,0
16,CN,35342,C,H20,202045,0,,0.92719,1.98143,0.31418,Rosa,,2,0
16,CN,35342,C,H20,202021,0,,0.92719,1.98143,0.31418,Rosa,,2,0
19,CN,35346,C,H24,202021,0,,1.60153,1.1664,0.21291,Rosa,,2,0
19,CN,35346,C,H24,202045,0,,1.60153,1.1664,0.21291,Rosa,,2,0
38,MT,35350,C,H16,202014,0,,1.70913,0.69221,0.15387,Amarela - Ledor,,2,1
38,MT,35350,C,H16,202010,0,,1.70913,0.69221,0.15387,Amarela,,2,0
30,CN,35371,C,H30,202009,0,,0.76497,0.69392,0.20462,Rosa,,2,0
30,CN,35371,C,H30,202013,0,,0.76497,0.69392,0.20462,Rosa - Ledor,,2,1
21,CN,35373,C,H28,202021,0,,0.85562,0.83334,0.21723,Rosa,,2,0
21,CN,35373,C,H28,202045,0,,0.85562,0.83334,0.21723,Rosa,,2,0
3,CN,35380,D,H4,202045,0,,1.23396,1.97164,0.27273,Rosa,,2,0
3,CN,35380,D,H4,202021,0,,1.23396,1.97164,0.27273,Rosa,,2,0
29,CN,35382,C,H20,202021,0,,1.06196,1.85677,0.21416,Rosa,,2,0
29,CN,35382,C,H20,202045,0,,1.06196,1.85677,0.21416,Rosa,,2,0
57,MT,35385,B,H26,202046,0,,0.72551,3.13112,0.31804,Amarela,,2,0
57,MT,35385,B,H26,202022,0,,0.72551,3.13112,0.31804,Amarela,,2,0
34,MT,35390,D,H30,202014,0,,1.67539,2.14985,0.12545,Amarela - Ledor,,2,1
31,MT,35391,C,H1,202046,0,,1.12864,0.59172,0.3024,Amarela,,2,0
31,MT,35391,C,H1,202022,0,,1.12864,0.59172,0.3024,Amarela,,2,0
40,MT,35392,C,H2,202014,0,,1.66076,0.9807,0.14945,Amarela - Ledor,,2,1
40,MT,35392,C,H2,202010,0,,1.66076,0.9807,0.14945,Amarela,,2,0
53,MT,35394,B,H4,202046,0,,1.78228,3.23802,0.19928,Amarela,,2,0
53,MT,35394,B,H4,202022,0,,1.78228,3.23802,0.19928,Amarela,,2,0
8,CN,35401,C,H10,202021,0,,0.86218,0.84215,0.19192,Rosa,,2,0
8,CN,35401,C,H10,202045,0,,0.86218,0.84215,0.19192,Rosa,,2,0
14,CN,35407,B,H17,202021,0,,0.85242,1.87216,0.18898,Rosa,,2,0
14,CN,35407,B,H17,202045,0,,0.85242,1.87216,0.18898,Rosa,,2,0
36,MT,35417,A,H13,202022,0,,0.87804,2.91105,0.16374,Amarela,,2,0
36,MT,35417,A,H13,202046,0,,0.87804,2.91105,0.16374,Amarela,,2,0
40,MT,35418,C,H14,202022,0,,1.08746,3.89238,0.22699,Amarela,,2,0
40,MT,35418,C,H14,202046,0,,1.08746,3.89238,0.22699,Amarela,,2,0
17,CN,35426,C,H22,202045,0,,1.18468,1.9582,0.19164,Rosa,,2,0
17,CN,35426,C,H22,202021,0,,1.18468,1.9582,0.19164,Rosa,,2,0
18,CN,35427,D,H23,202021,0,,1.0795,1.63719,0.17741,Rosa,,2,0
18,CN,35427,D,H23,202045,0,,1.0795,1.63719,0.17741,Rosa,,2,0
28,CN,35432,C,H28,202013,0,,1.2242,1.25144,0.15445,Rosa - Ledor,,2,1
28,CN,35432,C,H28,202009,0,,1.2242,1.25144,0.15445,Rosa,,2,0
22,CI,35451,D,H22,202017,0,,0.63238,1.44934,0.18246,Rosa,,1,0
22,CI,35451,D,H22,202041,0,,0.63238,1.44934,0.18246,Rosa,,1,0
26,CI,35455,C,H26,202041,0,,0.80474,2.20157,0.25464,Rosa,,1,0
26,CI,35455,C,H26,202017,0,,0.80474,2.20157,0.25464,Rosa,,1,0
42,HG,35475,A,H15,202020,0,,0.64951,-0.31358,0.22095,Azul,,1,0
42,HG,35475,A,H15,202044,0,,0.64951,-0.31358,0.22095,Azul,,1,0
52,MA,35476,B,H26,202018,0,,1.55546,2.19623,0.28494,Amarela,,1,0
52,MA,35476,B,H26,202042,0,,1.55546,2.19623,0.28494,Amarela,,1,0
36,MA,35482,B,H28,202002,0,,0.97439,2.79437,0.21933,Amarela,,1,0
36,MA,35482,B,H28,202006,0,,0.97439,2.79437,0.21933,Amarela - Ledor,,1,1
32,CH,35515,C,H2,202016,0,,1.07458,1.8232,0.18359,Azul - Ledor,,2,1
32,CH,35515,C,H2,202012,0,,1.07458,1.8232,0.18359,Azul,,2,0
34,CH,35521,D,H4,202048,0,,0.81401,2.03798,0.1847,Azul,,2,0
34,CH,35521,D,H4,202024,0,,0.81401,2.03798,0.1847,Azul,,2,0
34,CH,35523,D,H5,202016,0,,1.00178,0.41208,0.26663,Azul - Ledor,,2,1
34,CH,35523,D,H5,202012,0,,1.00178,0.41208,0.26663,Azul,,2,0
38,CH,35531,C,H8,202024,0,,1.30837,2.82588,0.29763,Azul,,2,0
38,CH,35531,C,H8,202048,0,,1.30837,2.82588,0.29763,Azul,,2,0
24,CI,35563,D,H24,202017,0,,0.766,-0.82651,0.2093,Rosa,,1,0
24,CI,35563,D,H24,202041,0,,0.766,-0.82651,0.2093,Rosa,,1,0
4,CI,35628,B,H4,202041,0,,1.06876,-0.11226,0.1369,Rosa,,1,0
4,CI,35628,B,H4,202017,0,,1.06876,-0.11226,0.1369,Rosa,,1,0
21,LC,35700,A,H23,202023,0,,1.05512,0.78854,0.21077,Branco,,2,0
21,LC,35700,A,H23,202047,0,,1.05512,0.78854,0.21077,Branco,,2,0
11,LC,35709,A,H11,202023,0,,1.22025,0.51041,0.20817,Branco,,2,0
11,LC,35709,A,H11,202047,0,,1.22025,0.51041,0.20817,Branco,,2,0
53,CH,35780,A,H23,202048,0,,0.87902,0.76159,0.16394,Azul,,2,0
53,CH,35780,A,H23,202024,0,,0.87902,0.76159,0.16394,Azul,,2,0
8,LC,35856,C,H17,202023,0,,1.81777,2.49201,0.16474,Branco,,2,0
8,LC,35856,C,H17,202047,0,,1.81777,2.49201,0.16474,Branco,,2,0
24,LC,35858,A,H1,202015,0,,1.03051,0.64365,0.23458,Branco - Ledor,,2,1
24,LC,35858,A,H1,202011,0,,1.03051,0.64365,0.23458,Branco,,2,0
25,LC,35860,D,H19,202011,0,,0.72625,3.20655,0.5,Branco,,2,0
25,LC,35860,D,H19,202015,0,,0.72625,3.20655,0.5,Branco - Ledor,,2,1
27,LC,35869,A,H23,202015,0,,0.31433,-0.2344,0.02624,Branco - Ledor,,2,1
27,LC,35869,A,H23,202011,0,,0.31433,-0.2344,0.02624,Branco,,2,0
24,LC,35872,D,H24,202023,0,,1.16851,1.39086,0.31138,Branco,,2,0
24,LC,35872,D,H24,202047,0,,1.16851,1.39086,0.31138,Branco,,2,0
35,CH,35900,D,H5,202048,0,,0.82324,1.41464,0.20136,Azul,,2,0
35,CH,35900,D,H5,202024,0,,0.82324,1.41464,0.20136,Azul,,2,0
25,LC,35958,D,H25,202023,0,,0.84977,1.4572,0.15787,Branco,,2,0
25,LC,35958,D,H25,202047,0,,0.84977,1.4572,0.15787,Branco,,2,0
23,LC,35961,D,H27,202015,0,,1.8796,1.81573,0.19066,Branco - Ledor,,2,1
23,LC,35961,D,H27,202011,0,,1.8796,1.81573,0.19066,Branco,,2,0
51,CH,35967,D,H21,202024,0,,1.31045,0.91602,0.19391,Azul,,2,0
51,CH,35967,D,H21,202048,0,,1.31045,0.91602,0.19391,Azul,,2,0
28,LC,35968,A,H30,202023,0,,2.85905,1.49077,0.24229,Branco,,2,0
28,LC,35968,A,H30,202047,0,,2.85905,1.49077,0.24229,Branco,,2,0
52,CH,35969,A,H22,202048,0,,1.02306,0.98588,0.15858,Azul,,2,0
52,CH,35969,A,H22,202024,0,,1.02306,0.98588,0.15858,Azul,,2,0
40,CH,36023,D,H10,202024,0,,0.75018,0.87949,0.1975,Azul,,2,0
40,CH,36023,D,H10,202048,0,,0.75018,0.87949,0.1975,Azul,,2,0
41,CH,36024,D,H11,202012,0,,0.88039,1.22976,0.14793,Azul,,2,0
41,CH,36024,D,H11,202016,0,,0.88039,1.22976,0.14793,Azul - Ledor,,2,1
42,CH,36025,C,H12,202024,0,,0.90281,1.04922,0.27319,Azul,,2,0
42,CH,36025,C,H12,202048,0,,0.90281,1.04922,0.27319,Azul,,2,0
46,CH,36028,A,H14,202048,0,,1.3889,0.50411,0.26533,Azul,,2,0
46,CH,36028,A,H14,202024,0,,1.3889,0.50411,0.26533,Azul,,2,0
45,CH,36030,D,H16,202024,0,,0.98711,1.88959,0.26644,Azul,,2,0
45,CH,36030,D,H16,202048,0,,0.98711,1.88959,0.26644,Azul,,2,0
30,LC,36039,C,H13,202023,0,,1.38044,2.02166,0.23333,Branco,,2,0
30,LC,36039,C,H13,202047,0,,1.38044,2.02166,0.23333,Branco,,2,0
29,LC,36041,C,H14,202047,0,,1.25694,0.32608,0.19215,Branco,,2,0
29,LC,36041,C,H14,202023,0,,1.25694,0.32608,0.19215,Branco,,2,0
29,CN,38506,D,H29,202009,0,,1.56943,2.68987,0.16617,Rosa,,2,0
29,CN,38506,D,H29,202013,0,,1.56943,2.68987,0.16617,Rosa - Ledor,,2,1
60,MT,39640,A,H10,202046,0,,0.73572,2.19481,0.20771,Amarela,,2,0
60,MT,39640,A,H10,202022,0,,0.73572,2.19481,0.20771,Amarela,,2,0
18,CI,39657,D,H18,202017,0,,1.16549,1.91223,0.26588,Rosa,,1,0
18,CI,39657,D,H18,202041,0,,1.16549,1.91223,0.26588,Rosa,,1,0
43,MT,40026,C,H20,202046,0,,1.70856,1.65592,0.23422,Amarela,,2,0
43,MT,40026,C,H20,202022,0,,1.70856,1.65592,0.23422,Amarela,,2,0
48,MA,41444,B,H30,202042,0,,1.1539,2.19221,0.23838,Amarela,,1,0
48,MA,41444,B,H30,202018,0,,1.1539,2.19221,0.23838,Amarela,,1,0
41,HG,41464,C,H14,202044,0,,0.78256,0.50759,0.02485,Azul,,1,0
41,HG,41464,C,H14,202020,0,,0.78256,0.50759,0.02485,Azul,,1,0
3,LP,41480,D,H6,202043,0,,1.65183,1.84825,0.1714,Cinza,1,1,0
3,LP,41480,D,H6,202019,0,,1.65183,1.84825,0.1714,Cinza,1,1,0
47,HG,41504,A,H21,202044,0,,1.1265,1.44609,0.14301,Azul,,1,0
47,HG,41504,A,H21,202020,0,,1.1265,1.44609,0.14301,Azul,,1,0
9,LC,41523,A,H11,202047,0,,1.44913,0.63842,0.15493,Branco,,2,0
9,LC,41523,A,H11,202023,0,,1.44913,0.63842,0.15493,Branco,,2,0
15,LC,41583,B,H18,202023,0,,1.18378,1.93284,0.0941,Branco,,2,0
15,LC,41583,B,H18,202047,0,,1.18378,1.93284,0.0941,Branco,,2,0
55,HG,41589,D,H25,202008,0,,0.59019,0.57028,0.05686,Azul - Ledor,,1,1
55,HG,41589,D,H25,202004,0,,0.59019,0.57028,0.05686,Azul,,1,0
1,CN,41592,B,H2,202045,0,,0.94598,2.22947,0.20834,Rosa,,2,0
1,CN,41592,B,H2,202021,0,,0.94598,2.22947,0.20834,Rosa,,2,0
50,CH,41599,A,H20,202048,0,,1.49461,1.73627,0.16596,Azul,,2,0
50,CH,41599,A,H20,202024,0,,1.49461,1.73627,0.16596,Azul,,2,0
55,MT,41605,C,H15,202022,0,,1.49923,2.50994,0.26595,Amarela,,2,0
55,MT,41605,C,H15,202046,0,,1.49923,2.50994,0.26595,Amarela,,2,0
41,CH,56394,D,H11,202048,0,,1.47758,1.31916,0.17935,Azul,,2,0
41,CH,56394,D,H11,202024,0,,1.47758,1.31916,0.17935,Azul,,2,0
37,CH,56401,C,H7,202016,0,,0.32616,1.31766,0.23781,Azul - Ledor,,2,1
37,CH,56401,C,H7,202012,0,,0.32616,1.31766,0.23781,Azul,,2,0
35,HG,56464,D,H7,202020,0,,0.58022,0.20516,0.09682,Azul,,1,0
35,HG,56464,D,H7,202044,0,,0.58022,0.20516,0.09682,Azul,,1,0
56,HG,56467,D,H23,202044,0,,1.02125,-0.36867,0.04178,Azul,,1,0
56,HG,56467,D,H23,202020,0,,1.02125,-0.36867,0.04178,Azul,,1,0
47,CH,56468,C,H17,202024,0,,0.91963,0.49579,0.22202,Azul,,2,0
47,CH,56468,C,H17,202048,0,,0.91963,0.49579,0.22202,Azul,,2,0
29,CI,56529,B,H29,202041,0,,0.52025,1.91679,0.22976,Rosa,,1,0
29,CI,56529,B,H29,202017,0,,0.52025,1.91679,0.22976,Rosa,,1,0
57,CH,56540,C,H27,202024,0,,0.4799,0.71241,0.19551,Azul,,2,0
57,CH,56540,C,H27,202048,0,,0.4799,0.71241,0.19551,Azul,,2,0
53,HG,56567,B,H28,202044,0,,1.49128,2.14081,0.22508,Azul,,1,0
53,HG,56567,B,H28,202020,0,,1.49128,2.14081,0.22508,Azul,,1,0
34,HG,56569,B,H6,202044,0,,1.53936,2.44476,0.19967,Azul,,1,0
34,HG,56569,B,H6,202020,0,,1.53936,2.44476,0.19967,Azul,,1,0
15,CI,56587,C,H15,202041,0,,0.78414,1.08092,0.22861,Rosa,,1,0
15,CI,56587,C,H15,202017,0,,0.78414,1.08092,0.22861,Rosa,,1,0
44,CH,56605,D,H15,202048,0,,1.97309,2.49251,0.26536,Azul,,2,0
44,CH,56605,D,H15,202024,0,,1.97309,2.49251,0.26536,Azul,,2,0
37,HG,56638,A,H7,202008,0,,0.27332,0.43987,0.17,Azul - Ledor,,1,1
37,HG,56638,A,H7,202004,0,,0.27332,0.43987,0.17,Azul,,1,0
36,CH,56643,A,H6,202012,0,,0.56917,0.7506,0.23752,Azul,,2,0
36,CH,56643,A,H6,202016,0,,0.56917,0.7506,0.23752,Azul - Ledor,,2,1
12,CN,56660,D,H15,202045,0,,1.09222,0.38728,0.1942,Rosa,,2,0
12,CN,56660,D,H15,202021,0,,1.09222,0.38728,0.1942,Rosa,,2,0
20,CN,56700,A,H20,202013,0,,0.82683,0.65031,0.05744,Rosa - Ledor,,2,1
20,CN,56700,A,H20,202009,0,,0.82683,0.65031,0.05744,Rosa,,2,0
39,HG,56713,A,H12,202044,0,,1.36882,2.36151,0.243,Azul,,1,0
39,HG,56713,A,H12,202020,0,,1.36882,2.36151,0.243,Azul,,1,0
14,CI,56722,B,H4,202041,0,,1.20455,1.52649,0.23033,Rosa,,1,0
14,CI,56722,B,H4,202017,0,,1.20455,1.52649,0.23033,Rosa,,1,0
36,HG,56752,D,H6,202004,0,,0.65788,0.69731,0.11226,Azul,,1,0
36,HG,56752,D,H6,202008,0,,0.65788,0.69731,0.11226,Azul - Ledor,,1,1
55,HG,56766,A,H5,202044,0,,1.17757,0.51645,0.10378,Azul,,1,0
55,HG,56766,A,H5,202020,0,,1.17757,0.51645,0.10378,Azul,,1,0
13,CN,56840,A,H16,202021,0,,0.74234,0.76084,0.21346,Rosa,,2,0
13,CN,56840,A,H16,202045,0,,0.74234,0.76084,0.21346,Rosa,,2,0
16,LC,56847,D,H19,202047,0,,0.87044,1.01734,0.22206,Branco,,2,0
16,LC,56847,D,H19,202023,0,,0.87044,1.01734,0.22206,Branco,,2,0
16,LP,56884,A,H2,202043,0,,0.78581,0.23114,0.24298,Cinza,,1,0
16,LP,56884,A,H2,202019,0,,0.78581,0.23114,0.24298,Cinza,,1,0
14,LP,56885,C,H1,202019,0,,1.16919,0.55887,0.16111,Cinza,,1,0
14,LP,56885,C,H1,202043,0,,1.16919,0.55887,0.16111,Cinza,,1,0
22,LC,56909,D,H23,202047,0,,0.77656,1.79905,0.21843,Branco,,2,0
22,LC,56909,D,H23,202023,0,,0.77656,1.79905,0.21843,Branco,,2,0
14,CI,56910,A,H14,202001,0,,0.4552,1.0937,0.09969,Rosa,,1,0
14,CI,56910,A,H14,202005,0,,0.4552,1.0937,0.09969,Rosa - Ledor,,1,1
5,LP,56913,D,H8,202043,0,,0.79932,1.21793,0.18008,Cinza,,1,0
5,LP,56913,D,H8,202019,0,,0.79932,1.21793,0.18008,Cinza,,1,0
6,LP,56914,B,H8,202043,0,,0.9574,2.58035,0.23122,Cinza,,1,0
6,LP,56914,B,H8,202019,0,,0.9574,2.58035,0.23122,Cinza,,1,0
6,LP,56928,C,H12,202003,0,,0.38175,1.21773,0.29627,Cinza,,1,0
6,LP,56928,C,H12,202007,0,,0.38175,1.21773,0.29627,Cinza - Ledor,,1,1
6,LC,56995,A,H16,202047,0,,0.46374,2.49309,0.33518,Branco,,2,0
6,LC,56995,A,H16,202023,0,,0.46374,2.49309,0.33518,Branco,,2,0
30,CN,57007,B,H27,202045,0,,0.70895,1.32858,0.1936,Rosa,,2,0
30,CN,57007,B,H27,202021,0,,0.70895,1.32858,0.1936,Rosa,,2,0
7,CN,57012,A,H30,202013,0,,1.31323,1.05761,0.16502,Rosa - Ledor,,2,1
48,CH,57013,D,H18,202024,0,,0.66096,0.6749,0.16608,Azul,,2,0
48,CH,57013,D,H18,202048,0,,0.66096,0.6749,0.16608,Azul,,2,0
8,LP,57035,C,H12,202043,0,,0.62844,0.4693,0.19019,Cinza,,1,0
8,LP,57035,C,H12,202019,0,,0.62844,0.4693,0.19019,Cinza,,1,0
7,CI,57045,D,H7,202041,0,,1.44779,1.83159,0.12962,Rosa,,1,0
7,CI,57045,D,H7,202017,0,,1.44779,1.83159,0.12962,Rosa,,1,0
17,LP,57121,A,H17,202007,0,,0.67349,0.50887,0.22212,Cinza - Ledor,,1,1
17,LP,57121,A,H17,202003,0,,0.67349,0.50887,0.22212,Cinza,,1,0
6,CI,57122,A,H6,202017,0,,1.09989,1.93325,0.24022,Rosa,,1,0
6,CI,57122,A,H6,202041,0,,1.09989,1.93325,0.24022,Rosa,,1,0
6,CN,57150,D,H8,202021,0,,0.54707,0.34361,0.19772,Rosa,,2,0
6,CN,57150,D,H8,202045,0,,0.54707,0.34361,0.19772,Rosa,,2,0
47,MA,57169,B,H29,202018,0,,1.80289,1.50047,0.23689,Amarela,,1,0
47,MA,57169,B,H29,202042,0,,1.80289,1.50047,0.23689,Amarela,,1,0
28,LP,57176,B,H29,202019,0,,0.56245,1.3054,0.20842,Cinza,,1,0
28,LP,57176,B,H29,202043,0,,0.56245,1.3054,0.20842,Cinza,,1,0
15,LP,57177,B,H19,202007,0,,0.80161,2.94992,0.17426,Cinza - Ledor,,1,1
15,LP,57177,B,H19,202003,0,,0.80161,2.94992,0.17426,Cinza,,1,0
35,CH,57187,D,H4,202016,0,,1.06454,1.08776,0.13528,Azul - Ledor,,2,1
35,CH,57187,D,H4,202012,0,,1.06454,1.08776,0.13528,Azul,,2,0
60,HG,57208,C,H6,202044,0,,1.57999,2.33257,0.14787,Azul,,1,0
60,HG,57208,C,H6,202020,0,,1.57999,2.33257,0.14787,Azul,,1,0
20,CI,57235,C,H20,202017,0,,0.80659,2.63071,0.2197,Rosa,,1,0
20,CI,57235,C,H20,202041,0,,0.80659,2.63071,0.2197,Rosa,,1,0
26,LP,57249,C,H27,202043,0,,1.03681,1.65353,0.19474,Cinza,,1,0
26,LP,57249,C,H27,202019,0,,1.03681,1.65353,0.19474,Cinza,,1,0
2,CN,57264,B,H2,202009,0,,0.7183,-0.44997,0.19637,Rosa,,2,0
2,CN,57264,B,H2,202013,0,,0.7183,-0.44997,0.19637,Rosa - Ledor,,2,1
37,MA,57284,C,H6,202006,0,,1.45457,1.07294,0.18036,Amarela - Ledor,,1,1
37,MA,57284,C,H6,202002,0,,1.45457,1.07294,0.18036,Amarela,,1,0
32,CH,57317,D,H2,202048,0,,1.07673,0.37526,0.17958,Azul,,2,0
32,CH,57317,D,H2,202024,0,,1.07673,0.37526,0.17958,Azul,,2,0
39,MT,57330,C,H27,202022,0,,2.23285,1.86165,0.26888,Amarela,,2,0
39,MT,57330,C,H27,202046,0,,2.23285,1.86165,0.26888,Amarela,,2,0
12,LP,57354,B,H15,202043,0,,1.22947,1.89049,0.2042,Cinza,,1,0
12,LP,57354,B,H15,202019,0,,1.22947,1.89049,0.2042,Cinza,,1,0
33,HG,57369,C,H3,202008,0,,1.35769,1.44834,0.25946,Azul - Ledor,,1,1
33,HG,57369,C,H3,202004,0,,1.35769,1.44834,0.25946,Azul,,1,0
29,LC,57393,A,H29,202015,0,,0.93145,1.10128,0.17057,Branco - Ledor,,2,1
29,LC,57393,A,H29,202011,0,,0.93145,1.10128,0.17057,Branco,,2,0
25,LP,57446,B,H26,202043,0,,1.37194,1.38716,0.2078,Cinza,,1,0
25,LP,57446,B,H26,202019,0,,1.37194,1.38716,0.2078,Cinza,,1,0
5,LC,57524,C,H13,202023,0,,1.21182,1.27175,0.27569,Branco,,2,0
5,LC,57524,C,H13,202047,0,,1.21182,1.27175,0.27569,Branco,,2,0
33,MT,57527,B,H16,202022,0,,1.20714,0.6011,0.18581,Amarela,,2,0
33,MT,57527,B,H16,202046,0,,1.20714,0.6011,0.18581,Amarela,,2,0
25,CI,57539,B,H25,202017,0,,0.94879,2.26796,0.27787,Rosa,,1,0
25,CI,57539,B,H25,202041,0,,0.94879,2.26796,0.27787,Rosa,,1,0
56,CH,57549,C,H26,202024,0,,1.7156,1.9123,0.17862,Azul,,2,0
56,CH,57549,C,H26,202048,0,,1.7156,1.9123,0.17862,Azul,,2,0
60,CH,57553,B,H29,202048,0,,0.90808,2.04298,0.35343,Azul,,2,0
60,CH,57553,B,H29,202024,0,,0.90808,2.04298,0.35343,Azul,,2,0
5,CI,57554,D,H5,202017,0,,0.80162,1.7245,0.15444,Rosa,,1,0
5,CI,57554,D,H5,202041,0,,0.80162,1.7245,0.15444,Rosa,,1,0
53,MT,57638,B,H28,202014,0,,1.27495,2.52261,0.14488,Amarela - Ledor,,2,1
20,CN,57662,B,H27,202045,0,,1.1199,0.68045,0.19416,Rosa,,2,0
20,CN,57662,B,H27,202021,0,,1.1199,0.68045,0.19416,Rosa,,2,0
18,LC,57673,C,H21,202047,0,,0.57814,1.80153,0.21122,Branco,,2,0
18,LC,57673,C,H21,202023,0,,0.57814,1.80153,0.21122,Branco,,2,0
55,CH,57680,B,H25,202024,0,,0.77963,1.12502,0.13097,Azul,,2,0
55,CH,57680,B,H25,202048,0,,0.77963,1.12502,0.13097,Azul,,2,0
49,CH,57683,B,H19,202024,0,,1.28412,2.98826,0.22851,Azul,,2,0
49,CH,57683,B,H19,202048,0,,1.28412,2.98826,0.22851,Azul,,2,0
27,LC,57707,B,H28,202023,0,,1.99338,1.64388,0.14264,Branco,,2,0
27,LC,57707,B,H28,202047,0,,1.99338,1.64388,0.14264,Branco,,2,0
19,LP,57721,B,H19,202043,0,,1.01598,0.41165,0.16826,Cinza,,1,0
19,LP,57721,B,H19,202019,0,,1.01598,0.41165,0.16826,Cinza,,1,0
33,CH,57743,D,H3,202048,0,,1.42654,1.24222,0.16121,Azul,,2,0
33,CH,57743,D,H3,202024,0,,1.42654,1.24222,0.16121,Azul,,2,0
39,MA,57747,A,H3,202006,0,,1.48213,0.8583,0.07245,Amarela - Ledor,,1,1
39,MA,57747,A,H3,202002,0,,1.48213,0.8583,0.07245,Amarela,,1,0
36,CH,57753,D,H7,202048,0,,2.02223,2.08845,0.16956,Azul,,2,0
36,CH,57753,D,H7,202024,0,,2.02223,2.08845,0.16956,Azul,,2,0
20,CI,57755,B,H20,202001,0,,0.51727,1.28211,0.21265,Rosa,,1,0
20,CI,57755,B,H20,202005,0,,0.51727,1.28211,0.21265,Rosa - Ledor,,1,1
57,MA,57768,B,H21,202042,0,,2.90128,1.82267,0.10595,Amarela,,1,0
57,MA,57768,B,H21,202018,0,,2.90128,1.82267,0.10595,Amarela,,1,0
9,LP,57771,D,H13,202043,0,,0.80104,-0.1258,0.01318,Cinza,,1,0
9,LP,57771,D,H13,202019,0,,0.80104,-0.1258,0.01318,Cinza,,1,0
5,CI,57780,B,H5,202005,0,,0.50885,0.50119,0.28353,Rosa - Ledor,,1,1
5,CI,57780,B,H5,202001,0,,0.50885,0.50119,0.28353,Rosa,,1,0
44,CH,57810,A,H14,202016,0,,1.38359,2.85375,0.29417,Azul - Ledor,,2,1
44,CH,57810,A,H14,202012,0,,1.38359,2.85375,0.29417,Azul,,2,0
40,HG,57813,B,H13,202044,0,,2.01967,2.93677,0.15614,Azul,,1,0
40,HG,57813,B,H13,202020,0,,2.01967,2.93677,0.15614,Azul,,1,0
33,HG,57820,D,H5,202044,0,,0.55554,1.13388,0.17087,Azul,,1,0
33,HG,57820,D,H5,202020,0,,0.55554,1.13388,0.17087,Azul,,1,0
44,MT,57821,A,H22,202014,0,,1.01761,2.37667,0.06456,Amarela - Ledor,,2,1
44,MT,57821,A,H22,202010,0,,1.01761,2.37667,0.06456,Amarela,,2,0
4,LP,57827,A,H7,202043,0,,1.53268,1.27068,0.19228,Cinza,0,1,0
4,LP,57827,A,H7,202019,0,,1.53268,1.27068,0.19228,Cinza,0,1,0
50,HG,57828,D,H4,202044,0,,0.73436,0.49856,0.05815,Azul,,1,0
50,HG,57828,D,H4,202020,0,,0.73436,0.49856,0.05815,Azul,,1,0
33,MT,57832,A,H10,202014,0,,1.41533,2.04658,0.15088,Amarela - Ledor,,2,1
1,LC,57836,C,H6,202047,0,,1.0334,1.09341,0.2092,Branco,0,2,0
1,LC,57836,C,H6,202023,0,,1.0334,1.09341,0.2092,Branco,0,2,0
41,HG,57837,B,H11,202004,0,,0.95416,1.96358,0.13569,Azul,,1,0
41,HG,57837,B,H11,202008,0,,0.95416,1.96358,0.13569,Azul - Ledor,,1,1
32,MA,57847,A,H3,202042,0,,1.0415,2.94834,0.19398,Amarela,,1,0
32,MA,57847,A,H3,202018,0,,1.0415,2.94834,0.19398,Amarela,,1,0
59,CH,57885,C,H30,202024,0,,1.04652,1.34003,0.23382,Azul,,2,0
59,CH,57885,C,H30,202048,0,,1.04652,1.34003,0.23382,Azul,,2,0
38,MA,57917,A,H25,202042,0,,1.182,2.35344,0.17945,Amarela,,1,0
38,MA,57917,A,H25,202018,0,,1.182,2.35344,0.17945,Amarela,,1,0
22,LP,57947,B,H22,202043,0,,1.9639,1.4314,0.14214,Cinza,,1,0
22,LP,57947,B,H22,202019,0,,1.9639,1.4314,0.14214,Cinza,,1,0
45,MT,57951,B,H25,202022,0,,0.72489,2.7774,0.19296,Amarela,,2,0
45,MT,57951,B,H25,202046,0,,0.72489,2.7774,0.19296,Amarela,,2,0
57,HG,57962,D,H13,202044,0,,0.94582,2.26648,0.18559,Azul,,1,0
57,HG,57962,D,H13,202020,0,,0.94582,2.26648,0.18559,Azul,,1,0
51,HG,57964,B,H26,202044,0,,0.70487,1.39754,0.22786,Azul,,1,0
51,HG,57964,B,H26,202020,0,,0.70487,1.39754,0.22786,Azul,,1,0
40,MA,57986,D,H21,202002,0,,1.60063,2.91857,0.19287,Amarela,,1,0
40,MA,57986,D,H21,202006,0,,1.60063,2.91857,0.19287,Amarela - Ledor,,1,1
59,MA,57997,D,H3,202042,0,,1.92052,1.96841,0.12156,Amarela,,1,0
59,MA,57997,D,H3,202018,0,,1.92052,1.96841,0.12156,Amarela,,1,0
26,CN,58029,D,H14,202021,0,,0.66587,1.21169,0.21135,Rosa,,2,0
26,CN,58029,D,H14,202045,0,,0.66587,1.21169,0.21135,Rosa,,2,0
53,MA,58035,B,H16,202042,0,,1.35983,1.71361,0.26674,Amarela,,1,0
53,MA,58035,B,H16,202018,0,,1.35983,1.71361,0.26674,Amarela,,1,0
15,LP,58040,D,H1,202043,0,,1.45933,0.48475,0.15958,Cinza,,1,0
15,LP,58040,D,H1,202019,0,,1.45933,0.48475,0.15958,Cinza,,1,0
25,CN,58079,D,H7,202021,0,,0.56711,1.29781,0.17117,Rosa,,2,0
25,CN,58079,D,H7,202045,0,,0.56711,1.29781,0.17117,Rosa,,2,0
10,LC,58099,A,H10,202047,0,,1.17244,0.53002,0.18013,Branco,,2,0
10,LC,58099,A,H10,202023,0,,1.17244,0.53002,0.18013,Branco,,2,0
16,LP,58101,A,H28,202007,0,,1.91938,2.42124,0.3104,Cinza - Ledor,,1,1
16,LP,58101,A,H28,202003,0,,1.91938,2.42124,0.3104,Cinza,,1,0
29,LP,58115,D,H30,202043,0,,1.38942,1.85615,0.17477,Cinza,,1,0
29,LP,58115,D,H30,202019,0,,1.38942,1.85615,0.17477,Cinza,,1,0
14,LP,58183,A,H7,202007,0,,1.08693,0.84263,0.27653,Cinza - Ledor,0,1,1
14,LP,58183,A,H7,202003,0,,1.08693,0.84263,0.27653,Cinza,0,1,0
23,LP,58207,A,H24,202043,0,,1.34864,1.24119,0.22469,Cinza,,1,0
23,LP,58207,A,H24,202019,0,,1.34864,1.24119,0.22469,Cinza,,1,0
20,LP,58222,B,H29,202007,0,,1.19663,2.11838,0.11008,Cinza - Ledor,,1,1
20,LP,58222,B,H29,202003,0,,1.19663,2.11838,0.11008,Cinza,,1,0
27,LP,58225,A,H28,202043,0,,1.18246,1.07686,0.19493,Cinza,,1,0
27,LP,58225,A,H28,202019,0,,1.18246,1.07686,0.19493,Cinza,,1,0
3,CI,58280,C,H3,202017,0,,1.21191,2.8703,0.16169,Rosa,,1,0
3,CI,58280,C,H3,202041,0,,1.21191,2.8703,0.16169,Rosa,,1,0
28,CI,58291,A,H28,202001,0,,0.78482,0.47863,0.1842,Rosa,,1,0
28,CI,58291,A,H28,202005,0,,0.78482,0.47863,0.1842,Rosa - Ledor,,1,1
14,LC,58293,B,H18,202047,0,,1.00023,1.10122,0.1959,Branco,,2,0
14,LC,58293,B,H18,202023,0,,1.00023,1.10122,0.1959,Branco,,2,0
4,LC,58297,B,H7,202047,0,,0.70106,-0.66677,0.2023,Branco,1,2,0
4,LC,58297,B,H7,202023,0,,0.70106,-0.66677,0.2023,Branco,1,2,0
24,LP,58339,D,H25,202043,0,,1.45519,1.3075,0.1322,Cinza,,1,0
24,LP,58339,D,H25,202019,0,,1.45519,1.3075,0.1322,Cinza,,1,0
50,MT,58348,A,H28,202022,0,,1.81922,2.80067,0.15663,Amarela,,2,0
50,MT,58348,A,H28,202046,0,,1.81922,2.80067,0.15663,Amarela,,2,0
21,LP,58354,B,H18,202007,0,,1.85212,1.03924,0.24153,Cinza - Ledor,,1,1
21,LP,58354,B,H18,202003,0,,1.85212,1.03924,0.24153,Cinza,,1,0
7,CN,58407,B,H9,202045,0,,0.72952,2.1956,0.23669,Rosa,,2,0
7,CN,58407,B,H9,202021,0,,0.72952,2.1956,0.23669,Rosa,,2,0
50,MA,58426,B,H12,202042,0,,1.22301,2.15782,0.21878,Amarela,,1,0
50,MA,58426,B,H12,202018,0,,1.22301,2.15782,0.21878,Amarela,,1,0
18,CI,58433,C,H18,202001,0,,0.69889,-0.27678,0.23305,Rosa,,1,0
18,CI,58433,C,H18,202005,0,,0.69889,-0.27678,0.23305,Rosa - Ledor,,1,1
37,MA,58438,C,H7,202042,0,,0.58867,1.22965,0.23229,Amarela,,1,0
37,MA,58438,C,H7,202018,0,,0.58867,1.22965,0.23229,Amarela,,1,0
13,CI,58494,B,H4,202017,0,,0.76441,2.51955,0.17068,Rosa,,1,0
13,CI,58494,B,H4,202041,0,,0.76441,2.51955,0.17068,Rosa,,1,0
7,LC,58498,A,H16,202047,0,,1.21006,0.85977,0.20701,Branco,,2,0
7,LC,58498,A,H16,202023,0,,1.21006,0.85977,0.20701,Branco,,2,0
51,MA,58501,D,H15,202042,0,,1.16991,1.86198,0.1679,Amarela,,1,0
51,MA,58501,D,H15,202018,0,,1.16991,1.86198,0.1679,Amarela,,1,0
55,MA,58507,C,H21,202042,0,,1.00894,1.92427,0.28907,Amarela,,1,0
55,MA,58507,C,H21,202018,0,,1.00894,1.92427,0.28907,Amarela,,1,0
57,MA,58542,B,H20,202002,0,,2.17577,2.71045,0.29381,Amarela,,1,0
57,MA,58542,B,H20,202006,0,,2.17577,2.71045,0.29381,Amarela - Ledor,,1,1
17,CI,58561,C,H17,202017,0,,0.99067,0.94954,0.15036,Rosa,,1,0
17,CI,58561,C,H17,202041,0,,0.99067,0.94954,0.15036,Rosa,,1,0
44,MA,58563,A,H28,202042,0,,0.42462,2.24285,0.24327,Amarela,,1,0
44,MA,58563,A,H28,202018,0,,0.42462,2.24285,0.24327,Amarela,,1,0
18,LP,58565,A,H18,202043,0,,0.96962,1.58238,0.23794,Cinza,,1,0
18,LP,58565,A,H18,202019,0,,0.96962,1.58238,0.23794,Cinza,,1,0
40,MA,58572,C,H2,202042,0,,2.03337,2.3342,0.21639,Amarela,,1,0
40,MA,58572,C,H2,202018,0,,2.03337,2.3342,0.21639,Amarela,,1,0
17,LP,58596,B,H3,202043,0,,0.6866,1.25234,0.18905,Cinza,,1,0
17,LP,58596,B,H3,202019,0,,0.6866,1.25234,0.18905,Cinza,,1,0
10,LP,58614,B,H11,202043,0,,0.57522,0.64311,0.27768,Cinza,,1,0
10,LP,58614,B,H11,202019,0,,0.57522,0.64311,0.27768,Cinza,,1,0
5,CN,58617,B,H5,202013,0,,3.5783,2.91366,0.19906,Rosa - Ledor,,2,1
5,CN,58617,B,H5,202009,0,,3.5783,2.91366,0.19906,Rosa,,2,0
35,MA,58629,B,H17,202042,0,,1.24465,1.08096,0.14428,Amarela,,1,0
35,MA,58629,B,H17,202018,0,,1.24465,1.08096,0.14428,Amarela,,1,0
24,CN,58642,A,H3,202045,0,,2.42792,2.42913,0.0918,Rosa,,2,0
24,CN,58642,A,H3,202021,0,,2.42792,2.42913,0.0918,Rosa,,2,0
21,CI,58653,D,H21,202017,0,,0.77703,2.59882,0.2116,Rosa,,1,0
21,CI,58653,D,H21,202041,0,,0.77703,2.59882,0.2116,Rosa,,1,0
12,LC,58659,B,H3,202047,0,,0.83546,2.02517,0.24417,Branco,,2,0
12,LC,58659,B,H3,202023,0,,0.83546,2.02517,0.24417,Branco,,2,0
30,CI,58664,A,H30,202017,0,,0.90082,2.06225,0.25806,Rosa,,1,0
30,CI,58664,A,H30,202041,0,,0.90082,2.06225,0.25806,Rosa,,1,0
6,CN,58670,D,H6,202009,0,,0.98747,0.10444,0.06045,Rosa,,2,0
6,CN,58670,D,H6,202013,0,,0.98747,0.10444,0.06045,Rosa - Ledor,,2,1
26,LC,58682,A,H26,202047,0,,1.50353,1.03576,0.16649,Branco,,2,0
26,LC,58682,A,H26,202023,0,,1.50353,1.03576,0.16649,Branco,,2,0
46,MA,58690,D,H11,202042,0,,0.7164,2.20513,0.30131,Amarela,,1,0
46,MA,58690,D,H11,202018,0,,0.7164,2.20513,0.30131,Amarela,,1,0
16,CN,58711,B,H16,202013,0,,8.05917,2.76127,0.12194,Rosa - Ledor,,2,1
16,CN,58711,B,H16,202009,0,,8.05917,2.76127,0.12194,Rosa,,2,0
15,CN,58713,C,H18,202045,0,,0.99117,1.23082,0.15925,Rosa,,2,0
15,CN,58713,C,H18,202021,0,,0.99117,1.23082,0.15925,Rosa,,2,0
13,LC,58721,A,H4,202047,0,,0.89467,2.28091,0.25639,Branco,,2,0
13,LC,58721,A,H4,202023,0,,0.89467,2.28091,0.25639,Branco,,2,0
41,MA,58735,D,H6,202042,0,,1.52356,1.48216,0.17234,Amarela,,1,0
41,MA,58735,D,H6,202018,0,,1.52356,1.48216,0.17234,Amarela,,1,0
59,MA,58756,C,H2,202002,0,,2.29988,2.26995,0.18005,Amarela,,1,0
59,MA,58756,C,H2,202006,0,,2.29988,2.26995,0.18005,Amarela - Ledor,,1,1
49,MA,58757,C,H2,202042,0,,1.33422,1.65925,0.15139,Amarela,,1,0
49,MA,58757,C,H2,202018,0,,1.33422,1.65925,0.15139,Amarela,,1,0
43,MA,58758,C,H24,202042,0,,0.71684,1.48553,0.22382,Amarela,,1,0
43,MA,58758,C,H24,202018,0,,0.71684,1.48553,0.22382,Amarela,,1,0
23,LC,58763,A,H24,202047,0,,0.94883,0.13533,0.19416,Branco,,2,0
23,LC,58763,A,H24,202023,0,,0.94883,0.13533,0.19416,Branco,,2,0
33,MA,58771,C,H11,202006,0,,0.5803,1.61897,0.15827,Amarela - Ledor,,1,1
17,LC,58775,B,H20,202023,0,,0.92275,1.5247,0.24923,Branco,,2,0
17,LC,58775,B,H20,202047,0,,0.92275,1.5247,0.24923,Branco,,2,0
16,LC,58787,D,H3,202015,0,,0.95946,0.36697,0.00961,Branco - Ledor,,2,1
16,LC,58787,D,H3,202011,0,,0.95946,0.36697,0.00961,Branco,,2,0
20,LP,58806,A,H20,202043,0,,0.77707,1.58859,0.22561,Cinza,,1,0
20,LP,58806,A,H20,202019,0,,0.77707,1.58859,0.22561,Cinza,,1,0
54,MT,58861,D,H22,202046,0,,0.70095,1.90253,0.27453,Amarela,,2,0
54,MT,58861,D,H22,202022,0,,0.70095,1.90253,0.27453,Amarela,,2,0
11,LP,58864,C,H14,202043,0,,1.18296,1.87923,0.25264,Cinza,,1,0
11,LP,58864,C,H14,202019,0,,1.18296,1.87923,0.25264,Cinza,,1,0
58,MA,58879,B,H17,202042,0,,1.43308,1.92443,0.14859,Amarela,,1,0
58,MA,58879,B,H17,202018,0,,1.43308,1.92443,0.14859,Amarela,,1,0
21,LP,58881,B,H21,202043,0,,1.07035,0.96828,0.17917,Cinza,,1,0
21,LP,58881,B,H21,202019,0,,1.07035,0.96828,0.17917,Cinza,,1,0
2,LC,58895,D,H6,202047,0,,0.94766,1.09625,0.19789,Branco,1,2,0
2,LC,58895,D,H6,202023,0,,0.94766,1.09625,0.19789,Branco,1,2,0
60,MA,58899,A,H13,202042,0,,0.75745,2.0139,0.18791,Amarela,,1,0
60,MA,58899,A,H13,202018,0,,0.75745,2.0139,0.18791,Amarela,,1,0
10,CN,58901,A,H12,202045,0,,1.03993,0.37238,0.15872,Rosa,,2,0
10,CN,58901,A,H12,202021,0,,1.03993,0.37238,0.15872,Rosa,,2,0
27,CN,58931,D,H15,202021,0,,0.68033,1.23059,0.17447,Rosa,,2,0
27,CN,58931,D,H15,202045,0,,0.68033,1.23059,0.17447,Rosa,,2,0
22,CN,58938,A,H29,202021,0,,0.97241,2.10984,0.29015,Rosa,,2,0
22,CN,58938,A,H29,202045,0,,0.97241,2.10984,0.29015,Rosa,,2,0
54,MA,59007,D,H4,202042,0,,1.19516,2.16333,0.17776,Amarela,,1,0
54,MA,59007,D,H4,202018,0,,1.19516,2.16333,0.17776,Amarela,,1,0
52,MT,59072,A,H30,202046,0,,0.69557,1.79996,0.28925,Amarela,,2,0
52,MT,59072,A,H30,202022,0,,0.69557,1.79996,0.28925,Amarela,,2,0
21,CN,59081,A,H21,202013,0,,6.13989,2.31717,0.34206,Rosa - Ledor,,2,1
21,CN,59081,A,H21,202009,0,,6.13989,2.31717,0.34206,Rosa,,2,0
5,CN,59082,D,H7,202045,0,,1.23944,0.95302,0.19247,Rosa,,2,0
5,CN,59082,D,H7,202021,0,,1.23944,0.95302,0.19247,Rosa,,2,0
41,MT,59095,A,H2,202046,0,,1.13395,1.54397,0.27129,Amarela,,2,0
41,MT,59095,A,H2,202022,0,,1.13395,1.54397,0.27129,Amarela,,2,0
10,CI,59101,A,H10,202017,0,,0.63248,1.991,0.33048,Rosa,,1,0
10,CI,59101,A,H10,202041,0,,0.63248,1.991,0.33048,Rosa,,1,0
8,CN,59113,D,H24,202009,0,,1.30552,1.89007,0.13235,Rosa,,2,0
8,CN,59113,D,H24,202013,0,,1.30552,1.89007,0.13235,Rosa - Ledor,,2,1
37,MT,59123,D,H6,202046,0,,0.6379,1.38649,0.15367,Amarela,,2,0
37,MT,59123,D,H6,202022,0,,0.6379,1.38649,0.15367,Amarela,,2,0
58,MT,59136,D,H21,202046,0,,0.78184,2.13084,0.20871,Amarela,,2,0
58,MT,59136,D,H21,202022,0,,0.78184,2.13084,0.20871,Amarela,,2,0
56,MT,59154,C,H7,202046,0,,0.54574,2.57944,0.25157,Amarela,,2,0
56,MT,59154,C,H7,202022,0,,0.54574,2.57944,0.25157,Amarela,,2,0
24,CI,59164,B,H24,202001,0,,0.56635,0.92795,0.23805,Rosa,,1,0
24,CI,59164,B,H24,202005,0,,0.56635,0.92795,0.23805,Rosa - Ledor,,1,1
2,CI,59169,A,H2,202005,0,,1.10116,1.15389,0.24391,Rosa - Ledor,,1,1
2,CI,59169,A,H2,202001,0,,1.10116,1.15389,0.24391,Rosa,,1,0
45,MA,59200,D,H8,202042,0,,1.13778,1.51401,0.13585,Amarela,,1,0
45,MA,59200,D,H8,202018,0,,1.13778,1.51401,0.13585,Amarela,,1,0
49,MA,59212,D,H1,202002,0,,0.7431,1.60881,0.19933,Amarela,,1,0
49,MA,59212,D,H1,202006,0,,0.7431,1.60881,0.19933,Amarela - Ledor,,1,1
44,MT,59216,B,H9,202046,0,,1.56282,2.35939,0.24224,Amarela,,2,0
44,MT,59216,B,H9,202022,0,,1.56282,2.35939,0.24224,Amarela,,2,0
2,CI,59298,A,H2,202017,0,,0.78845,-0.92081,0.06632,Rosa,,1,0
2,CI,59298,A,H2,202041,0,,0.78845,-0.92081,0.06632,Rosa,,1,0
11,CI,59301,C,H11,202017,0,,0.77506,1.42072,0.21278,Rosa,,1,0
11,CI,59301,C,H11,202041,0,,0.77506,1.42072,0.21278,Rosa,,1,0
23,CN,59305,D,H30,202045,0,,0.76705,0.87512,0.19006,Rosa,,2,0
23,CN,59305,D,H30,202021,0,,0.76705,0.87512,0.19006,Rosa,,2,0
46,MT,59349,A,H24,202022,0,,1.08236,1.7221,0.15858,Amarela,,2,0
46,MT,59349,A,H24,202046,0,,1.08236,1.7221,0.15858,Amarela,,2,0
31,MA,59361,B,H10,202002,0,,1.08624,-0.63224,0.22283,Amarela,,1,0
31,MA,59361,B,H10,202006,0,,1.08624,-0.63224,0.22283,Amarela - Ledor,,1,1
33,MA,59363,B,H10,202042,0,,1.08622,0.18509,0.17321,Amarela,,1,0
33,MA,59363,B,H10,202018,0,,1.08622,0.18509,0.17321,Amarela,,1,0
36,MA,59375,A,H15,202042,0,,1.41425,2.4181,0.2253,Amarela,,1,0
36,MA,59375,A,H15,202018,0,,1.41425,2.4181,0.2253,Amarela,,1,0
34,MA,59381,D,H19,202042,0,,2.03984,2.47639,0.26616,Amarela,,1,0
34,MA,59381,D,H19,202018,0,,2.03984,2.47639,0.26616,Amarela,,1,0
28,CN,59438,C,H18,202021,0,,0.69098,1.85786,0.17188,Rosa,,2,0
28,CN,59438,C,H18,202045,0,,0.69098,1.85786,0.17188,Rosa,,2,0
28,CI,59447,C,H28,202017,0,,1.08741,1.78027,0.15538,Rosa,,1,0
28,CI,59447,C,H28,202041,0,,1.08741,1.78027,0.15538,Rosa,,1,0
38,MT,59469,D,H11,202046,0,,1.07741,3.52008,0.1113,Amarela,,2,0
38,MT,59469,D,H11,202022,0,,1.07741,3.52008,0.1113,Amarela,,2,0
39,MA,59475,B,H22,202042,0,,0.63192,1.40631,0.22009,Amarela,,1,0
39,MA,59475,B,H22,202018,0,,0.63192,1.40631,0.22009,Amarela,,1,0
54,CH,73595,D,H24,202048,0,,0.92855,1.20733,0.27622,Azul,,2,0
54,CH,73595,D,H24,202024,0,,0.92855,1.20733,0.27622,Azul,,2,0
35,HG,73636,C,H5,202008,0,,0.69865,-0.33533,0.208,Azul - Ledor,,1,1
35,HG,73636,C,H5,202004,0,,0.69865,-0.33533,0.208,Azul,,1,0
48,CH,73954,B,H18,202016,0,,1.74924,1.92227,0.07703,Azul - Ledor,,2,1
48,CH,73954,B,H18,202012,0,,1.74924,1.92227,0.07703,Azul,,2,0
45,CH,73957,A,H15,202012,0,,1.0896,1.0356,0.27697,Azul,,2,0
45,CH,73957,A,H15,202016,0,,1.0896,1.0356,0.27697,Azul - Ledor,,2,1
20,LC,74059,B,H22,202047,0,,1.2482,1.04082,0.23851,Branco,,2,0
20,LC,74059,B,H22,202023,0,,1.2482,1.04082,0.23851,Branco,,2,0
49,CH,74783,B,H19,202016,0,,0.82609,0.38206,0.15916,Azul - Ledor,,2,1
49,CH,74783,B,H19,202012,0,,0.82609,0.38206,0.15916,Azul,,2,0
55,CH,75108,A,H25,202016,0,,2.19775,0.73579,0.259,Azul - Ledor,,2,1
55,CH,75108,A,H25,202012,0,,2.19775,0.73579,0.259,Azul,,2,0
57,HG,75154,C,H27,202008,0,,1.28032,2.70212,0.15886,Azul - Ledor,,1,1
57,HG,75154,C,H27,202004,0,,1.28032,2.70212,0.15886,Azul,,1,0
45,MA,75187,A,H5,202002,0,,0.84199,2.48689,0.5,Amarela,,1,0
45,MA,75187,A,H5,202006,0,,0.84199,2.48689,0.5,Amarela - Ledor,,1,1
26,LC,75554,C,H22,202015,0,,1.04806,0.16803,0.19092,Branco - Ledor,,2,1
26,LC,75554,C,H22,202011,0,,1.04806,0.16803,0.19092,Branco,,2,0
39,CH,75678,D,H9,202048,0,,1.00419,0.91578,0.16957,Azul,,2,0
39,CH,75678,D,H9,202024,0,,1.00419,0.91578,0.16957,Azul,,2,0
43,MA,76309,B,H22,202002,0,,3.69589,1.22453,0.15946,Amarela,,1,0
43,MA,76309,B,H22,202006,0,,3.69589,1.22453,0.15946,Amarela - Ledor,,1,1
18,LP,76423,D,H21,202007,0,,1.07973,2.03217,0.08236,Cinza - Ledor,,1,1
18,LP,76423,D,H21,202003,0,,1.07973,2.03217,0.08236,Cinza,,1,0
5,LC,76547,A,H6,202015,0,,4.57837,2.30731,0.19338,Branco - Ledor,0,2,1
5,LC,76547,A,H6,202011,0,,4.57837,2.30731,0.19338,Branco,0,2,0
3,LC,76661,C,H7,202023,0,,2.61688,1.15777,0.23636,Branco,0,2,0
3,LC,76661,C,H7,202047,0,,2.61688,1.15777,0.23636,Branco,0,2,0
19,LC,76852,B,H22,202047,0,,0.75017,1.07606,0.21881,Branco,,2,0
19,LC,76852,B,H22,202023,0,,0.75017,1.07606,0.21881,Branco,,2,0
51,MT,76989,B,H10,202014,0,,0.51463,1.49974,0.25363,Amarela - Ledor,,2,1
51,MT,76989,B,H10,202010,0,,0.51463,1.49974,0.25363,Amarela,,2,0
42,MT,77040,D,H13,202014,0,,0.74077,1.04811,0.22345,Amarela - Ledor,,2,1
42,MT,77040,D,H13,202010,0,,0.74077,1.04811,0.22345,Amarela,,2,0
37,CH,77565,D,H6,202048,0,,0.87286,-0.2996,0.20127,Azul,,2,0
37,CH,77565,D,H6,202024,0,,0.87286,-0.2996,0.20127,Azul,,2,0
58,CH,77576,B,H1,202048,0,,0.51066,1.29748,0.21207,Azul,,2,0
58,CH,77576,B,H1,202024,0,,0.51066,1.29748,0.21207,Azul,,2,0
49,MT,77702,B,H1,202046,0,,2.17904,2.19664,0.29678,Amarela,,2,0
49,MT,77702,B,H1,202022,0,,2.17904,2.19664,0.29678,Amarela,,2,0
42,MT,78587,D,H29,202046,0,,1.40089,3.04712,0.11277,Amarela,,2,0
42,MT,78587,D,H29,202022,0,,1.40089,3.04712,0.11277,Amarela,,2,0
23,CN,78590,B,H23,202013,0,,1.40385,2.17789,0.37131,Rosa - Ledor,,2,1
23,CN,78590,B,H23,202009,0,,1.40385,2.17789,0.37131,Rosa,,2,0
46,MT,78783,D,H14,202014,0,,2.23278,2.48936,0.17813,Amarela - Ledor,,2,1
46,MT,78783,D,H14,202010,0,,2.23278,2.48936,0.17813,Amarela,,2,0
51,MT,79205,B,H13,202046,0,,1.09542,2.56696,0.34205,Amarela,,2,0
51,MT,79205,B,H13,202022,0,,1.09542,2.56696,0.34205,Amarela,,2,0
31,CH,79270,D,H1,202048,0,,0.72702,0.68186,0.20748,Azul,,2,0
31,CH,79270,D,H1,202024,0,,0.72702,0.68186,0.20748,Azul,,2,0
46,CH,79288,C,H16,202016,0,,1.12169,-0.0386,0.18239,Azul - Ledor,,2,1
46,CH,79288,C,H16,202012,0,,1.12169,-0.0386,0.18239,Azul,,2,0
43,MT,79357,C,H24,202014,0,,0.89018,1.17152,0.20047,Amarela - Ledor,,2,1
43,MT,79357,C,H24,202010,0,,0.89018,1.17152,0.20047,Amarela,,2,0
37,MT,79517,D,H4,202014,0,,0.79707,0.28324,0.1909,Amarela - Ledor,,2,1
37,MT,79517,D,H4,202010,0,,0.79707,0.28324,0.1909,Amarela,,2,0
27,CN,79525,D,H27,202013,0,,2.24365,1.54659,0.14345,Rosa - Ledor,,2,1
27,CN,79525,D,H27,202009,0,,2.24365,1.54659,0.14345,Rosa,,2,0
43,CH,79681,C,H13,202048,0,,1.35547,1.88126,0.15946,Azul,,2,0
43,CH,79681,C,H13,202024,0,,1.35547,1.88126,0.15946,Azul,,2,0
28,LC,79723,D,H27,202015,0,,0.53745,1.64764,0.27355,Branco - Ledor,,2,1
28,LC,79723,D,H27,202011,0,,0.53745,1.64764,0.27355,Branco,,2,0
34,MT,79736,B,H22,202046,0,,1.04466,3.82522,0.10815,Amarela,,2,0
34,MT,79736,B,H22,202022,0,,1.04466,3.82522,0.10815,Amarela,,2,0
54,CH,79751,C,H24,202016,0,,1.23811,1.29311,0.25199,Azul - Ledor,,2,1
54,CH,79751,C,H24,202012,0,,1.23811,1.29311,0.25199,Azul,,2,0
58,MT,79868,B,H25,202014,0,,0.56704,1.75069,0.21996,Amarela - Ledor,,2,1
58,MT,79868,B,H25,202010,0,,0.56704,1.75069,0.21996,Amarela,,2,0
15,CN,79874,C,H15,202009,0,,1.97896,0.53154,0.02735,Rosa,,2,0
15,CN,79874,C,H15,202013,0,,1.97896,0.53154,0.02735,Rosa - Ledor,,2,1
35,MT,80069,C,H24,202046,0,,1.24539,1.37534,0.19043,Amarela,,2,0
35,MT,80069,C,H24,202022,0,,1.24539,1.37534,0.19043,Amarela,,2,0
32,MT,80087,A,H18,202046,0,,1.26414,3.98933,0.21956,Amarela,,2,0
32,MT,80087,A,H18,202022,0,,1.26414,3.98933,0.21956,Amarela,,2,0
24,CN,80353,B,H24,202013,0,,1.62486,2.39502,0.15945,Rosa - Ledor,,2,1
24,CN,80353,B,H24,202009,0,,1.62486,2.39502,0.15945,Rosa,,2,0
47,MT,81248,B,H3,202046,0,,2.21421,2.62057,0.2505,Amarela,,2,0
47,MT,81248,B,H3,202022,0,,2.21421,2.62057,0.2505,Amarela,,2,0
58,MA,81263,D,H14,202002,1,Problemas na convergencia,,,,Amarela,,1,0
58,MA,81263,D,H14,202006,1,Problemas na convergencia,,,,Amarela - Ledor,,1,1
35,MT,81272,D,H3,202014,0,,2.2678,1.84664,0.17058,Amarela - Ledor,,2,1
35,MT,81272,D,H3,202010,0,,2.2678,1.84664,0.17058,Amarela,,2,0
32,MA,81300,B,H25,202006,0,,0.84377,2.10305,0.19242,Amarela - Ledor,,1,1
32,MA,81300,B,H25,202002,0,,0.84377,2.10305,0.19242,Amarela,,1,0
3,LP,87318,D,H15,202003,0,,0.9825,-0.28597,0.04906,Cinza,,1,0
3,LP,87318,D,H15,202007,0,,0.9825,-0.28597,0.04906,Cinza - Ledor,,1,1
25,CI,87633,D,H25,202001,0,,2.97224,2.86489,0.09984,Rosa,,1,0
25,CI,87633,D,H25,202005,0,,2.97224,2.86489,0.09984,Rosa - Ledor,,1,1
19,CN,87646,B,H19,202013,0,,1.61477,1.69157,0.06404,Rosa - Ledor,,2,1
19,CN,87646,B,H19,202009,0,,1.61477,1.69157,0.06404,Rosa,,2,0
57,CH,89260,D,H27,202016,0,,0.88108,0.02924,0.00452,Azul - Ledor,,2,1
57,CH,89260,D,H27,202012,0,,0.88108,0.02924,0.00452,Azul,,2,0
26,CI,89581,A,H26,202001,0,,1.53815,2.4953,0.19059,Rosa,,1,0
26,CI,89581,A,H26,202005,0,,1.53815,2.4953,0.19059,Rosa - Ledor,,1,1
51,CH,91067,C,H21,202016,0,,1.49024,1.26653,0.20598,Azul - Ledor,,2,1
51,CH,91067,C,H21,202012,0,,1.49024,1.26653,0.20598,Azul,,2,0
10,CI,91305,C,H10,202001,1,Problemas na convergencia,,,,Rosa,,1,0
10,CI,91305,C,H10,202005,1,Problemas na convergencia,,,,Rosa - Ledor,,1,1
52,MT,91624,B,H19,202014,0,,0.32975,2.82379,0.10924,Amarela - Ledor,,2,1
52,MT,91624,B,H19,202010,0,,0.32975,2.82379,0.10924,Amarela,,2,0
52,MA,92319,D,H30,202002,0,,2.89472,2.85889,0.10568,Amarela,,1,0
52,MA,92319,D,H30,202006,0,,2.89472,2.85889,0.10568,Amarela - Ledor,,1,1
59,HG,92416,D,H30,202004,0,,2.07125,2.11096,0.12035,Azul,,1,0
59,HG,92416,D,H30,202008,0,,2.07125,2.11096,0.12035,Azul - Ledor,,1,1
14,CN,92857,C,H14,202009,0,,1.38559,2.50687,0.32233,Rosa,,2,0
14,CN,92857,C,H14,202013,0,,1.38559,2.50687,0.32233,Rosa - Ledor,,2,1
22,CI,92871,D,H22,202001,0,,0.80075,-0.48971,0.0421,Rosa,,1,0
22,CI,92871,D,H22,202005,0,,0.80075,-0.48971,0.0421,Rosa - Ledor,,1,1
4,CI,92914,C,H4,202005,0,,1.1935,0.42882,0.2169,Rosa - Ledor,,1,1
4,CI,92914,C,H4,202001,0,,1.1935,0.42882,0.2169,Rosa,,1,0
31,CH,92989,C,H1,202016,0,,0.94105,1.26233,0.18708,Azul - Ledor,,2,1
31,CH,92989,C,H1,202012,0,,0.94105,1.26233,0.18708,Azul,,2,0
59,CH,93057,D,H29,202016,1,Problemas na convergencia,,,,Azul - Ledor,,2,1
59,CH,93057,D,H29,202012,1,Problemas na convergencia,,,,Azul,,2,0
43,CH,93173,A,H13,202016,0,,0.96454,-0.38059,0.01345,Azul - Ledor,,2,1
43,CH,93173,A,H13,202012,0,,0.96454,-0.38059,0.01345,Azul,,2,0
32,MT,93287,D,H18,202014,0,,2.48493,1.94172,0.12277,Amarela - Ledor,,2,1
32,MT,93287,D,H18,202010,0,,2.48493,1.94172,0.12277,Amarela,,2,0
13,CI,93850,B,H13,202001,0,,0.87638,-0.7375,0.05128,Rosa,,1,0
13,CI,93850,B,H13,202005,0,,0.87638,-0.7375,0.05128,Rosa - Ledor,,1,1
38,MA,93906,D,H11,202006,1,Problemas na convergencia,,,,Amarela - Ledor,,1,1
38,MA,93906,D,H11,202002,1,Problemas na convergencia,,,,Amarela,,1,0
13,LC,93992,B,H15,202015,1,Problemas na convergencia,,,,Branco - Ledor,,2,1
13,LC,93992,B,H15,202011,1,Problemas na convergencia,,,,Branco,,2,0
18,CN,94014,D,H18,202013,0,,1.42419,1.46631,0.22654,Rosa - Ledor,,2,1
18,CN,94014,D,H18,202009,0,,1.42419,1.46631,0.22654,Rosa,,2,0
7,CI,94027,C,H7,202005,0,,0.85179,0.33652,0.18539,Rosa - Ledor,,1,1
7,CI,94027,C,H7,202001,0,,0.85179,0.33652,0.18539,Rosa,,1,0
12,LC,94040,A,H16,202015,0,,0.54428,3.30211,0.12801,Branco - Ledor,,2,1
12,LC,94040,A,H16,202011,0,,0.54428,3.30211,0.12801,Branco,,2,0
2,LP,94078,D,H14,202003,0,,0.90759,2.13921,0.1326,Cinza,,1,0
2,LP,94078,D,H14,202007,0,,0.90759,2.13921,0.1326,Cinza - Ledor,,1,1
42,HG,94124,A,H18,202008,0,,2.52125,2.13179,0.25882,Azul - Ledor,,1,1
42,HG,94124,A,H18,202004,0,,2.52125,2.13179,0.25882,Azul,,1,0
31,MT,94208,C,H1,202014,0,,1.02057,-0.35469,0.02789,Amarela - Ledor,,2,1
31,MT,94208,C,H1,202010,0,,1.02057,-0.35469,0.02789,Amarela,,2,0
4,LP,94215,A,H17,202007,0,,0.3813,-0.37846,0.08944,Cinza - Ledor,,1,1
4,LP,94215,A,H17,202003,0,,0.3813,-0.37846,0.08944,Cinza,,1,0
30,LC,94274,D,H30,202015,0,,0.41402,2.62986,0.00919,Branco - Ledor,,2,1
30,LC,94274,D,H30,202011,0,,0.41402,2.62986,0.00919,Branco,,2,0
1,CN,94339,C,H1,202009,0,,1.98644,1.80609,0.25027,Rosa,,2,0
1,CN,94339,C,H1,202013,0,,1.98644,1.80609,0.25027,Rosa - Ledor,,2,1
8,CI,94371,B,H8,202001,0,,1.2319,1.21682,0.11135,Rosa,,1,0
8,CI,94371,B,H8,202005,0,,1.2319,1.21682,0.11135,Rosa - Ledor,,1,1
44,HG,94380,B,H13,202008,0,,1.56097,0.62299,0.12583,Azul - Ledor,,1,1
44,HG,94380,B,H13,202004,0,,1.56097,0.62299,0.12583,Azul,,1,0
60,MA,94660,B,H24,202002,0,,0.22804,6.69591,0.29121,Amarela,,1,0
60,MA,94660,B,H24,202006,0,,0.22804,6.69591,0.29121,Amarela - Ledor,,1,1
50,MT,117271,A,H28,202014,0,,1.1608,2.00853,0.13422,Amarela - Ledor,,2,1
50,MT,117271,A,H28,202010,0,,1.1608,2.00853,0.13422,Amarela,,2,0
34,MA,117459,B,H18,202006,0,,1.43704,1.15918,0.28708,Amarela - Ledor,,1,1
34,MA,117459,B,H18,202002,0,,1.43704,1.15918,0.28708,Amarela,,1,0
42,MA,124494,D,H8,202002,0,,2.52768,2.73159,0.25415,Amarela,,1,0
42,MA,124494,D,H8,202006,0,,2.52768,2.73159,0.25415,Amarela - Ledor,,1,1
56,MA,124501,C,H19,202002,0,,1.18266,2.64445,0.25053,Amarela,,1,0
56,MA,124501,C,H19,202006,0,,1.18266,2.64445,0.25053,Amarela - Ledor,,1,1
54,MA,124507,A,H15,202002,0,,1.37121,2.6513,0.2378,Amarela,,1,0
54,MA,124507,A,H15,202006,0,,1.37121,2.6513,0.2378,Amarela - Ledor,,1,1
55,MA,124518,A,H26,202002,0,,4.61687,2.35749,0.28074,Amarela,,1,0
55,MA,124518,A,H26,202006,0,,4.61687,2.35749,0.28074,Amarela - Ledor,,1,1
46,MA,124524,B,H23,202002,0,,1.18083,1.08409,0.08485,Amarela,,1,0
46,MA,124524,B,H23,202006,0,,1.18083,1.08409,0.08485,Amarela - Ledor,,1,1
48,MA,124530,D,H27,202002,0,,1.55228,1.53719,0.23472,Amarela,,1,0
48,MA,124530,D,H27,202006,0,,1.55228,1.53719,0.23472,Amarela - Ledor,,1,1
41,MT,124537,B,H9,202014,0,,1.14213,2.54054,0.14727,Amarela - Ledor,,2,1
41,MT,124537,B,H9,202010,0,,1.14213,2.54054,0.14727,Amarela,,2,0
47,MA,124547,A,H16,202002,0,,1.74618,0.82896,0.06825,Amarela,,1,0
47,MA,124547,A,H16,202006,0,,1.74618,0.82896,0.06825,Amarela - Ledor,,1,1
50,MA,124550,C,H29,202002,0,,3.4988,2.26552,0.12117,Amarela,,1,0
50,MA,124550,C,H29,202006,0,,3.4988,2.26552,0.12117,Amarela - Ledor,,1,1
54,HG,124560,A,H24,202008,0,,0.908,0.57158,0.16617,Azul - Ledor,,1,1
54,HG,124560,A,H24,202004,0,,0.908,0.57158,0.16617,Azul,,1,0
56,CH,124562,B,H26,202016,0,,0.35943,-0.07106,0.01578,Azul - Ledor,,2,1
56,CH,124562,B,H26,202012,0,,0.35943,-0.07106,0.01578,Azul,,2,0
47,MT,124569,B,H26,202014,0,,1.39087,0.36962,0.13793,Amarela - Ledor,,2,1
47,MT,124569,B,H26,202010,0,,1.39087,0.36962,0.13793,Amarela,,2,0
43,HG,124576,A,H12,202008,0,,1.23552,0.02092,0.17544,Azul - Ledor,,1,1
43,HG,124576,A,H12,202004,0,,1.23552,0.02092,0.17544,Azul,,1,0
35,MA,124586,C,H7,202006,0,,2.05745,2.91746,0.10036,Amarela - Ledor,,1,1
35,MA,124586,C,H7,202002,0,,2.05745,2.91746,0.10036,Amarela,,1,0
40,HG,124590,C,H10,202008,0,,1.22577,0.55728,0.25727,Azul - Ledor,,1,1
40,HG,124590,C,H10,202004,0,,1.22577,0.55728,0.25727,Azul,,1,0
48,HG,124609,A,H17,202008,0,,0.7558,0.25565,0.08482,Azul - Ledor,,1,1
48,HG,124609,A,H17,202004,0,,0.7558,0.25565,0.08482,Azul,,1,0
39,HG,124612,D,H9,202008,0,,0.86176,1.12363,0.15138,Azul - Ledor,,1,1
39,HG,124612,D,H9,202004,0,,0.86176,1.12363,0.15138,Azul,,1,0
57,MT,124613,B,H29,202014,0,,2.18882,1.9141,0.11857,Amarela - Ledor,,2,1
57,MT,124613,B,H29,202010,0,,2.18882,1.9141,0.11857,Amarela,,2,0
50,HG,124616,B,H20,202008,0,,1.22449,2.08444,0.42913,Azul - Ledor,,1,1
50,HG,124616,B,H20,202004,0,,1.22449,2.08444,0.42913,Azul,,1,0
33,MA,124625,C,H9,202002,0,,1.4104,2.42902,0.316,Amarela,,1,0
59,MT,124629,C,H5,202014,0,,1.50569,1.78835,0.27803,Amarela - Ledor,,2,1
59,MT,124629,C,H5,202010,0,,1.50569,1.78835,0.27803,Amarela,,2,0
41,MA,124630,C,H4,202002,0,,3.03927,2.30804,0.06666,Amarela,,1,0
41,MA,124630,C,H4,202006,0,,3.03927,2.30804,0.06666,Amarela - Ledor,,1,1
48,MT,124634,C,H23,202014,0,,1.92461,2.14856,0.21546,Amarela - Ledor,,2,1
48,MT,124634,C,H23,202010,0,,1.92461,2.14856,0.21546,Amarela,,2,0
49,HG,124635,D,H19,202008,0,,0.58723,1.11984,0.12754,Azul - Ledor,,1,1
49,HG,124635,D,H19,202004,0,,0.58723,1.11984,0.12754,Azul,,1,0
56,MT,124658,B,H21,202014,0,,2.29399,1.94522,0.11781,Amarela - Ledor,,2,1
56,MT,124658,B,H21,202010,0,,2.29399,1.94522,0.11781,Amarela,,2,0
45,MT,124661,A,H27,202014,0,,0.9285,1.9287,0.10578,Amarela - Ledor,,2,1
45,MT,124661,A,H27,202010,0,,0.9285,1.9287,0.10578,Amarela,,2,0
44,MA,124668,A,H17,202002,0,,1.7414,2.47578,0.08619,Amarela,,1,0
44,MA,124668,A,H17,202006,0,,1.7414,2.47578,0.08619,Amarela - Ledor,,1,1
32,HG,124682,D,H2,202008,0,,0.5857,0.82359,0.06916,Azul - Ledor,,1,1
32,HG,124682,D,H2,202004,0,,0.5857,0.82359,0.06916,Azul,,1,0
51,MA,124685,C,H13,202002,0,,1.13123,2.41571,0.19083,Amarela,,1,0
51,MA,124685,C,H13,202006,0,,1.13123,2.41571,0.19083,Amarela - Ledor,,1,1
39,CH,124698,B,H9,202016,1,Problemas na convergencia,,,,Azul - Ledor,,2,1
39,CH,124698,B,H9,202012,1,Problemas na convergencia,,,,Azul,,2,0
54,MT,124701,C,H30,202014,0,,1.58524,1.99038,0.17773,Amarela - Ledor,,2,1
54,MT,124701,C,H30,202010,0,,1.58524,1.99038,0.17773,Amarela,,2,0
53,CH,124718,A,H23,202016,0,,1.2388,0.62046,0.17791,Azul - Ledor,,2,1
53,CH,124718,A,H23,202012,0,,1.2388,0.62046,0.17791,Azul,,2,0
42,CH,124724,B,H12,202016,0,,1.13003,-0.46778,0.00908,Azul - Ledor,,2,1
42,CH,124724,B,H12,202012,0,,1.13003,-0.46778,0.00908,Azul,,2,0
34,MT,124726,D,H7,202010,0,,0.53989,0.55867,0.02515,Amarela,,2,0
38,CH,124734,D,H8,202016,0,,1.05659,1.16285,0.20117,Azul - Ledor,,2,1
38,CH,124734,D,H8,202012,0,,1.05659,1.16285,0.20117,Azul,,2,0
38,HG,124761,C,H8,202008,0,,1.49146,2.05464,0.1109,Azul - Ledor,,1,1
38,HG,124761,C,H8,202004,0,,1.49146,2.05464,0.1109,Azul,,1,0
36,MT,124764,A,H20,202014,0,,1.20735,1.36073,0.22157,Amarela - Ledor,,2,1
36,MT,124764,A,H20,202010,0,,1.20735,1.36073,0.22157,Amarela,,2,0
58,HG,124772,C,H28,202008,0,,0.88117,0.83078,0.12918,Azul - Ledor,,1,1
58,HG,124772,C,H28,202004,0,,0.88117,0.83078,0.12918,Azul,,1,0
58,CH,124775,D,H28,202016,0,,1.30399,0.59934,0.14002,Azul - Ledor,,2,1
58,CH,124775,D,H28,202012,0,,1.30399,0.59934,0.14002,Azul,,2,0
53,MA,124797,A,H12,202002,0,,1.18236,1.71621,0.22943,Amarela,,1,0
53,MA,124797,A,H12,202006,0,,1.18236,1.71621,0.22943,Amarela - Ledor,,1,1
60,MT,124812,C,H11,202014,0,,2.6715,2.00378,0.15216,Amarela - Ledor,,2,1
60,MT,124812,C,H11,202010,0,,2.6715,2.00378,0.15216,Amarela,,2,0
55,MT,124823,A,H15,202014,0,,5.74798,2.41532,0.08947,Amarela - Ledor,,2,1
55,MT,124823,A,H15,202010,0,,5.74798,2.41532,0.08947,Amarela,,2,0
50,CH,124831,D,H20,202016,0,,1.04039,-0.36919,0.00522,Azul - Ledor,,2,1
50,CH,124831,D,H20,202012,0,,1.04039,-0.36919,0.00522,Azul,,2,0
56,HG,124834,A,H26,202008,0,,1.46174,1.73946,0.33864,Azul - Ledor,,1,1
56,HG,124834,A,H26,202004,0,,1.46174,1.73946,0.33864,Azul,,1,0
53,MT,124840,B,H8,202010,0,,2.12658,2.12919,0.34921,Amarela,,2,0
52,CH,124865,D,H22,202016,0,,0.7708,-0.08761,0.00486,Azul - Ledor,,2,1
52,CH,124865,D,H22,202012,0,,0.7708,-0.08761,0.00486,Azul,,2,0
60,CH,124871,B,H30,202016,0,,1.48355,1.86371,0.35919,Azul - Ledor,,2,1
60,CH,124871,B,H30,202012,0,,1.48355,1.86371,0.35919,Azul,,2,0
49,MT,124890,A,H17,202014,0,,0.8203,1.273,0.25778,Amarela - Ledor,,2,1
49,MT,124890,A,H17,202010,0,,0.8203,1.273,0.25778,Amarela,,2,0
45,HG,124901,B,H14,202008,0,,1.73714,1.85488,0.22304,Azul - Ledor,,1,1
45,HG,124901,B,H14,202004,0,,1.73714,1.85488,0.22304,Azul,,1,0
47,CH,124902,D,H17,202016,0,,1.08543,-0.21862,0.00723,Azul - Ledor,,2,1
47,CH,124902,D,H17,202012,0,,1.08543,-0.21862,0.00723,Azul,,2,0
39,MT,124918,D,H12,202014,0,,0.89194,1.29991,0.00492,Amarela - Ledor,,2,1
39,MT,124918,D,H12,202010,0,,0.89194,1.29991,0.00492,Amarela,,2,0
33,MT,124931,A,H6,202010,0,,3.14068,2.43441,0.024,Amarela,,2,0
51,HG,124949,A,H21,202008,0,,0.49781,1.0742,0.10594,Azul - Ledor,,1,1
51,HG,124949,A,H21,202004,0,,0.49781,1.0742,0.10594,Azul,,1,0
46,HG,124962,B,H15,202008,0,,1.46947,0.40574,0.20598,Azul - Ledor,,1,1
46,HG,124962,B,H15,202004,0,,1.46947,0.40574,0.20598,Azul,,1,0
33,CH,124964,C,H3,202016,0,,1.51382,0.7935,0.3752,Azul - Ledor,,2,1
33,CH,124964,C,H3,202012,0,,1.51382,0.7935,0.3752,Azul,,2,0
60,HG,124970,B,H29,202004,0,,1.08271,1.60428,0.39419,Azul,,1,0
60,HG,124970,B,H29,202008,0,,1.08271,1.60428,0.39419,Azul - Ledor,,1,1
53,HG,124988,B,H23,202008,0,,1.24353,0.40817,0.19639,Azul - Ledor,,1,1
53,HG,124988,B,H23,202004,0,,1.24353,0.40817,0.19639,Azul,,1,0
34,HG,125001,A,H4,202008,0,,1.46422,0.71864,0.17289,Azul - Ledor,,1,1
34,HG,125001,A,H4,202004,0,,1.46422,0.71864,0.17289,Azul,,1,0
52,HG,125016,C,H22,202008,0,,1.465,0.30011,0.12635,Azul - Ledor,,1,1
52,HG,125016,C,H22,202004,0,,1.465,0.30011,0.12635,Azul,,1,0
40,CH,125040,C,H10,202016,0,,1.67754,0.88537,0.24031,Azul - Ledor,,2,1
40,CH,125040,C,H10,202012,0,,1.67754,0.88537,0.24031,Azul,,2,0
31,HG,125046,A,H1,202008,0,,1.2665,1.78599,0.35731,Azul - Ledor,,1,1
31,HG,125046,A,H1,202004,0,,1.2665,1.78599,0.35731,Azul,,1,0
9,CI,125054,A,H9,202001,1,Problemas na convergencia,,,,Rosa,,1,0
9,CI,125054,A,H9,202005,1,Problemas na convergencia,,,,Rosa - Ledor,,1,1
1,CI,125059,D,H1,202005,0,,0.53617,0.92565,0.15191,Rosa - Ledor,,1,1
1,CI,125059,D,H1,202001,0,,0.53617,0.92565,0.15191,Rosa,,1,0
12,CN,125065,B,H12,202009,0,,1.26864,0.62847,0.02417,Rosa,,2,0
12,CN,125065,B,H12,202013,0,,1.26864,0.62847,0.02417,Rosa - Ledor,,2,1
3,CN,125073,C,H3,202009,0,,2.96793,1.71299,0.24192,Rosa,,2,0
3,CN,125073,C,H3,202013,0,,2.96793,1.71299,0.24192,Rosa - Ledor,,2,1
3,CI,125098,C,H3,202005,0,,1.25406,0.95802,0.39646,Rosa - Ledor,,1,1
3,CI,125098,C,H3,202001,0,,1.25406,0.95802,0.39646,Rosa,,1,0
7,CN,125100,A,H7,202009,0,,0.8387,1.50114,0.16084,Rosa,,2,0
25,CN,125116,A,H25,202013,0,,1.20225,0.97573,0.05626,Rosa - Ledor,,2,1
25,CN,125116,A,H25,202009,0,,1.20225,0.97573,0.05626,Rosa,,2,0
13,CN,125125,D,H13,202009,0,,1.92601,1.49947,0.13673,Rosa,,2,0
13,CN,125125,D,H13,202013,0,,1.92601,1.49947,0.13673,Rosa - Ledor,,2,1
19,CI,125136,B,H19,202001,0,,1.17622,-0.55807,0.03728,Rosa,,1,0
19,CI,125136,B,H19,202005,0,,1.17622,-0.55807,0.03728,Rosa - Ledor,,1,1
11,CI,125139,D,H11,202001,0,,1.52904,2.07214,0.09956,Rosa,,1,0
11,CI,125139,D,H11,202005,0,,1.52904,2.07214,0.09956,Rosa - Ledor,,1,1
12,CI,125143,C,H12,202001,0,,1.21533,-0.44204,0.05294,Rosa,,1,0
12,CI,125143,C,H12,202005,0,,1.21533,-0.44204,0.05294,Rosa - Ledor,,1,1
16,CI,125151,D,H16,202005,0,,0.6201,0.11884,0.06978,Rosa - Ledor,,1,1
16,CI,125151,D,H16,202001,0,,0.6201,0.11884,0.06978,Rosa,,1,0
10,LP,125202,D,H10,202007,0,,0.55791,1.19373,0.1073,Cinza - Ledor,,1,1
10,LP,125202,D,H10,202003,0,,0.55791,1.19373,0.1073,Cinza,,1,0
26,CN,125205,D,H26,202013,0,,1.34563,2.13896,0.13212,Rosa - Ledor,,2,1
26,CN,125205,D,H26,202009,0,,1.34563,2.13896,0.13212,Rosa,,2,0
24,LP,125210,B,H1,202007,0,,0.71442,1.25539,0.11736,Cinza - Ledor,,1,1
24,LP,125210,B,H1,202003,0,,0.71442,1.25539,0.11736,Cinza,,1,0
12,LP,125275,B,H5,202007,0,,0.4014,3.79881,0.5,Cinza - Ledor,1,1,1
12,LP,125275,B,H5,202003,0,,0.4014,3.79881,0.5,Cinza,1,1,0
11,LP,125278,C,H4,202007,0,,0.76658,0.82448,0.39517,Cinza - Ledor,1,1,1
11,LP,125278,C,H4,202003,0,,0.76658,0.82448,0.39517,Cinza,1,1,0
11,CN,125292,A,H11,202009,0,,1.36988,1.06587,0.01061,Rosa,,2,0
11,CN,125292,A,H11,202013,0,,1.36988,1.06587,0.01061,Rosa - Ledor,,2,1
27,CI,125296,A,H27,202001,0,,0.41679,0.81107,0.12804,Rosa,,1,0
27,CI,125296,A,H27,202005,0,,0.41679,0.81107,0.12804,Rosa - Ledor,,1,1
23,CI,125312,B,H23,202001,0,,0.56532,-0.16036,0.04874,Rosa,,1,0
23,CI,125312,B,H23,202005,0,,0.56532,-0.16036,0.04874,Rosa - Ledor,,1,1
21,CI,125318,A,H21,202001,0,,0.42047,5.97732,0.24005,Rosa,,1,0
21,CI,125318,A,H21,202005,0,,0.42047,5.97732,0.24005,Rosa - Ledor,,1,1
9,LP,125337,C,H9,202007,0,,0.98732,1.60927,0.1587,Cinza - Ledor,,1,1
9,LP,125337,C,H9,202003,0,,0.98732,1.60927,0.1587,Cinza,,1,0
30,CI,125346,B,H30,202001,0,,0.61615,1.2259,0.26705,Rosa,,1,0
30,CI,125346,B,H30,202005,0,,0.61615,1.2259,0.26705,Rosa - Ledor,,1,1
5,LP,125357,A,H11,202007,0,,0.76313,1.75299,0.04108,Cinza - Ledor,,1,1
5,LP,125357,A,H11,202003,0,,0.76313,1.75299,0.04108,Cinza,,1,0
4,CN,125358,A,H4,202009,0,,0.82904,0.53505,0.03543,Rosa,,2,0
4,CN,125358,A,H4,202013,0,,0.82904,0.53505,0.03543,Rosa - Ledor,,2,1
23,LP,125365,D,H26,202007,0,,1.59726,3.31885,0.43901,Cinza - Ledor,,1,1
23,LP,125365,D,H26,202003,0,,1.59726,3.31885,0.43901,Cinza,,1,0
6,CI,125374,D,H6,202005,0,,1.18933,0.68591,0.15688,Rosa - Ledor,,1,1
6,CI,125374,D,H6,202001,0,,1.18933,0.68591,0.15688,Rosa,,1,0
22,CN,125399,C,H22,202013,0,,1.58993,2.17846,0.19296,Rosa - Ledor,,2,1
22,CN,125399,C,H22,202009,0,,1.58993,2.17846,0.19296,Rosa,,2,0
7,LP,125414,D,H13,202007,0,,0.63394,2.73214,0.21507,Cinza - Ledor,,1,1
7,LP,125414,D,H13,202003,0,,0.63394,2.73214,0.21507,Cinza,,1,0
25,LP,125444,D,H2,202007,0,,0.39327,-0.17067,0.12938,Cinza - Ledor,,1,1
25,LP,125444,D,H2,202003,0,,0.39327,-0.17067,0.12938,Cinza,,1,0
9,CN,125454,C,H9,202009,0,,0.687,2.84468,0.5,Rosa,,2,0
9,CN,125454,C,H9,202013,0,,0.687,2.84468,0.5,Rosa - Ledor,,2,1
29,CI,125456,D,H29,202001,0,,0.86663,-0.39891,0.04013,Rosa,,1,0
29,CI,125456,D,H29,202005,0,,0.86663,-0.39891,0.04013,Rosa - Ledor,,1,1
22,LP,125493,A,H30,202007,0,,1.44481,0.66028,0.10437,Cinza - Ledor,,1,1
22,LP,125493,A,H30,202003,0,,1.44481,0.66028,0.10437,Cinza,,1,0
27,LP,125561,B,H20,202007,0,,0.28004,2.21424,0.10408,Cinza - Ledor,,1,1
27,LP,125561,B,H20,202003,0,,0.28004,2.21424,0.10408,Cinza,,1,0
29,LP,125583,A,H24,202007,0,,1.0285,3.11635,0.16229,Cinza - Ledor,,1,1
29,LP,125583,A,H24,202003,0,,1.0285,3.11635,0.16229,Cinza,,1,0
13,LP,125584,C,H6,202007,0,,1.13674,1.39676,0.16369,Cinza - Ledor,0,1,1
13,LP,125584,C,H6,202003,0,,1.13674,1.39676,0.16369,Cinza,0,1,0
26,LP,125616,A,H3,202007,0,,0.62761,-0.70159,0.09423,Cinza - Ledor,,1,1
26,LP,125616,A,H3,202003,0,,0.62761,-0.70159,0.09423,Cinza,,1,0
1,LP,125618,D,H16,202003,0,,0.83814,0.95555,0.03157,Cinza,,1,0
1,LP,125618,D,H16,202007,0,,0.83814,0.95555,0.03157,Cinza - Ledor,,1,1
28,LP,125619,D,H22,202007,0,,1.67693,1.28512,0.38624,Cinza - Ledor,,1,1
28,LP,125619,D,H22,202003,0,,1.67693,1.28512,0.38624,Cinza,,1,0
30,LP,125620,D,H27,202007,0,,0.66243,1.78163,0.26254,Cinza - Ledor,,1,1
30,LP,125620,D,H27,202003,0,,0.66243,1.78163,0.26254,Cinza,,1,0
8,LP,125636,A,H8,202007,0,,2.37175,2.10771,0.23243,Cinza - Ledor,,1,1
8,LP,125636,A,H8,202003,0,,2.37175,2.10771,0.23243,Cinza,,1,0
6,LC,126106,C,H7,202015,0,,0.97475,0.18513,0.22197,Branco - Ledor,1,2,1
6,LC,126106,C,H7,202011,0,,0.97475,0.18513,0.22197,Branco,1,2,0
4,LC,126110,B,H5,202015,0,,0.95486,0.00146,0.02201,Branco - Ledor,1,2,1
4,LC,126110,B,H5,202011,0,,0.95486,0.00146,0.02201,Branco,1,2,0
17,LC,126124,A,H24,202015,0,,1.12152,1.50727,0.15933,Branco - Ledor,,2,1
17,LC,126124,A,H24,202011,0,,1.12152,1.50727,0.15933,Branco,,2,0
7,LC,126136,C,H8,202015,1,Problemas na convergencia,,,,Branco - Ledor,0,2,1
7,LC,126136,C,H8,202011,1,Problemas na convergencia,,,,Branco,0,2,0
20,LC,126148,D,H4,202015,0,,0.78717,-0.39324,0.01288,Branco - Ledor,,2,1
20,LC,126148,D,H4,202011,0,,0.78717,-0.39324,0.01288,Branco,,2,0
22,LC,126169,B,H18,202015,0,,0.27996,-0.65354,0.07414,Branco - Ledor,,2,1
22,LC,126169,B,H18,202011,0,,0.27996,-0.65354,0.07414,Branco,,2,0
2,LC,126254,D,H10,202015,0,,1.13457,1.22627,0.08286,Branco - Ledor,,2,1
2,LC,126254,D,H10,202011,0,,1.13457,1.22627,0.08286,Branco,,2,0
18,LC,126258,C,H25,202015,0,,1.38446,0.68053,0.06441,Branco - Ledor,,2,1
18,LC,126258,C,H25,202011,0,,1.38446,0.68053,0.06441,Branco,,2,0
1,LC,126260,D,H9,202015,0,,0.64514,-0.85999,0.02337,Branco - Ledor,,2,1
1,LC,126260,D,H9,202011,0,,0.64514,-0.85999,0.02337,Branco,,2,0
14,LC,126262,C,H20,202015,0,,0.84138,2.95462,0.17413,Branco - Ledor,,2,1
14,LC,126262,C,H20,202011,0,,0.84138,2.95462,0.17413,Branco,,2,0
9,LC,126272,A,H12,202015,0,,0.43845,2.64847,0.20122,Branco - Ledor,,2,1
9,LC,126272,A,H12,202011,0,,0.43845,2.64847,0.20122,Branco,,2,0
10,LC,126283,B,H13,202015,0,,0.9517,0.96307,0.11307,Branco - Ledor,,2,1
10,LC,126283,B,H13,202011,0,,0.9517,0.96307,0.11307,Branco,,2,0
11,LC,126284,C,H17,202015,0,,2.69694,3.00241,0.13249,Branco - Ledor,,2,1
11,LC,126284,C,H17,202011,0,,2.69694,3.00241,0.13249,Branco,,2,0
21,LC,126315,A,H2,202015,0,,1.22044,-0.47148,0.01891,Branco - Ledor,,2,1
21,LC,126315,A,H2,202011,0,,1.22044,-0.47148,0.01891,Branco,,2,0
3,LC,126317,A,H11,202015,0,,1.11623,1.47673,0.44419,Branco - Ledor,,2,1
3,LC,126317,A,H11,202011,0,,1.11623,1.47673,0.44419,Branco,,2,0
8,LC,126321,A,H14,202015,0,,0.22135,-0.25747,0.02431,Branco - Ledor,,2,1
8,LC,126321,A,H14,202011,0,,0.22135,-0.25747,0.02431,Branco,,2,0
19,LC,126342,B,H28,202015,0,,0.80651,1.08726,0.33155,Branco - Ledor,,2,1
19,LC,126342,B,H28,202011,0,,0.80651,1.08726,0.33155,Branco,,2,0
15,LC,126353,A,H21,202015,0,,0.92888,1.1169,0.31462,Branco - Ledor,,2,1
15,LC,126353,A,H21,202011,0,,0.92888,1.1169,0.31462,Branco,,2,0
