"V1","V2","V3","V4","V5","V6","V7","V8","V9","V10","V11","V12","V13","V14","V15","F1"
0,0,1,0,0,0,1,1,0,0,0,0,0,1,0,394.609099001684
0,1,0,1,0,0,1,1,0,1,1,0,0,1,0,493.68404771619
1,0,1,0,1,1,1,1,1,1,0,0,0,1,0,544.010994285274
1,1,1,0,0,0,1,0,1,1,1,1,0,1,0,544.624050447287
0,0,0,0,0,0,0,0,0,1,0,0,0,1,1,351.484729760241
1,0,0,0,1,0,0,1,0,0,0,0,0,1,0,408.708459665893
0,1,0,1,0,0,0,1,0,0,0,0,0,0,0,393.106511571284
0,0,0,0,0,0,0,1,1,1,1,0,0,0,0,424.96802119399
0,1,1,1,1,1,1,1,1,1,1,1,1,1,1,690.411553064343
0,0,0,1,1,0,1,1,1,0,0,0,0,1,1,484.161394829508
0,1,0,1,1,0,1,1,1,1,0,0,0,1,0,512.965302913034
1,1,0,0,0,1,1,1,1,1,1,1,1,1,0,596.197189425293
0,1,1,1,1,1,0,0,1,1,0,0,0,1,0,514.345700660364
0,1,0,0,1,0,1,1,1,1,1,0,0,1,0,516.338746280009
1,0,1,0,0,0,0,1,1,0,0,0,0,1,0,436.755572031279
0,0,1,0,1,1,0,1,1,0,0,0,0,0,1,453.413539972127
0,0,0,0,0,1,0,1,1,0,0,0,0,1,1,425.102027040846
1,1,1,1,1,1,1,1,1,1,1,1,0,1,1,687.991972288646
0,1,0,0,1,0,1,1,1,0,0,0,0,1,0,463.269217800416
0,0,0,0,0,0,0,0,0,1,0,0,0,0,0,329.724537155968
1,1,1,0,0,1,1,1,1,1,1,0,1,1,1,638.041814740769
0,0,0,0,1,0,0,1,0,1,0,0,0,1,0,407.765161023577
0,0,0,0,1,0,1,1,0,0,0,0,0,1,0,402.502034298209
1,1,1,1,1,1,1,0,1,1,1,1,0,1,0,619.214856798955
0,1,0,0,0,1,1,1,1,0,1,0,0,1,1,523.114475736568
1,0,0,1,0,1,0,1,0,0,1,0,0,0,0,452.921893162512
0,0,1,0,1,1,1,1,1,1,1,0,0,1,0,545.205579838234
1,1,1,0,1,1,1,1,1,0,1,1,0,1,0,596.149219307977
1,1,1,0,1,0,1,1,1,1,1,1,1,1,1,658.254085875543
0,0,0,0,0,0,0,1,1,1,1,0,0,1,0,445.827997825263
0,1,1,1,0,0,0,0,1,1,0,0,0,1,0,462.328848091339
0,1,1,0,0,0,0,1,1,1,0,0,0,0,0,437.447135290747
0,1,1,0,0,0,0,1,0,1,0,0,0,1,1,443.183297022312
0,1,0,0,0,0,1,1,1,1,0,1,0,0,0,463.908661241424
1,1,0,0,1,1,1,1,1,1,1,1,1,1,0,619.01376006104
1,1,0,1,0,1,1,1,1,1,1,1,1,1,1,664.346591459638
1,1,1,1,1,1,1,1,1,1,1,0,0,1,1,659.055661862558
0,0,0,1,0,0,0,0,1,1,0,0,0,1,0,415.091815210794
1,1,1,0,1,0,0,1,0,1,0,0,0,1,1,506.133419770424
1,1,1,0,1,0,0,1,0,1,1,0,0,0,0,490.305269675941
0,1,0,0,1,1,1,1,1,1,0,0,1,1,0,537.743219712804
0,1,0,0,0,0,1,0,0,0,0,0,0,0,0,347.125719705718
1,1,1,0,1,0,0,1,0,1,1,0,0,1,0,514.428203489579
0,1,0,1,1,1,1,1,1,0,1,0,0,0,0,522.117323594628
0,0,0,0,1,0,1,0,1,0,1,0,0,1,0,443.220359205114
0,0,0,0,1,0,0,0,1,0,0,0,0,1,1,389.903253512632
0,1,1,0,0,1,1,1,1,1,0,1,0,1,0,541.240657938285
1,0,1,0,1,0,1,1,1,0,0,1,0,1,0,516.2710306917
0,0,1,0,1,0,0,1,0,1,0,0,0,1,0,429.516530080474
0,1,0,0,1,0,0,0,0,0,1,0,0,1,0,415.363409192709
1,0,1,0,1,0,0,0,1,1,1,0,0,1,0,493.08948393239
1,1,0,0,0,1,0,1,0,0,0,1,1,1,0,485.767985435096
1,1,1,1,1,1,1,1,1,1,1,1,0,1,1,687.991972288646
0,0,1,0,1,1,0,1,1,0,0,0,0,1,0,464.216370868939
0,1,1,1,1,1,1,1,1,1,1,1,0,1,0,614.531795313023
0,1,0,0,0,1,0,1,1,1,0,0,0,1,0,466.44852779929
1,1,1,1,0,1,1,1,1,1,1,0,0,1,1,633.978032707979
1,1,1,0,0,1,0,1,1,1,1,1,0,1,1,601.586029928487
0,1,0,0,1,1,1,1,0,1,0,0,0,1,0,489.088141161025
1,0,1,0,0,1,0,1,1,1,1,0,0,1,0,522.366459612693
1,1,1,0,1,0,0,1,1,0,0,0,0,0,0,464.198104054533
0,1,1,0,1,0,0,1,0,0,0,0,0,1,0,430.303643288451
0,0,1,1,0,0,0,0,1,1,0,0,0,1,0,436.418843489159
0,0,0,0,0,0,0,1,0,0,0,0,0,0,0,334.370830823644
0,1,0,0,0,1,0,1,1,1,1,0,0,1,0,496.092084891212
1,1,0,0,0,0,0,1,1,1,0,0,0,1,0,465.453215617534
0,1,1,0,1,1,0,1,1,1,0,1,0,1,0,536.258084053954
0,0,0,0,1,1,1,1,1,0,0,0,0,0,0,442.024886689523
1,1,0,0,0,1,0,0,1,0,1,0,0,1,0,475.736707672328
1,1,1,0,1,1,1,0,1,1,1,1,1,1,0,622.237601337593
1,1,0,0,0,0,1,0,1,1,0,0,0,1,0,464.652388526035
0,1,1,0,1,0,1,1,1,0,0,0,1,1,0,507.766347695968
1,1,1,1,1,0,1,1,1,1,1,0,1,1,0,615.332613106418
0,0,0,0,1,1,1,1,1,1,0,0,0,1,0,491.952275808429
1,0,1,1,1,1,1,1,1,1,1,1,1,1,0,648.075154304136
0,1,1,0,1,1,1,1,1,0,0,0,1,0,1,540.1029089303
0,0,1,0,0,0,1,0,0,1,0,0,0,0,0,366.566989179352
0,0,0,1,1,0,1,1,1,1,0,0,0,1,0,489.854405103671
0,0,0,0,0,0,0,1,0,0,0,0,0,1,0,351.461586881642
0,1,1,0,0,0,0,1,0,1,0,1,0,0,0,432.912846222421
0,0,1,0,0,1,0,1,1,1,1,0,0,1,0,495.50728659802
0,0,0,1,1,1,1,1,1,0,0,0,0,1,0,495.284407752024
0,1,0,1,1,0,0,1,1,0,1,1,0,1,0,516.427401044381
1,1,1,1,1,0,1,1,1,1,1,1,1,1,1,687.815819325626
0,1,0,0,1,0,0,1,1,0,0,0,0,1,0,438.782865440817
1,1,1,0,1,0,0,1,0,1,0,0,0,1,0,484.726905101432
0,0,0,0,0,0,0,1,0,0,0,0,0,1,0,351.461586881642
0,0,1,0,0,0,1,1,1,0,0,0,0,0,0,407.624196274987
0,1,0,0,1,0,1,1,0,1,0,0,0,1,0,459.108782028467
0,0,1,0,0,0,0,1,1,1,0,0,0,0,0,412.02216892226
0,1,0,0,1,1,1,1,1,1,0,0,0,1,0,515.925956589512
0,0,0,0,0,0,0,1,0,1,0,0,0,1,0,380.51668420981
0,0,0,0,1,0,0,1,0,0,0,0,0,1,0,380.032667273138
1,1,1,1,0,1,1,1,0,0,0,0,0,0,1,518.434986392651
0,0,0,0,1,0,0,1,0,0,0,0,0,1,0,380.032667273138
1,0,1,1,1,1,0,1,1,1,1,0,0,1,0,567.981542756953
0,0,0,0,0,0,1,0,1,1,0,0,0,1,1,415.9817929809
1,1,0,0,1,0,1,1,1,1,1,0,0,1,1,572.135845494183
0,1,1,1,1,1,1,0,1,1,1,0,0,1,1,603.587965065914
1,0,1,1,1,0,1,1,1,1,0,1,1,1,0,588.670929291916
1,1,0,1,1,1,1,1,1,1,0,0,0,1,1,600.360441131932
0,0,0,0,1,0,0,0,1,0,0,0,0,1,0,382.95565165517
0,1,0,1,1,1,0,1,1,1,0,1,0,1,0,537.146437053129
1,1,1,1,1,1,0,1,1,1,1,0,0,0,1,596.559128301644
1,1,1,0,1,0,1,1,1,1,1,0,0,1,0,565.743399184924
0,1,1,0,1,1,0,1,1,1,1,1,0,1,1,596.2558999737
1,1,1,1,1,0,1,1,1,1,0,0,0,1,0,562.562227789639
0,0,0,0,0,1,0,0,1,1,0,0,1,1,0,426.362902075066
0,0,0,0,1,0,0,0,1,0,1,0,0,1,0,419.550458030931
0,0,1,0,1,0,0,0,1,0,0,0,0,1,0,403.968070974462
0,1,0,0,0,0,0,0,1,1,0,0,0,0,0,390.852864175352
1,1,0,1,1,1,1,1,1,1,0,1,1,1,1,658.490440990982
0,1,0,0,1,1,1,1,0,1,1,0,0,1,0,519.21081306213
0,1,1,0,1,1,0,1,1,0,0,1,0,1,1,540.454405361049
0,0,0,0,1,1,1,1,0,0,1,0,0,1,0,470.957653932762
0,1,0,0,1,0,0,1,1,0,0,0,0,1,0,438.782865440817
0,0,0,0,1,0,0,0,0,0,0,0,0,1,0,345.960790021202
1,1,0,0,1,0,0,1,0,0,0,0,1,1,0,452.84047777278
0,0,0,1,1,0,0,1,0,0,0,0,0,1,0,412.493869880415
1,1,1,1,1,1,1,0,1,1,1,0,1,1,1,666.424880638197
0,0,1,1,1,1,1,1,1,1,0,0,0,1,1,572.875598086566
0,1,1,1,1,1,1,1,1,1,1,1,0,1,1,655.432182788082
0,0,0,0,0,0,1,0,0,0,0,0,0,1,0,333.016271549435
1,1,1,1,1,1,1,1,1,1,1,0,0,1,0,617.639129472839
0,1,1,1,1,0,1,1,1,1,1,0,0,1,0,563.326790217612
1,1,0,0,0,1,1,1,0,1,0,1,0,1,0,518.506188571715
1,1,1,0,1,1,1,1,1,1,1,0,0,1,0,593.87292183621
0,0,0,1,1,0,1,1,0,0,0,0,0,1,0,436.175417270806
1,0,0,0,0,0,1,1,0,1,0,0,0,1,1,448.390553072391
1,1,1,0,1,1,1,1,1,1,1,1,1,1,1,694.944656055566
0,1,1,0,1,0,1,1,1,0,1,0,0,0,0,492.604324835788
1,1,1,1,1,1,1,1,1,1,1,0,0,1,1,659.055661862558
0,1,0,0,1,0,0,1,1,0,1,0,0,1,1,486.445241899114
0,0,0,1,0,1,0,1,1,0,0,0,0,1,0,445.11345177578
1,1,1,0,1,1,0,1,1,1,0,0,0,1,1,569.191218599374
1,0,0,1,0,1,0,1,1,1,0,0,0,1,1,518.191773510883
1,1,1,0,0,1,0,1,1,1,1,0,0,1,1,575.215380778768
0,0,0,1,0,0,1,0,1,1,0,1,0,1,0,464.865032395395
1,1,1,1,1,1,0,1,1,1,0,0,0,1,0,563.068296830293
0,0,0,0,1,0,1,1,1,0,1,0,0,1,0,470.176802151219
1,1,1,0,1,1,1,1,1,1,1,1,1,1,1,694.944656055566
1,0,0,0,1,1,1,1,1,1,0,0,0,1,0,519.742520134679
0,1,0,0,0,0,0,0,1,1,0,0,0,0,1,397.613142852733
0,1,1,0,1,0,0,1,1,0,0,0,0,1,0,460.633882316051
0,0,1,0,1,0,1,1,1,1,0,1,0,1,0,511.598606273313
0,1,0,1,1,1,1,1,1,1,0,1,0,1,1,596.945372193508
0,0,0,0,1,1,0,1,0,0,1,0,0,0,0,422.615263967859
1,1,0,0,1,1,1,1,1,0,1,1,0,0,0,546.598588351462
1,0,0,0,0,0,1,1,0,0,0,0,0,0,0,379.664398654954
0,0,0,0,0,0,0,0,0,0,0,0,0,0,0,300.821391557157
0,1,1,0,0,0,0,1,1,1,0,0,0,1,0,460.43280868712
0,1,1,0,1,0,0,1,0,0,0,1,0,1,0,456.977073228404
0,0,0,0,1,0,0,1,0,1,0,0,0,1,0,407.765161023577
0,1,0,0,0,1,0,0,1,0,1,0,0,1,0,448.087698956743
1,0,0,0,1,0,0,1,1,1,1,0,0,1,1,515.774157940801
1,1,1,0,1,1,1,1,0,1,1,1,1,1,1,664.59384811133
0,1,1,0,0,0,1,1,1,1,1,1,0,1,0,540.841161184188
1,1,1,1,1,1,1,1,1,1,1,1,0,1,1,687.991972288646
1,1,1,0,1,0,1,1,1,0,1,1,0,1,0,567.80753283338
1,1,1,1,1,0,1,1,0,1,1,1,0,1,0,588.873315778565
0,1,0,1,1,0,1,1,1,1,0,0,0,1,1,538.177104348819
1,1,1,1,1,1,1,1,1,1,0,0,0,1,0,590.738193038215
1,1,0,1,0,1,0,1,0,0,1,0,1,1,0,520.013478970747
1,1,1,1,1,0,1,1,1,1,0,0,1,1,0,587.13498546871
1,0,0,0,1,0,0,0,0,0,0,0,0,1,0,375.096235704091
0,1,0,0,1,1,0,1,0,1,0,0,0,1,0,462.746913101397
1,1,1,0,1,1,1,1,1,0,1,1,0,1,0,596.149219307977
0,1,0,0,1,0,0,0,0,0,0,0,0,0,0,357.666544253224
1,1,0,0,1,1,1,1,1,0,0,1,0,1,0,544.57819612397
0,0,1,0,0,0,0,1,1,1,0,1,0,1,1,477.418387684793
1,0,0,1,1,1,0,1,1,1,0,0,0,1,0,518.182008458958
1,1,1,1,1,1,1,1,1,0,0,0,0,1,1,604.320653628318
1,0,0,0,0,1,1,1,1,1,1,0,0,1,0,525.738785370324
0,0,1,1,0,0,0,1,1,1,1,1,0,1,0,516.393072303573
0,1,1,0,1,1,1,1,1,1,1,1,0,1,1,628.402849232808
1,1,0,0,1,1,0,1,1,1,1,0,0,0,1,544.193077805812
0,0,1,1,1,0,1,1,0,1,0,0,0,1,0,485.928447122941
1,1,0,0,1,1,0,1,0,0,0,0,0,1,0,466.167761384055
1,0,0,0,1,1,1,1,1,1,1,0,0,1,0,547.920993466393
1,1,0,1,1,1,1,1,1,1,0,0,1,1,0,591.14469242027
0,0,0,1,1,1,0,0,0,1,0,0,0,1,0,438.572242755347
0,1,1,1,0,0,1,1,1,1,1,0,0,1,0,541.739301927193
0,1,0,1,0,1,0,1,1,1,0,1,0,1,0,515.691210794412
0,0,0,0,1,0,0,1,1,0,0,0,0,0,0,392.716009185331
0,0,0,0,1,0,0,1,1,0,0,0,0,1,0,412.952968241191
1,1,0,0,1,0,1,0,1,1,1,1,0,1,1,573.405696839208
1,1,0,0,1,0,0,1,1,1,1,0,0,0,0,493.458868008347
1,1,1,1,1,0,1,1,0,1,0,1,0,1,1,595.712656227662
0,1,1,0,1,0,0,1,1,1,1,0,1,1,1,564.416956252795
0,0,1,0,0,0,1,1,1,1,1,0,0,1,0,493.154725569719
0,1,0,1,0,1,0,1,0,1,0,0,0,1,0,466.171126901475
1,1,1,0,1,0,1,1,0,1,1,1,1,1,0,590.003013558533
1,1,1,0,1,1,0,1,1,1,1,0,0,0,0,541.412708010466
1,0,0,0,0,0,1,1,1,1,0,1,0,0,1,484.346662758096
0,1,0,1,1,0,1,1,1,1,0,1,0,1,0,536.120586323437
0,1,1,1,0,1,0,1,1,1,1,0,0,1,0,542.652992541579
0,0,0,0,0,0,1,1,1,0,0,0,0,1,0,408.7370675348
0,0,0,0,0,0,0,1,0,0,0,1,0,1,0,378.008790624116
0,0,0,0,1,0,1,1,1,1,0,0,0,1,0,462.480826973632
0,0,1,0,0,1,1,1,1,0,1,0,0,1,0,498.874369735201
0,0,1,1,0,1,1,1,1,0,0,0,0,1,0,494.97204768389
1,1,1,0,1,0,1,0,1,0,0,1,1,1,0,538.706141308778
0,0,0,0,1,0,0,0,1,0,1,1,0,0,0,422.458242894083
1,0,0,1,0,0,0,1,1,0,0,0,0,0,0,422.582236245664
0,1,1,0,0,1,1,1,0,1,1,0,0,1,0,520.001666764457
0,0,0,0,0,0,0,0,0,0,0,0,0,1,0,315.696940425114
0,1,0,0,0,0,0,1,1,1,0,1,0,1,0,462.821027459146
1,0,1,0,1,1,0,1,1,1,0,0,0,1,0,516.367233619399
1,1,1,1,0,1,0,1,1,1,0,0,0,0,1,542.271491757473
1,0,1,0,1,1,1,1,1,1,1,0,0,1,0,571.838215734231
0,1,0,0,0,0,0,1,1,1,1,0,0,0,1,460.384630767898
0,0,1,1,0,0,0,0,1,0,0,0,0,1,0,409.398202280005
1,1,1,1,1,1,1,1,1,1,1,1,0,1,0,642.028599294956
0,0,1,0,0,1,0,1,1,1,0,0,0,1,0,463.995688771655
1,1,0,0,0,1,1,1,1,1,1,0,0,1,0,548.202173887874
0,1,1,1,1,0,1,1,1,1,1,0,0,1,0,563.326790217612
1,1,1,1,1,1,0,1,1,1,0,0,0,1,0,563.068296830293
0,1,0,1,0,1,1,1,1,0,1,0,1,1,0,546.661463942156
1,1,1,1,1,1,1,1,1,1,1,0,0,1,1,659.055661862558
0,1,0,0,0,1,1,1,0,0,1,1,0,1,0,497.260470311118
1,1,1,1,1,1,1,1,1,1,1,1,0,1,0,642.028599294956
0,0,1,0,1,0,1,1,0,1,1,0,0,1,1,512.762374403654
0,1,0,0,1,0,0,1,0,0,0,0,0,1,0,408.48076879725
0,0,0,0,0,0,0,1,1,0,0,0,0,0,0,367.843736391702
0,0,0,1,1,0,0,1,0,1,0,0,0,1,0,437.705753188
0,0,1,0,1,1,1,1,1,1,0,0,0,1,0,516.200747219813
0,1,1,0,1,0,1,1,1,0,0,1,0,1,0,512.397624681344
1,1,1,1,1,1,1,1,1,1,1,1,1,1,0,673.25235034482
0,0,0,1,1,0,0,0,0,0,0,1,0,1,0,408.771061552334
0,1,0,0,0,0,1,1,1,0,0,0,0,0,0,414.279364585749
0,0,0,0,0,0,0,1,0,0,0,0,0,0,0,334.370830823644
0,0,1,0,0,0,0,1,0,0,1,0,0,1,0,411.76746357425
1,1,0,1,1,0,0,1,0,1,0,1,0,1,0,511.596616833781
1,1,1,1,1,1,0,1,1,1,1,1,0,1,0,612.402070364289
0,0,1,1,0,1,1,1,1,1,0,0,1,0,0,513.641765869433
1,0,0,0,0,0,0,1,1,0,0,0,1,1,1,442.404556779231
0,1,0,0,1,1,1,1,1,1,1,0,0,0,1,545.005104178715
0,0,0,0,0,0,0,0,1,1,0,0,0,0,0,364.428230042562
0,0,0,0,1,1,0,1,1,0,0,0,0,0,0,418.587145475485
0,0,0,1,1,1,0,1,0,1,0,0,0,0,1,455.661969675955
0,0,0,1,1,1,0,1,1,1,0,0,0,1,1,513.499726425797
1,0,1,1,1,1,0,1,0,1,0,0,0,1,1,542.895126571945
0,0,1,0,0,0,1,1,0,0,0,1,0,1,0,426.002060220472
0,0,0,0,1,0,1,1,1,1,0,0,1,0,0,454.411425874055
0,0,0,0,0,1,0,1,0,0,0,0,0,0,0,358.392014992054
1,1,1,0,1,0,1,0,1,0,0,0,0,1,0,489.608294894154
1,0,0,1,1,0,1,1,1,1,1,0,0,1,0,544.166871760686
1,1,0,1,1,1,1,1,1,1,1,0,0,0,1,600.639958050253
0,1,0,1,1,0,1,1,1,1,1,1,1,1,1,624.472657992642
0,1,1,0,0,0,1,1,0,1,0,1,0,0,0,457.890563887213
1,0,1,0,1,1,0,1,1,0,0,1,1,1,0,540.31278986724
0,0,0,0,1,0,0,1,0,1,0,0,0,1,0,407.765161023577
1,1,0,0,1,1,1,1,0,0,1,0,0,1,1,551.894327233776
0,0,0,0,1,1,1,1,1,1,1,0,0,1,0,521.553645340439
1,1,0,1,1,1,1,1,0,1,1,0,0,1,0,569.620575793463
0,1,1,0,1,1,0,1,0,1,0,1,0,0,0,485.867991938842
1,1,1,1,1,1,1,1,1,0,1,0,0,1,1,634.647999666583
0,1,0,0,1,1,1,1,0,0,1,1,0,0,0,495.764940867399
0,0,1,0,0,0,1,1,0,0,0,1,0,1,0,426.002060220472
1,1,0,1,1,1,1,1,1,0,1,0,0,1,0,572.284313987848
1,1,1,0,1,1,1,1,0,1,1,1,0,0,1,601.390599406846
1,1,1,0,0,1,1,1,1,1,0,0,0,1,0,544.315364130134
0,0,1,1,1,0,0,1,1,1,0,0,0,1,0,486.901016461428
1,1,1,0,1,1,1,1,1,1,1,1,1,1,1,694.944656055566
1,0,0,0,1,0,0,1,1,1,0,0,0,1,0,464.92363484827
1,1,0,0,0,1,1,1,0,0,0,0,0,1,0,466.969414709865
0,0,1,0,0,0,0,1,0,0,1,0,0,1,0,411.76746357425
1,1,0,1,1,1,1,1,1,1,1,0,1,1,0,619.059153359671
0,1,1,0,1,1,1,1,0,0,0,0,0,0,0,461.915468261057
1,0,0,0,0,1,1,0,0,0,0,1,0,1,0,433.560306795762
0,0,0,0,0,0,0,1,0,0,0,0,0,0,0,334.370830823644
1,0,1,1,0,1,1,1,0,1,0,0,1,1,0,543.617248336037
0,0,1,0,1,0,1,1,1,1,1,0,0,1,0,516.671024062552
1,1,1,0,1,1,1,1,1,1,0,1,1,1,1,660.927802468512
0,0,0,1,1,0,0,0,0,0,0,1,0,1,0,408.771061552334
1,1,1,1,0,1,0,1,1,1,0,0,0,1,1,571.595241820863
1,1,1,0,0,1,1,1,0,1,0,1,0,1,0,543.222274650509
0,0,0,0,0,1,0,1,1,0,0,0,0,0,1,400.285512044092
0,1,0,0,0,0,0,1,0,0,0,0,0,1,0,381.170084390282
1,1,0,0,1,0,1,1,0,1,1,1,1,0,0,537.43650945738
1,0,0,0,1,1,0,1,1,1,0,0,1,1,0,512.981428128169
1,1,0,0,1,1,1,1,1,1,1,0,0,1,1,603.84433920451
1,1,1,0,1,0,1,1,1,0,0,1,1,1,0,563.85561644469
0,1,0,1,1,0,1,1,1,1,1,0,0,1,0,540.228496399448
1,1,0,1,1,1,1,1,1,0,1,0,0,1,0,572.284313987848
1,1,1,0,1,0,0,0,1,1,0,0,0,1,0,486.820110467877
1,1,0,0,1,1,1,1,1,0,1,0,0,1,1,579.97672429398
0,0,1,0,1,1,1,1,1,1,1,0,0,1,0,545.205579838234
0,1,1,0,0,0,0,1,0,1,0,1,0,1,0,456.796786971725
1,1,0,0,1,0,1,1,0,1,0,0,0,1,0,487.779163497801
0,1,1,1,1,0,0,1,1,1,0,0,0,1,1,534.217587467656
0,0,0,0,0,1,1,1,1,1,0,0,0,1,0,466.784246744186
1,1,0,1,1,1,1,1,1,0,1,1,0,1,1,632.854234688337
0,0,1,0,1,0,1,1,1,1,0,1,1,1,1,566.402945101522
1,1,1,1,1,1,1,1,1,1,1,1,1,1,1,728.198029979946
0,1,1,0,1,1,1,1,1,1,0,1,0,0,0,537.923208796436
0,0,0,0,0,0,0,1,0,1,0,0,0,1,0,380.51668420981
0,0,1,0,1,1,0,1,1,0,0,0,0,1,0,464.216370868939
1,1,1,1,0,0,0,1,1,1,1,0,1,1,1,598.332800159873
0,1,0,0,1,1,1,1,1,0,0,0,0,1,0,492.749786404509
0,1,0,0,1,1,1,1,1,0,1,0,1,1,0,544.260025179322
0,0,0,0,1,0,0,1,1,1,0,0,0,1,1,450.735821741633
1,1,1,0,1,1,1,1,1,1,1,1,1,1,0,646.282166230976
1,0,1,0,1,0,1,1,1,1,1,0,0,0,0,518.314011452332
0,1,1,0,1,1,1,1,1,0,1,0,0,1,0,545.974966495218
0,0,0,0,0,0,0,0,1,0,0,0,0,1,0,354.692459524061
0,1,0,0,0,0,1,1,0,0,0,0,0,0,0,381.237931520348
1,1,1,0,1,1,0,1,1,1,1,0,0,0,1,570.51995641781
1,1,0,1,0,1,1,1,1,0,1,0,1,1,1,611.22577333464
1,0,1,1,0,1,1,0,1,1,0,0,0,1,1,551.2846222897
0,1,0,1,0,0,1,0,1,0,0,0,0,0,0,416.326172554259
0,1,0,0,1,0,0,1,1,0,0,0,0,0,0,417.582595428949
1,1,1,1,1,1,1,1,1,1,1,0,0,1,1,659.055661862558
0,0,1,0,1,1,1,1,1,1,0,0,0,1,0,516.200747219813
0,1,1,0,0,1,0,0,0,0,0,0,0,1,0,398.890519350743
0,0,1,1,0,0,0,1,0,1,0,0,0,1,0,433.976265768967
1,1,1,0,1,1,0,1,1,0,1,1,0,1,1,602.206604275566
0,1,1,1,1,1,1,1,0,1,1,1,0,1,0,590.699498000259
0,1,1,0,1,0,1,1,1,1,1,0,0,1,0,539.464930653483
0,0,0,0,0,1,1,0,0,1,0,0,0,0,0,374.929336594893
1,1,1,1,1,1,0,1,0,1,1,0,0,1,0,566.053559433206
1,0,1,0,1,1,1,1,1,1,1,1,0,0,1,603.462174773766
0,0,0,0,1,0,0,0,1,0,0,0,0,0,0,363.8105966121
0,0,1,1,1,0,1,1,1,1,1,1,0,1,0,564.596153416046
0,0,0,0,0,0,1,1,0,1,0,0,0,0,0,380.576013976133
0,0,0,0,0,0,0,1,1,0,0,0,1,1,0,398.2148955751
0,0,0,0,0,0,0,1,0,0,0,0,0,1,0,351.461586881642
1,1,1,1,1,0,1,1,0,1,0,1,0,0,0,536.147715917165
1,1,1,0,1,0,1,1,1,0,0,0,0,1,0,515.449578363217
0,1,0,0,0,1,1,1,1,1,0,0,0,1,0,492.40552119744
1,0,0,0,1,0,1,1,1,1,0,0,0,1,0,490.628130150566
1,1,0,1,1,0,0,1,1,1,1,0,0,1,0,539.595104512754
1,1,1,0,1,0,1,1,0,0,0,0,0,1,0,487.361420512493
0,0,1,0,1,1,1,1,1,1,1,1,1,1,1,634.129792287861
0,0,0,0,1,0,0,1,0,1,0,0,0,0,0,387.337420741802
0,1,1,1,1,0,1,1,1,1,1,0,0,1,1,596.515506802459
0,1,0,0,1,1,1,0,1,1,1,0,0,1,0,521.096306056615
0,0,0,0,1,1,0,1,1,1,0,1,0,1,0,490.224212156033
0,0,0,0,1,1,1,1,0,1,0,0,0,1,0,462.697665225952
0,1,0,1,0,0,1,1,1,0,1,0,1,1,0,516.888734618116
0,0,0,1,0,0,0,1,1,0,0,0,0,0,0,397.5387896063
0,0,1,0,0,1,0,1,0,1,1,0,0,1,0,467.867629120492
1,1,1,0,0,0,1,1,1,1,0,0,1,1,0,537.471354839572
0,0,1,0,1,0,0,1,1,1,0,0,0,1,1,476.656262230468
0,1,1,0,0,0,1,0,1,0,0,0,0,0,1,415.490611360758
0,0,0,0,1,1,1,1,1,0,0,1,0,0,0,467.787232119764
0,1,1,0,0,1,0,1,1,1,0,0,0,1,1,511.375382214664
1,1,1,1,1,1,1,1,1,1,1,1,0,1,0,642.028599294956
0,0,0,0,1,1,1,0,1,1,0,0,0,0,0,439.817509419202
0,0,1,1,0,1,1,1,1,1,0,0,0,1,0,518.882079799034
0,1,0,0,0,0,0,0,0,1,0,0,0,0,0,358.404282605041
0,0,1,0,0,0,0,1,1,1,0,0,0,1,0,434.369998094637
1,0,1,1,1,1,1,1,1,1,1,0,0,1,1,633.771281826174
0,0,0,0,1,1,0,1,1,1,0,1,1,0,1,505.403285402377
0,1,0,0,0,1,0,1,0,0,0,0,0,1,0,409.698045019421
1,1,0,1,1,1,0,1,1,1,0,0,1,1,0,562.281575477477
1,1,1,0,1,1,1,1,1,0,1,1,0,1,1,634.704164990501
1,0,1,0,1,1,1,1,1,1,0,0,0,1,0,544.010994285274
0,0,0,0,1,0,0,1,1,1,0,0,1,1,0,453.339728503911
0,0,0,0,0,1,0,0,1,0,0,0,0,1,0,382.154977701971
1,1,1,1,1,1,1,1,1,1,1,1,1,1,1,728.198029979946
1,0,0,0,1,0,0,1,0,0,0,0,0,1,0,408.708459665893
1,1,0,0,1,0,0,1,0,0,1,0,0,1,0,469.251466581563
0,0,0,0,1,0,0,0,1,1,0,0,1,1,0,423.93925338437
0,0,0,0,1,0,1,0,1,0,0,0,0,1,0,405.478788223931
0,1,0,0,0,0,0,1,1,0,0,0,0,0,1,400.477562494616
0,0,0,1,1,0,0,0,1,1,1,0,0,1,0,470.501260653072
0,0,0,0,0,0,1,0,1,1,0,0,0,0,0,383.496833925534
0,1,0,0,1,1,0,0,1,1,0,0,1,1,0,482.963304086569
1,0,0,0,0,0,0,0,0,0,0,0,0,1,0,343.084942848877
1,1,0,0,1,1,0,1,1,1,1,0,0,1,0,543.133706085142
0,1,1,0,0,0,1,1,0,1,1,0,1,1,0,511.126067281048
0,0,1,0,1,1,1,1,1,1,1,0,0,1,1,576.585225082705
0,1,0,0,1,0,0,1,1,1,0,1,0,1,0,485.847896930823
0,0,1,0,1,0,0,0,0,0,1,1,0,0,0,412.664527353318
0,0,1,0,1,0,0,1,1,1,0,0,0,0,0,436.794558137926
0,1,0,1,0,1,1,1,0,0,0,0,0,1,0,467.300649421757
0,1,0,0,1,1,1,1,1,1,1,0,0,1,1,574.13086308365
0,0,1,0,1,0,0,1,1,0,0,0,0,1,0,434.407509702156
1,1,1,0,1,1,1,1,1,1,1,1,0,1,1,659.274626862947
0,1,0,1,1,0,0,1,1,1,1,0,0,1,0,514.955427168651
0,0,0,1,0,1,1,0,1,0,0,0,0,1,1,457.477423088247
0,1,0,0,1,1,1,1,1,1,0,0,0,0,0,491.155752743277
0,0,0,0,0,0,0,1,0,1,0,0,0,1,0,380.51668420981
1,0,0,1,1,1,1,1,1,1,1,1,1,0,0,593.114842307772
0,0,1,1,1,1,1,1,1,1,0,1,0,1,0,565.597236479038
0,1,1,0,0,0,1,1,1,1,1,1,0,1,0,540.841161184188
0,1,1,1,1,0,0,1,1,0,1,0,0,1,0,515.997970918789
0,0,1,0,1,0,1,1,0,0,0,0,0,1,0,426.630076182093
0,0,1,0,0,1,0,1,1,0,0,0,0,1,0,437.35169992521
0,0,0,0,0,0,1,1,1,0,0,1,0,1,0,436.378761887847
0,0,0,0,0,0,0,0,1,0,1,0,0,1,0,393.861014384879
0,1,0,0,0,1,0,1,0,1,1,0,0,1,0,470.048151811913
1,0,0,0,0,0,0,1,1,1,1,0,0,1,1,489.686150577402
1,1,1,0,0,0,1,1,0,1,0,0,0,1,0,487.025762848953
0,0,1,1,1,0,1,1,1,1,0,1,0,1,0,537.206686299809
0,0,1,1,1,0,0,1,0,1,0,0,0,1,0,459.559202919108
0,0,0,1,1,1,1,0,1,1,0,1,0,1,0,518.482130662988
1,1,0,0,1,1,0,1,1,1,1,0,0,1,0,543.133706085142
0,0,0,0,1,0,0,0,0,0,0,0,0,1,0,345.960790021202
1,0,1,0,1,0,0,1,0,0,1,0,0,1,0,467.049930943205
1,0,1,0,1,0,0,1,1,1,0,0,0,1,0,487.575088111407
0,1,0,0,0,1,0,1,0,0,0,0,0,0,0,387.681170967066
0,0,0,0,1,0,0,1,0,0,0,0,0,1,0,380.032667273138
0,0,0,0,1,0,0,0,0,0,0,0,0,0,0,328.551246062944
0,0,1,0,1,0,0,1,0,0,1,0,0,0,1,425.855119794164
1,0,1,0,1,1,1,1,0,0,0,1,1,1,1,578.239247540509
0,0,0,1,0,1,0,0,0,0,0,0,0,0,0,360.725164420566
1,1,1,0,1,1,0,1,1,1,1,0,0,1,0,566.18877547054
0,0,0,0,0,1,0,0,0,1,0,1,0,1,0,404.385733468552
1,0,0,0,1,1,1,1,0,1,0,0,0,1,0,492.526441756033
0,1,1,0,0,0,0,1,1,1,0,0,0,1,0,460.43280868712
0,1,1,1,1,1,1,0,1,1,1,0,1,1,0,594.064800913528
1,0,0,0,1,0,1,1,1,0,0,0,0,1,0,465.95900819096
0,0,1,0,0,1,0,1,0,1,0,0,0,0,0,407.833074875185
1,0,1,1,1,0,1,1,1,0,0,1,0,1,0,542.085581789656
1,0,0,0,1,1,1,1,1,1,1,0,0,1,1,579.109236239959
0,1,0,1,1,1,1,1,0,1,1,0,0,1,0,543.708619386842
1,0,1,0,1,1,1,1,1,1,0,0,0,1,0,544.010994285274
0,0,1,1,0,1,1,1,1,1,0,0,0,1,0,518.882079799034
0,0,1,0,0,1,0,1,1,1,0,0,0,1,0,463.995688771655
0,1,0,1,1,0,0,0,0,1,0,1,0,1,0,461.000609557252
0,1,0,0,1,0,1,1,1,1,0,0,1,1,0,507.089949371269
1,1,1,1,1,1,1,1,1,1,0,0,0,1,1,628.396118767183
0,1,0,0,1,1,0,1,1,1,1,0,0,1,0,517.84821794533
0,1,1,1,1,1,1,0,0,0,0,0,1,1,1,543.161597130273
0,0,1,1,0,0,1,1,1,1,0,0,0,1,0,489.331050024815
1,1,1,1,1,0,1,1,1,1,1,0,0,1,1,626.241638045597
0,1,1,0,1,1,1,1,1,1,1,1,0,1,0,590.824494401454
1,1,1,1,0,0,1,1,1,1,0,0,0,0,0,515.264054512683
0,0,1,0,0,0,1,0,0,1,0,0,0,1,0,390.655155625457
0,1,0,0,1,0,0,1,0,1,0,0,0,0,0,412.98917720446
0,1,0,0,0,0,1,1,1,0,1,0,0,1,0,470.69767316893
1,0,1,0,1,1,0,1,1,1,1,0,0,1,0,544.439249900204
0,0,0,0,0,1,1,1,1,1,0,0,0,1,0,466.784246744186
0,1,0,0,1,0,0,1,1,1,0,0,0,1,0,462.407201275866
1,1,1,1,1,1,1,1,1,1,1,0,0,1,0,617.639129472839
0,1,0,0,1,0,0,1,0,1,0,0,0,1,0,434.391468271747
0,0,0,0,1,0,1,1,1,0,0,0,1,0,0,427.246929567166
0,1,0,1,1,1,0,1,1,0,1,0,0,1,0,520.608301526422
0,1,1,1,1,1,0,1,1,1,1,0,0,1,1,596.523637073701
1,0,0,1,1,1,0,1,0,1,0,1,0,1,0,516.673869388381
0,0,1,1,1,1,0,0,1,1,1,0,0,1,0,519.926796625124
1,1,1,0,1,0,1,1,1,0,1,0,0,0,0,519.066643573839
1,1,1,1,1,1,1,1,1,1,1,1,0,1,1,687.991972288646
1,1,0,0,1,1,0,1,1,1,0,0,0,1,1,541.68863530268
0,0,0,0,0,1,0,0,0,1,0,0,0,0,0,354.113421165378
0,0,1,0,0,0,0,1,1,0,1,1,0,1,0,467.986574590508
0,0,1,0,1,0,0,1,0,1,0,0,0,1,0,429.516530080474
0,0,0,0,0,0,0,0,0,1,0,0,1,0,0,337.113677949896
0,0,0,0,0,0,0,0,1,0,0,0,0,0,0,337.50096832034
1,1,1,1,1,1,1,1,0,1,0,0,1,0,0,563.993834385796
0,0,1,1,1,1,0,1,1,1,0,0,1,1,0,536.227328009451
0,0,1,0,0,1,0,1,0,1,1,0,0,1,0,467.867629120492
1,1,1,1,1,0,0,1,1,1,1,1,1,1,0,609.927873681319
0,0,0,0,0,0,1,1,1,1,1,0,0,1,0,469.928604798389
1,0,1,0,1,0,0,1,1,0,0,0,0,1,0,463.205235184442
0,1,1,1,1,1,1,1,1,0,1,1,0,1,1,631.147168697779
0,1,1,1,1,1,1,1,1,1,1,1,1,1,0,642.736686429296
1,1,0,0,1,0,1,1,1,1,1,1,0,1,0,565.08859648186
1,0,0,0,1,0,0,1,0,1,0,0,0,1,0,435.932998634552
1,1,0,0,0,1,1,1,1,0,1,0,0,1,0,526.507176469749
0,0,0,1,1,0,0,1,1,0,0,0,0,0,1,430.402566411515
0,0,0,0,0,0,0,0,0,0,0,0,0,0,0,300.821391557157
0,1,1,1,1,1,1,1,0,1,1,1,1,1,1,660.525077412518
0,1,1,0,1,1,0,0,1,0,1,1,0,0,0,494.689731764622
0,1,0,0,1,1,0,1,0,1,0,1,0,0,0,463.611095214176
0,0,1,0,0,0,0,1,1,0,0,0,0,1,0,407.180147390313
1,1,1,1,1,0,1,1,0,1,1,1,1,1,1,658.127592589044
0,1,1,0,1,1,0,1,0,1,0,0,0,1,0,485.989707335293
0,0,0,0,1,0,1,1,0,0,1,1,0,1,0,466.993795445103
1,0,0,1,1,0,0,1,1,1,1,1,1,1,0,562.618129588731
0,1,0,1,1,1,1,1,1,1,1,1,1,1,0,615.842637601283
0,0,0,1,0,1,0,1,0,1,0,0,0,1,0,440.69736100329
0,1,0,1,0,0,0,1,1,1,1,1,0,1,1,540.531809858327
1,1,1,1,0,1,0,0,1,0,1,1,0,0,0,523.34337414742
0,1,0,0,1,0,1,1,1,1,0,0,0,1,0,487.348998178871
1,1,1,1,1,1,0,1,0,0,1,0,0,1,1,575.650142367975
0,0,0,0,1,0,0,1,1,1,0,0,0,1,0,438.055344242102
0,1,0,0,1,1,0,0,1,0,1,1,0,1,1,518.707847133243
0,1,0,0,0,0,0,1,0,0,0,0,0,0,0,362.14290507155
0,0,0,0,0,1,1,1,0,1,1,0,0,0,0,445.951512679901
0,0,0,0,1,0,1,1,0,0,1,0,0,0,0,417.67261691507
1,1,0,0,0,1,1,0,1,1,1,1,0,1,1,580.742921883656
0,0,0,0,0,1,0,0,1,0,0,0,0,1,0,382.154977701971
0,0,0,0,1,1,1,1,1,0,0,0,0,1,0,467.020881657069
0,0,0,0,0,1,0,1,1,0,0,0,0,1,0,414.497055841821
1,0,1,0,0,0,1,1,1,0,1,0,1,1,0,518.907571483278
0,1,0,0,0,1,1,1,1,1,0,0,0,1,1,515.316501199677
1,0,1,0,0,0,1,1,1,0,0,0,0,1,0,463.791723630768
0,1,1,0,0,1,0,1,1,1,1,1,0,0,0,517.317683665291
0,1,1,0,1,1,1,1,1,0,0,1,0,1,1,573.171616030933
0,1,1,0,0,0,0,0,1,0,1,0,0,1,0,441.62035804738
0,0,0,0,1,1,1,1,0,0,0,0,0,0,0,409.197586998318
1,1,0,1,1,0,0,1,1,1,1,0,0,0,0,516.445026614885
1,0,0,1,1,1,0,1,0,1,1,1,0,1,0,544.058913524656
0,1,0,0,0,0,0,1,0,0,0,0,0,1,0,381.170084390282
0,0,0,0,1,1,0,1,1,0,0,1,0,1,1,484.578599394268
1,0,0,1,0,0,1,1,1,0,0,0,0,1,0,469.515649270524
0,0,0,0,0,0,0,0,0,1,0,0,0,0,0,329.724537155968
0,0,0,1,1,1,1,1,0,1,1,0,0,1,0,521.374212591672
0,0,0,0,0,0,0,0,1,0,0,0,0,0,0,337.50096832034
1,1,0,1,1,1,1,1,1,1,1,1,0,1,0,616.196563666218
1,0,0,1,0,0,0,1,0,0,0,0,0,1,0,413.860082896665
1,1,0,0,1,0,1,1,1,0,0,0,0,1,0,491.417824440374
1,0,1,1,1,0,1,1,0,1,0,0,0,1,0,514.448302248439
0,0,0,0,1,0,0,0,1,1,0,1,0,1,1,448.835315527436
1,0,1,1,1,1,1,1,0,1,1,0,0,1,1,606.861443597535
0,1,0,1,0,0,0,1,1,1,0,0,0,1,0,465.604740372677
0,1,0,0,1,1,1,1,1,1,0,0,0,1,0,515.925956589512
0,1,0,1,0,1,1,1,1,1,0,0,0,0,0,493.965356290912
1,1,1,1,1,1,1,1,1,1,0,0,1,1,1,660.695725172382
0,1,1,0,1,0,0,1,1,1,0,1,0,0,0,484.29599107293
0,0,0,0,1,1,1,0,1,1,0,0,0,0,0,439.817509419202
1,1,1,1,1,1,1,1,1,1,1,1,1,1,1,728.198029979946
1,1,1,0,1,1,1,1,1,1,1,1,0,1,0,617.589869909634
0,0,1,0,1,0,0,0,0,0,0,0,0,1,0,365.913517257134
0,1,1,1,0,1,0,1,1,1,1,1,0,1,0,565.301821998037
0,1,0,0,0,0,0,1,1,1,1,0,0,0,0,447.72307191142
0,0,1,0,1,0,1,1,1,1,1,1,1,0,0,536.667308569901
0,1,1,0,0,1,0,0,1,0,0,0,0,0,1,421.672275532104
0,0,0,1,1,1,0,1,1,1,0,0,0,0,1,485.791239937806
1,1,1,1,1,1,0,1,1,1,1,1,0,1,0,612.402070364289
1,1,0,0,0,1,1,1,1,0,0,0,0,1,0,496.68210369421
1,1,1,1,0,1,1,1,0,0,0,0,0,1,1,549.994534408515
1,1,0,0,0,0,0,0,0,1,0,0,0,0,0,384.858846061668
0,0,1,0,1,0,0,1,0,1,0,0,0,1,0,429.516530080474
0,1,1,0,1,1,1,1,1,1,0,1,0,1,0,563.718553957661
1,1,1,0,0,0,1,1,1,1,0,1,0,1,0,539.56056643668
1,0,0,0,1,1,0,1,1,0,0,0,0,1,0,469.393005175552
0,0,0,0,1,0,1,1,0,1,1,0,0,1,0,466.272523898852
0,1,0,0,1,1,1,1,1,1,0,0,0,1,0,515.925956589512
1,1,0,0,0,0,0,0,1,1,0,1,0,1,0,464.382204158294
0,1,0,1,1,1,0,1,1,0,0,1,0,1,0,516.084838720296
0,1,1,0,1,0,1,0,0,0,0,0,0,1,0,424.561628411352
1,0,0,0,0,0,1,1,0,1,0,0,0,1,0,433.906791603289
0,0,0,1,0,0,0,1,1,1,1,0,1,1,1,510.890690956929
0,1,1,1,1,1,1,1,1,1,1,0,0,1,0,591.093281646524
1,0,0,0,1,0,0,0,1,1,0,0,1,1,0,454.502078554014
0,1,1,1,1,1,0,0,1,1,0,1,0,1,0,537.905477160246
0,1,1,1,1,0,0,1,1,1,1,1,0,1,0,559.252611183752
0,1,1,1,1,0,1,1,1,1,0,0,0,1,0,536.160567621686
0,0,0,0,1,0,1,1,1,1,0,0,0,1,0,462.480826973632
0,1,0,1,1,0,1,1,1,1,1,0,0,1,0,540.228496399448
0,1,0,0,1,1,0,1,1,1,1,0,1,0,1,538.89380966237
0,1,1,1,1,1,1,1,1,1,1,1,0,1,0,614.531795313023
1,0,1,1,1,0,0,1,0,1,0,0,0,1,0,487.337136830012
1,1,1,1,1,0,0,0,1,0,1,0,0,1,0,519.184828985653
1,1,1,1,1,1,1,1,1,1,1,0,0,1,0,617.639129472839
1,0,1,1,1,1,1,1,1,1,1,1,1,1,1,697.011600690545
0,1,1,1,1,1,0,1,1,1,0,0,0,1,1,566.388555636589
1,1,1,1,1,1,1,1,1,0,1,0,0,1,1,634.647999666583
0,0,0,0,1,0,0,1,1,1,0,0,0,1,0,438.055344242102
0,0,0,0,0,1,0,1,1,1,0,0,0,1,0,441.061349767936
0,0,0,0,0,1,0,0,1,0,0,0,0,0,0,361.546235571493
0,1,1,0,1,1,1,1,1,1,1,1,1,1,1,660.651557981801
0,0,0,1,1,0,1,1,0,1,1,0,0,1,0,493.263218254096
0,0,1,0,1,0,1,1,0,1,0,0,0,0,0,430.271549109498
1,1,1,1,1,1,1,1,1,1,1,1,0,1,0,642.028599294956
0,1,0,0,1,1,1,1,0,0,0,0,0,0,0,438.126380035462
0,0,0,1,1,0,1,1,1,0,1,0,0,1,0,496.612908713952
1,0,1,0,1,1,0,1,1,1,1,0,0,1,1,574.937866925547
1,1,1,1,1,1,0,1,1,0,1,0,0,0,0,544.010484410067
0,0,0,0,1,1,0,1,1,1,1,0,1,1,0,515.115944370519
0,1,0,0,1,0,0,0,0,1,0,0,0,0,0,384.937887327515
1,1,1,0,1,0,0,1,1,0,0,0,0,1,0,488.353914004532
1,1,1,0,1,1,0,1,1,0,0,0,0,0,0,492.175227354104
0,1,1,0,1,1,1,1,1,1,0,1,0,1,1,597.967394133116
0,0,0,1,1,1,0,1,1,1,0,0,0,1,1,513.499726425797
1,0,0,0,1,0,1,1,0,0,0,0,0,1,0,433.916974938861
0,1,0,0,0,0,0,1,1,0,1,1,0,0,0,448.007270896253
0,1,0,0,0,0,0,1,1,1,1,0,0,1,0,469.25753802459
1,0,0,0,0,0,1,1,1,0,1,0,1,1,0,492.755421873002
1,1,1,0,0,0,1,1,1,1,0,1,0,1,1,570.488472076454
0,0,1,1,1,1,0,0,0,0,1,0,0,1,0,470.060168161068
0,0,0,0,1,0,0,0,0,1,0,0,0,0,0,357.127106903471
0,1,0,0,1,0,1,1,1,1,0,0,0,1,0,487.348998178871
0,0,0,0,1,0,1,0,0,1,0,0,0,0,0,376.440684256081
0,1,0,0,1,0,0,1,1,1,0,1,0,0,1,478.661231855969
0,1,1,1,1,1,0,1,0,0,0,1,0,1,0,513.980753926761
1,0,0,0,1,0,0,1,0,1,1,0,0,0,0,445.938196272921
0,0,0,0,0,0,0,0,0,1,0,0,0,1,0,346.964316439303
0,1,1,1,1,1,1,1,1,1,0,1,0,1,0,587.690038822849
0,1,1,0,1,1,1,1,1,0,1,0,0,1,0,545.974966495218
0,1,1,0,1,0,0,1,1,1,0,0,0,0,0,460.990072271973
1,1,0,0,1,1,1,0,1,0,1,0,0,1,0,525.734465743462
0,1,0,0,0,0,1,1,1,1,0,1,0,1,0,488.176770017879
0,1,0,0,0,0,1,1,1,0,0,0,0,1,0,437.315703261528
0,1,1,0,1,0,1,1,1,1,0,0,1,1,0,532.731382989011
0,0,1,0,1,1,1,1,1,1,1,0,0,1,0,545.205579838234
0,1,1,1,0,0,1,1,1,0,0,0,0,1,0,490.132272467252
0,1,1,0,1,1,1,1,1,1,1,0,1,1,1,632.12890830106
1,0,0,0,1,1,0,1,1,1,0,1,0,1,0,516.857875948194
0,1,0,0,1,0,0,1,1,0,0,0,0,1,0,438.782865440817
0,0,0,1,1,1,1,1,1,1,0,1,0,1,0,541.710106209884
1,0,1,0,1,0,1,1,1,1,0,0,0,0,0,488.947143962501
0,0,0,0,0,0,0,0,1,0,0,0,0,1,1,359.488667149362
1,1,1,1,1,1,1,1,1,1,1,1,1,1,1,728.198029979946
0,1,0,0,1,1,0,0,0,1,0,0,1,1,0,451.488881232112
1,0,0,0,1,1,0,0,1,1,1,1,0,1,0,521.903546836935
0,1,1,0,1,1,0,1,1,0,0,1,0,1,0,514.174155982839
0,1,0,0,0,0,0,1,1,1,0,1,0,0,0,440.607670558732
0,0,0,0,0,1,0,1,0,0,0,0,0,0,0,358.392014992054
1,0,0,0,1,1,1,0,1,0,1,0,1,1,0,523.448001936668
0,1,0,0,0,0,0,1,0,0,0,0,0,0,1,366.861561643674
1,1,0,0,1,0,1,1,1,1,0,0,0,1,0,514.431563154045
1,1,0,0,1,0,1,1,1,1,1,0,0,1,1,572.135845494183
1,1,1,1,1,1,1,1,1,1,1,0,1,1,1,694.510120642028
1,1,1,1,1,1,1,1,1,1,0,0,1,1,1,660.695725172382
1,1,1,0,0,0,1,1,1,1,1,0,0,1,0,543.830905766844
0,0,1,0,0,0,0,0,0,1,0,0,0,0,0,346.567447437287
1,0,1,0,1,1,1,1,1,1,0,1,0,1,0,568.103499653465
0,0,0,0,1,1,0,1,1,1,0,0,0,1,0,465.914721460334
1,1,1,0,0,0,1,0,0,1,0,0,0,0,0,430.707050248653
0,0,0,0,0,0,0,1,0,1,0,0,1,1,1,400.782094361179
0,0,1,1,1,1,1,1,1,0,0,1,1,1,1,604.915045842431
0,0,1,0,1,0,0,1,0,1,1,1,0,0,0,464.398375802725
0,1,1,1,0,1,1,1,1,1,1,1,0,1,1,630.482943303024
0,1,0,0,1,0,1,1,1,1,1,0,0,0,0,492.569589726559
0,0,0,0,0,0,0,0,0,0,0,0,1,1,0,323.054056300268
0,1,0,0,1,0,0,1,1,0,0,0,0,1,0,438.782865440817
1,0,0,1,1,1,1,1,1,1,1,0,0,1,1,605.751203349999
0,0,0,0,0,1,0,1,0,0,0,0,0,1,0,378.955024860567
0,1,1,0,1,1,1,0,1,1,0,0,0,1,1,543.406213934121
1,0,0,0,0,1,0,1,0,1,0,0,0,1,0,438.912235410219
0,0,1,1,0,0,0,0,1,1,0,0,0,1,0,436.418843489159
0,0,1,0,0,1,0,1,0,1,0,0,0,1,0,432.188231132986
0,1,1,1,1,0,0,1,0,0,0,0,0,1,0,460.334000241469
1,1,1,0,0,1,1,1,1,0,1,0,0,1,0,550.463525640902
0,0,0,1,0,0,1,1,1,1,1,0,0,1,0,496.268917596495
0,1,0,0,1,0,1,0,1,0,1,0,0,0,0,445.650085473083
1,1,1,1,1,1,0,1,1,1,1,0,0,1,0,589.35043915189
0,0,0,0,1,1,0,1,1,1,1,0,0,1,0,495.694346766949
0,0,1,0,0,0,0,1,0,0,0,0,0,1,0,370.927673740659
1,0,0,1,1,1,1,1,1,1,1,1,0,1,0,594.468261561686
0,0,0,0,1,0,1,1,1,1,1,0,0,1,0,493.481847667684
1,1,0,1,1,0,0,1,1,1,0,1,0,1,0,535.600848558307
0,0,1,1,0,0,0,1,1,1,1,1,0,1,0,516.393072303573
1,1,0,0,0,1,1,1,0,1,1,1,0,1,1,578.736840729595
0,1,0,1,0,0,0,0,1,0,0,0,0,1,0,415.798513590804
0,0,1,0,0,0,1,1,0,1,1,0,0,0,0,439.329344758666
0,1,1,1,0,0,0,1,1,0,0,0,0,1,0,464.096286887434
0,1,0,0,0,1,0,1,1,1,0,0,0,0,0,443.585069349824
0,0,0,0,1,0,0,1,1,1,1,0,0,0,0,447.182067021573
1,0,1,0,1,0,0,0,0,1,1,0,0,1,0,465.222491745219
1,1,1,0,1,1,1,1,1,1,0,0,0,1,1,601.472468768803
0,1,0,0,0,1,1,1,0,1,0,0,0,1,0,463.32156526744
0,0,1,0,1,0,1,0,0,0,0,0,0,0,0,365.771712418012
0,0,0,1,0,0,1,1,0,0,0,0,0,1,0,408.195632397111
1,1,1,0,0,1,1,1,1,1,1,0,0,1,0,572.084504006695
1,1,1,1,1,1,0,1,0,1,1,1,0,1,0,588.95066959236
0,1,0,0,1,0,1,1,0,1,1,1,0,1,0,514.781892261834
0,0,1,1,1,0,0,1,1,0,0,0,0,1,0,463.551292358882
1,1,0,0,0,1,1,1,1,1,0,1,1,1,0,567.752060267193
1,1,1,1,0,1,1,1,1,1,0,1,1,1,1,663.095922824744
0,1,0,1,1,0,0,1,1,1,0,0,0,1,0,487.856837996286
0,0,0,1,1,0,1,1,1,0,0,0,0,0,0,442.781990942133
0,1,1,0,1,1,1,1,1,1,1,1,0,1,0,590.824494401454
1,1,0,1,1,1,1,1,1,1,1,1,0,1,1,656.951852034031
1,1,1,1,1,0,0,1,1,0,1,1,1,1,0,588.093593285668
0,0,0,0,1,1,0,0,1,1,0,0,0,0,1,426.113144424329
0,0,0,0,0,0,0,0,0,1,0,0,0,1,0,346.964316439303
0,0,0,1,1,0,1,1,1,1,0,0,1,0,1,505.064852438039
0,0,0,0,0,0,0,1,1,0,1,0,0,1,0,421.915862685762
0,0,0,0,1,0,1,1,0,0,0,0,0,0,1,386.973880464874
0,0,0,0,0,0,0,1,0,0,0,0,0,1,0,351.461586881642
1,1,1,0,0,0,1,1,0,1,0,0,0,0,0,460.716727569334
1,0,0,0,1,0,0,1,1,1,0,0,0,1,1,481.962092252341
1,1,1,1,1,1,1,1,1,0,1,1,0,1,0,620.078135667795
1,1,1,0,1,1,0,1,1,1,1,1,0,1,0,589.074078659004
1,0,0,0,0,1,1,1,0,1,0,0,0,0,0,439.800837392809
0,0,0,0,0,0,0,1,0,0,0,0,0,1,1,356.098354879051
1,1,0,0,1,0,0,1,1,1,0,0,0,1,0,488.57524516626
1,0,0,0,0,0,1,1,1,1,0,0,0,0,0,441.277778702344
0,1,1,0,0,0,0,0,0,1,0,1,1,0,1,429.583199965838
1,1,0,1,1,1,0,1,1,1,1,0,0,1,0,566.03955196384
1,1,0,1,1,1,0,1,0,1,1,0,0,1,1,572.411563852586
1,1,0,0,0,1,1,1,1,1,1,0,0,1,0,548.202173887874
0,0,0,0,0,0,0,1,0,0,0,0,0,0,0,334.370830823644
0,1,0,0,0,0,0,1,0,0,0,0,0,1,0,381.170084390282
1,1,0,1,0,0,1,1,1,1,0,0,0,0,0,492.692993499766
0,1,1,0,0,0,1,1,1,1,0,0,0,1,0,486.669919382412
0,1,0,0,1,1,1,1,1,1,0,1,0,1,1,569.904453684745
0,0,0,1,1,0,1,1,0,0,0,0,0,1,1,450.089443870831
0,0,0,0,1,1,1,0,0,0,0,0,0,0,1,381.703323400098
0,1,1,0,1,0,1,1,0,0,1,0,0,1,0,490.674044504209
1,1,0,0,1,0,0,1,0,0,0,0,0,1,0,436.702479104168
0,0,1,1,1,1,1,1,0,0,0,1,0,1,1,545.925466722863
1,0,1,0,1,0,0,1,1,1,1,0,0,1,0,516.774563204555
1,1,1,1,0,1,1,1,1,1,1,1,0,1,1,661.348614788087
0,0,0,0,0,0,0,1,0,0,0,0,0,1,0,351.461586881642
1,0,0,0,1,0,0,1,1,1,1,0,0,1,1,515.774157940801
0,0,1,0,0,0,0,1,0,0,0,0,0,0,0,351.02579021281
0,0,0,0,1,0,0,1,0,1,0,0,0,1,0,407.765161023577
0,1,0,0,1,0,1,0,1,1,0,0,0,1,0,461.405695796704
0,0,0,0,1,1,1,0,1,1,0,0,0,1,0,465.094892547049
0,0,0,0,1,1,1,1,1,1,1,0,1,1,0,543.449762574632
0,0,0,0,1,1,1,0,0,1,0,0,0,1,1,446.647808740759
1,1,1,0,1,1,0,1,1,1,1,0,0,1,0,566.18877547054
0,0,1,0,1,0,1,1,1,1,0,0,0,1,0,486.183227919278
1,1,0,1,1,1,1,1,1,1,1,0,1,0,1,629.868263753315
0,1,0,0,0,0,0,1,1,0,0,0,0,0,0,393.612936715507
0,1,1,0,1,1,1,0,1,1,0,0,0,1,0,515.662450336248
1,1,1,0,0,0,1,1,1,1,1,0,0,1,0,543.830905766844
0,0,1,0,0,0,1,1,1,0,0,0,0,1,1,446.729273853627
0,1,1,0,0,0,0,0,0,0,0,0,0,1,1,374.005437720764
0,0,1,0,1,1,1,1,1,1,0,0,0,1,0,516.200747219813
0,0,0,0,0,0,0,0,1,0,0,0,0,0,0,337.50096832034
1,1,1,0,1,0,0,1,1,0,0,1,0,1,0,512.688251720058
1,1,1,0,1,1,1,1,1,1,0,1,0,1,0,590.45894152673
0,0,1,0,0,1,0,1,1,0,0,1,0,1,0,464.651633044638
0,0,1,0,0,1,0,1,0,1,1,0,1,1,0,486.833071121514
0,0,0,0,1,1,1,1,1,1,1,0,0,1,1,548.627718831121
1,1,0,0,1,1,1,1,1,0,1,0,0,1,1,579.97672429398
1,1,1,0,1,0,1,1,1,1,0,0,0,1,0,538.167675909411
0,1,0,0,0,1,1,1,1,1,1,1,0,1,1,575.942318671557
0,0,1,0,1,1,0,1,1,1,0,0,1,0,0,482.094055190192
0,0,1,0,1,0,1,1,1,0,1,0,0,1,0,493.502980240156
0,0,0,0,1,0,1,1,0,1,0,0,0,1,0,431.613778953923
0,0,0,0,0,1,0,0,1,1,0,0,1,1,0,426.362902075066
0,1,1,0,1,0,0,1,0,0,0,1,0,1,1,474.059612347008
0,0,1,0,1,0,1,1,0,1,0,0,0,1,1,474.013138770742
0,0,0,0,1,0,1,1,1,0,0,0,0,1,0,436.576098456488
0,0,0,0,1,0,0,0,0,1,0,0,0,1,0,376.438795745321
0,1,1,0,1,0,0,1,1,0,0,0,0,1,0,460.633882316051
1,1,1,0,1,0,0,1,1,1,0,0,0,0,0,487.00181581089
0,1,1,1,1,0,1,1,1,1,1,1,0,1,1,622.790641730601
1,1,0,1,1,1,0,1,1,1,0,1,0,0,1,566.258078573512
0,1,0,1,1,0,1,1,1,0,1,0,1,1,0,540.354055811289
1,0,1,0,0,0,0,1,1,1,0,1,0,1,0,488.407854868919
0,0,1,0,1,0,1,1,0,1,1,0,1,0,0,482.962580925906
1,1,1,1,1,1,1,0,1,1,0,0,1,1,0,593.704133260835
0,0,0,0,1,0,1,1,1,0,0,1,1,0,0,454.84676838487
1,0,0,0,1,0,0,0,0,0,0,0,0,1,0,375.096235704091
0,0,0,0,1,0,1,1,1,1,0,0,0,0,0,438.860780007885
0,1,1,1,1,0,1,1,0,0,1,0,0,1,0,517.256812196346
0,1,1,0,1,0,1,1,1,1,1,0,0,1,1,569.510722960729
0,0,0,0,0,0,0,1,1,1,0,1,0,0,0,416.349159719773
1,1,1,0,1,1,1,1,0,1,1,0,0,1,1,604.907268716828
0,0,1,0,0,1,1,1,0,1,0,0,0,1,1,479.954688288352
0,1,0,0,1,0,1,1,0,1,0,0,0,0,0,435.162967323451
1,0,1,1,1,0,1,1,1,1,1,0,1,1,0,592.285651790672
1,1,0,0,0,1,1,1,1,1,0,0,0,0,1,517.421430459651
1,0,0,0,0,1,1,1,1,0,1,0,0,1,0,502.955052442897
0,0,0,0,0,0,0,1,1,0,0,1,0,0,0,391.416230503728
1,0,0,1,0,1,1,1,1,1,1,0,0,1,1,581.420108901172
0,0,1,0,0,1,0,0,1,0,0,0,0,1,0,404.836875431037
0,1,0,0,1,0,1,1,0,0,0,0,0,0,0,408.920448267403
1,0,0,0,0,0,0,1,1,0,0,0,0,1,0,414.341177863627
0,1,0,0,1,1,0,0,0,1,0,0,0,0,0,411.757943470705
0,1,0,0,1,1,1,1,0,1,0,0,0,1,1,511.806149342035
0,1,1,0,0,0,0,1,0,1,0,0,0,0,0,407.622853151887
1,1,1,0,0,0,0,1,0,1,1,0,0,1,0,491.514881045271
0,0,1,0,1,1,1,1,1,1,1,0,0,1,0,545.205579838234
1,1,1,1,1,1,1,1,0,0,0,0,0,1,0,544.636285677736
0,1,0,1,1,1,0,0,0,1,0,1,0,1,0,489.288826446093
0,1,0,0,1,1,1,1,0,1,0,0,0,1,1,511.806149342035
0,0,1,0,0,0,1,0,0,0,0,0,0,1,0,354.327035544233
0,1,0,1,1,1,1,0,1,1,0,1,0,0,1,542.109809450303
0,1,1,1,1,0,1,1,1,1,0,0,0,1,0,536.160567621686
0,1,0,0,0,0,1,1,1,0,0,1,0,1,0,463.695895430157
0,1,1,1,1,1,1,0,1,1,0,0,0,1,0,541.522501074587
1,0,1,1,1,1,1,1,0,0,0,1,1,1,1,608.28803294973
1,0,1,1,1,0,1,1,1,1,1,1,1,1,1,660.200264624258
0,0,1,0,1,1,1,1,0,0,1,0,0,1,0,495.562777452991
0,1,0,0,1,0,0,0,0,1,0,0,0,1,0,405.692176013485
0,1,1,0,1,0,1,1,1,1,1,0,1,1,1,598.186798453901
0,0,0,0,0,0,0,0,1,0,0,0,0,1,0,354.692459524061
1,1,1,1,1,1,1,1,1,1,1,1,0,1,0,642.028599294956
1,1,1,0,1,1,1,1,1,1,1,1,1,1,0,646.282166230976
0,1,1,1,1,1,1,1,1,0,1,0,0,1,1,604.588159809114
0,1,0,0,0,1,1,1,0,1,0,0,0,1,0,463.32156526744
0,0,0,0,1,0,1,0,1,1,0,0,0,1,0,434.211782003011
0,0,0,0,0,0,0,0,0,1,0,0,0,0,0,329.724537155968
1,1,1,1,1,0,1,1,1,1,1,1,1,1,1,687.815819325626
1,0,1,0,1,1,1,1,1,1,1,0,0,1,1,606.997407294609
0,0,0,0,0,0,0,1,1,1,1,0,0,1,0,445.827997825263
1,1,1,1,1,1,0,1,1,1,1,0,1,1,0,615.076709521872
0,1,0,0,1,1,1,1,0,1,0,0,0,1,1,511.806149342035
0,1,1,1,1,1,0,1,1,1,1,0,0,1,0,563.802342133152
1,1,0,0,1,1,0,1,0,0,0,0,0,0,0,441.986940700619
0,0,1,0,0,1,1,1,1,1,1,0,0,0,0,496.93027808843
0,1,1,1,1,1,0,1,0,0,0,0,1,1,0,509.681981386644
0,0,0,0,1,0,0,0,0,1,1,0,0,1,0,414.646118161328
1,1,1,1,1,1,1,1,1,1,1,1,1,1,1,728.198029979946
0,1,0,0,0,0,0,1,0,1,0,0,0,1,0,408.652508978002
1,0,0,0,1,1,1,1,1,1,1,0,0,1,0,547.920993466393
0,0,0,0,1,1,1,1,1,1,1,1,0,1,1,575.664884735469
1,0,1,1,1,0,1,1,1,1,0,0,0,1,0,540.21180918974
0,1,0,1,0,1,1,1,1,0,0,1,0,0,0,495.202561949398
0,1,1,0,0,1,1,1,1,1,0,0,0,1,0,516.581487277647
0,0,0,0,1,0,0,0,1,1,1,0,0,1,0,444.047255139003
0,1,0,0,0,0,1,1,0,0,0,1,1,0,0,422.085523272926
0,0,0,0,0,0,0,0,1,0,0,0,0,1,0,354.692459524061
1,0,0,0,0,0,0,1,1,0,0,0,0,1,0,414.341177863627
0,0,0,1,0,0,0,1,0,0,0,0,0,1,0,386.023620494664
0,1,0,0,0,1,1,1,1,1,1,0,1,1,0,543.764241194181
0,1,1,0,0,1,0,1,1,1,0,0,0,1,1,511.375382214664
1,0,0,0,0,1,1,0,1,0,0,0,1,1,0,458.907972777162
0,0,0,0,1,0,0,1,0,1,1,1,0,0,0,443.588736178507
0,0,1,1,1,1,1,1,1,1,1,1,1,1,1,662.603175077075
1,1,1,1,1,1,1,1,1,1,1,0,1,1,0,646.142758184585
1,1,0,0,0,1,0,1,1,1,0,1,0,0,0,493.043800171725
0,1,1,0,1,1,0,1,1,0,0,0,0,1,0,489.641448455151
0,0,0,1,1,0,0,1,1,1,1,0,1,1,0,512.099156869862
1,1,0,0,1,1,1,1,1,1,0,1,0,1,0,566.09383728453
0,1,1,0,1,1,1,1,1,1,0,0,0,1,0,539.828766506351
1,1,1,0,0,1,1,1,1,1,1,0,0,1,0,572.084504006695
1,1,0,1,1,1,1,1,1,1,1,1,0,1,0,616.196563666218
1,1,0,0,0,0,1,1,1,1,0,0,0,1,0,491.080412655651
0,1,0,1,1,1,0,1,0,1,0,0,0,0,0,466.368509343271
1,1,0,0,0,1,1,1,1,1,0,0,0,1,0,520.101114763191
0,0,0,0,1,1,1,1,0,1,0,0,0,1,0,462.697665225952
0,1,1,0,1,0,1,1,1,0,0,0,1,1,1,536.358867577851
0,1,0,0,0,0,0,1,1,1,0,0,1,0,0,430.334665692912
0,0,0,0,0,0,0,1,0,0,0,0,0,0,0,334.370830823644
0,0,1,0,1,1,0,1,0,1,0,0,0,1,0,459.925508042573
0,0,1,1,1,1,0,0,0,0,0,0,0,0,0,409.884056274336
0,0,0,0,1,0,0,1,0,1,0,0,0,1,1,417.088103970324
0,0,0,0,0,1,0,0,1,0,0,0,0,1,0,382.154977701971
0,1,0,0,1,1,1,0,0,1,0,1,0,1,0,488.666490000815
1,1,0,1,1,0,1,1,1,1,1,0,0,0,1,569.843314102324
0,0,1,0,0,0,1,1,1,1,0,1,0,1,0,487.015774845014
0,1,1,1,1,1,1,1,1,0,0,0,0,1,0,542.646474249046
0,1,1,1,1,1,1,1,1,1,1,1,0,1,1,655.432182788082
0,0,1,0,1,1,1,1,0,1,1,1,0,1,0,544.166957060712
1,0,1,0,0,0,0,1,0,1,0,0,0,1,1,445.447527992991
0,1,1,0,0,0,1,1,1,0,1,1,0,1,0,518.644271797334
0,1,0,0,0,1,1,1,1,0,0,0,0,1,0,467.606008426245
0,1,0,1,0,0,1,0,1,0,0,0,0,1,0,439.403808180251
0,1,1,1,1,1,1,1,1,1,0,0,0,1,1,598.237080039676
0,1,1,0,1,0,0,1,1,0,0,0,0,0,0,437.514715846595
0,0,0,0,1,1,0,0,1,0,0,0,0,0,0,389.435960206916
1,1,1,1,1,0,1,1,0,0,1,0,0,0,0,518.886435299797
1,0,1,1,1,1,1,1,1,1,1,1,1,1,1,697.011600690545
0,1,1,0,1,1,1,1,1,1,1,1,0,0,1,598.344698217336
0,0,0,0,1,0,0,1,0,0,0,0,0,1,0,380.032667273138
1,1,0,0,1,0,0,1,1,0,0,0,0,0,0,443.033782543271
1,0,0,1,1,1,1,1,1,1,1,0,1,0,0,569.261683238032
0,0,1,0,0,0,0,1,0,1,1,0,0,1,0,438.47844525028
1,0,0,0,0,0,0,1,0,0,0,0,0,0,0,359.451890634868
0,0,0,0,0,0,1,1,0,1,0,1,0,1,0,431.250649657621
0,1,0,0,1,0,1,1,1,0,0,1,0,1,0,488.502641995852
1,0,0,1,1,0,1,1,1,1,1,0,1,1,0,566.980291162982
0,1,1,0,0,1,0,1,0,1,0,0,0,1,0,460.549615551334
0,1,1,0,1,1,1,1,1,1,1,0,0,1,0,567.48608928059
0,0,0,0,1,1,1,1,1,0,1,0,0,1,0,498.98635382482
0,0,0,0,0,0,0,1,0,1,1,1,0,1,0,441.848276629362
1,1,1,1,1,1,1,1,1,1,1,0,0,1,0,617.639129472839
0,0,0,0,0,0,0,0,0,0,0,0,0,0,0,300.821391557157
0,0,0,1,1,1,0,1,0,1,1,1,0,1,0,518.481300059017
0,1,1,0,0,1,0,0,0,0,0,0,1,0,0,387.278376092074
0,0,0,1,1,0,1,1,1,1,0,0,0,1,1,511.452982120385
0,1,1,0,0,1,0,1,1,1,0,0,0,1,0,489.311466350673
1,1,0,1,1,0,1,1,0,1,0,1,0,1,0,537.930816013787
0,0,1,1,0,0,1,1,0,0,0,0,0,1,0,431.782077831741
0,0,1,1,1,1,0,1,1,1,0,0,1,1,1,567.83585753916
0,0,0,0,1,1,0,1,0,1,1,0,0,1,0,469.535131154345
0,1,1,0,1,1,1,1,1,0,1,1,0,1,0,569.570235767153
0,0,0,0,0,0,0,1,0,1,1,0,0,1,0,417.209411396193
1,1,1,0,1,1,1,1,0,1,0,0,0,1,0,541.772281769614
0,0,0,1,1,0,0,1,0,1,0,0,0,1,1,450.374638943239
0,0,0,0,0,1,0,0,0,0,0,0,0,0,0,322.852452298237
0,0,0,0,1,0,1,1,1,1,0,1,0,1,0,487.716948458445
1,1,1,1,1,1,0,1,1,1,1,0,1,1,0,615.076709521872
1,0,0,0,0,0,0,0,1,0,1,0,0,1,0,421.222904141013
0,0,1,1,1,0,1,1,1,1,1,1,0,1,0,564.596153416046
1,1,1,1,1,1,1,0,0,1,1,0,0,1,0,571.487784616655
0,1,0,0,1,0,0,1,1,1,0,0,0,0,0,440.608669089485
0,0,1,1,1,1,1,1,0,0,1,0,0,1,1,551.028884203495
0,0,0,0,0,1,1,0,0,0,1,0,0,1,0,411.762938457345
1,0,0,0,0,0,0,1,0,0,0,0,0,0,0,359.451890634868
1,0,1,0,1,1,0,1,1,1,1,0,0,1,0,544.439249900204
0,1,1,1,1,1,1,1,0,1,0,0,0,1,1,570.545604853184
1,1,1,0,0,0,0,0,1,0,0,0,0,0,0,411.261244146993
1,1,1,1,1,1,1,1,1,1,1,0,1,1,0,646.142758184585
1,0,0,0,0,0,0,0,1,0,1,0,0,1,0,421.222904141013
0,1,0,1,1,1,1,1,1,1,0,1,0,1,1,596.945372193508
1,1,1,1,1,1,1,1,1,1,1,0,0,1,0,617.639129472839
0,0,0,0,0,0,0,1,0,0,0,0,0,0,1,337.593142218381
1,0,0,1,1,1,1,1,1,1,1,1,0,0,0,569.016798211438
1,1,1,1,1,1,1,1,1,1,1,1,0,1,1,687.991972288646
0,0,0,1,1,1,1,1,1,1,0,0,0,1,1,544.778782452319
1,1,1,0,0,1,0,1,1,1,1,0,1,1,0,567.857182211889
1,0,0,1,0,1,0,1,0,1,0,0,0,1,0,468.868040803805
1,0,0,1,1,0,0,1,0,0,0,1,0,1,0,465.317418854971
1,1,1,1,1,0,1,1,1,1,0,0,0,1,0,562.562227789639
0,0,0,0,0,0,1,0,0,0,0,0,0,1,0,333.016271549435
0,0,0,0,0,0,1,1,0,0,1,1,0,1,1,455.492360084245
0,1,0,0,1,0,1,1,1,1,1,0,0,1,0,516.338746280009
0,0,0,0,1,1,1,1,0,1,0,0,0,1,0,462.697665225952
0,1,0,1,1,1,0,1,0,1,0,0,0,1,0,489.591439996525
1,1,1,1,1,1,1,1,1,1,1,1,0,1,0,642.028599294956
1,1,0,0,1,1,1,1,1,1,1,1,1,1,1,662.212630002636
0,0,1,0,0,0,1,1,0,0,0,0,0,1,0,394.609099001684
0,0,1,0,0,0,0,0,1,0,1,1,0,1,0,440.881895740327
0,0,0,0,1,0,0,1,0,0,0,0,0,1,0,380.032667273138
1,0,1,0,0,0,0,0,1,0,0,0,1,0,0,394.071966390506
0,0,0,0,0,0,1,1,0,0,0,0,0,0,0,351.150132364732
0,1,0,0,1,1,1,1,0,1,1,0,0,0,0,494.513272762881
0,0,1,0,1,0,1,1,1,0,1,0,0,1,0,493.502980240156
0,0,0,0,1,0,0,0,1,1,0,0,1,0,0,400.945192172261
1,0,1,1,1,0,1,1,1,1,1,1,0,1,0,590.740786371174
0,1,1,0,0,1,1,1,1,1,1,1,1,1,1,634.348623489965
1,0,1,0,1,0,1,1,0,1,1,1,0,1,0,542.476186185253
1,0,1,1,1,1,1,1,1,0,0,1,0,1,1,606.085601957221
1,0,0,1,1,0,1,1,1,0,1,0,0,1,0,522.905998489221
1,0,1,0,1,1,1,1,1,1,0,0,0,1,1,575.847288231604
0,1,0,0,1,0,1,1,1,0,0,0,0,0,1,452.707835711413
0,1,1,0,1,0,0,1,1,0,0,0,0,1,0,460.633882316051
1,0,0,1,1,0,0,1,0,1,0,0,1,1,0,482.272178867603
1,0,1,0,1,0,1,1,1,1,1,1,0,1,0,567.04616873619
0,1,0,0,0,0,1,1,0,0,1,0,0,1,0,441.493170905853
1,0,0,1,1,1,1,1,1,0,1,0,0,1,1,582.015744159441
0,1,1,0,1,0,1,1,1,1,1,1,0,1,0,562.755816052123
1,1,1,1,1,1,1,1,1,1,0,1,0,1,1,655.666600857807
1,1,0,1,1,1,1,1,0,1,1,0,1,1,0,594.278270568277
0,1,1,1,1,1,1,1,0,1,1,1,0,1,1,628.27629317113
1,1,1,1,1,1,1,1,1,1,0,1,1,1,1,690.900086994134
0,0,0,1,1,0,1,1,1,1,0,0,0,1,0,489.854405103671
1,1,1,1,1,1,1,1,1,1,1,0,0,1,0,617.639129472839
0,0,1,0,0,0,1,0,1,0,0,1,0,1,0,429.01335589905
0,0,0,0,0,0,1,1,0,1,0,0,0,1,1,412.779607872434
1,1,1,1,1,1,1,1,1,0,0,1,0,1,1,631.175901418495
0,1,0,1,1,1,1,1,1,1,1,1,1,1,0,615.842637601283
0,1,0,0,1,0,1,1,1,0,0,0,1,1,0,481.653745095455
0,1,1,1,1,1,1,1,1,1,1,0,0,1,0,591.093281646524
0,0,0,1,0,0,0,1,0,1,0,0,0,1,0,412.619614542653
0,0,0,0,0,0,1,0,1,0,0,1,0,1,0,404.232736040349
0,0,0,0,1,1,1,1,1,1,1,0,0,0,0,497.064242008746
0,1,0,0,1,0,0,1,1,0,0,0,0,0,0,417.582595428949
1,1,1,1,1,1,0,1,1,1,0,1,0,1,1,622.399677810764
0,0,0,0,1,1,0,1,1,1,0,0,0,1,0,465.914721460334
0,1,0,0,1,0,0,1,1,1,0,0,0,0,0,440.608669089485
1,1,1,1,1,0,1,1,1,1,1,0,0,1,0,589.283101743556
0,0,1,0,1,1,1,1,0,1,0,0,0,1,0,487.865360711522
1,1,0,1,1,1,0,1,1,1,1,1,1,1,1,655.189177764624
1,0,0,0,0,0,1,0,0,0,0,0,0,0,0,342.64105126429
0,0,0,0,1,0,1,1,0,0,0,0,0,0,0,380.085187532474
0,0,0,1,0,1,1,0,1,0,0,1,0,1,0,469.563376637055
1,1,1,0,1,0,0,1,1,1,1,0,0,1,1,568.034356126688
0,1,1,0,0,0,1,1,0,1,0,0,0,0,0,431.066200816215
1,1,0,1,0,1,0,1,1,1,1,1,1,1,0,591.433580472841
0,1,1,0,1,1,1,1,1,1,0,0,0,1,1,570.709699411549
1,1,0,0,0,1,1,1,0,1,0,0,0,1,0,493.000853916895
0,0,0,0,0,0,0,1,0,1,1,0,0,1,0,417.209411396193
0,0,0,0,0,1,1,1,1,0,0,0,0,0,0,415.035498967484
0,0,0,0,1,0,0,1,0,0,0,0,0,1,0,380.032667273138
0,1,1,1,1,1,1,1,1,1,1,1,0,1,1,655.432182788082
1,0,0,0,0,0,1,1,1,1,1,0,0,0,0,473.092668752774
0,0,0,0,1,0,0,1,1,1,0,0,0,0,0,416.920980557142
0,0,0,0,1,0,0,0,1,1,1,1,0,1,0,467.918293158117
0,1,1,1,0,0,1,1,1,0,0,0,0,1,0,490.132272467252
1,1,0,0,1,1,0,1,1,0,0,1,0,1,0,517.612946657084
0,0,1,0,0,0,0,1,0,0,0,0,0,0,0,351.02579021281
0,0,0,1,0,1,0,1,0,1,0,0,0,1,0,440.69736100329
0,0,0,1,1,1,1,1,1,1,1,0,0,1,1,576.185719917612
0,1,1,1,1,1,1,1,1,1,1,0,0,1,0,591.093281646524
0,0,1,0,1,0,1,1,1,0,0,0,0,1,1,478.985384492828
0,0,0,0,1,0,1,1,1,1,0,0,1,1,0,480.792374436982
1,1,1,1,1,1,0,1,1,1,0,1,0,1,1,622.399677810764
0,0,0,1,1,0,0,1,0,1,1,0,0,0,0,446.897107200277
0,0,0,0,0,0,1,1,1,0,1,0,0,1,0,445.230718640194
0,0,1,1,1,1,1,0,1,0,0,0,0,1,0,493.748386581992
0,1,1,0,0,0,0,0,1,0,0,0,0,0,0,383.273436665205
0,0,0,0,1,1,0,1,1,1,0,0,0,1,0,465.914721460334
1,1,1,0,1,1,1,1,1,1,1,1,0,0,1,628.017783941855
0,0,1,0,1,1,1,1,1,1,0,0,0,1,0,516.200747219813
0,0,1,0,0,0,1,1,0,1,0,0,0,0,0,401.706885335294
0,1,1,0,1,0,0,1,1,1,0,1,0,0,0,484.29599107293
1,1,1,0,1,1,1,1,1,1,1,0,0,1,1,631.904137382234
0,1,0,0,1,1,1,1,1,1,1,1,0,1,0,566.799307879621
0,1,1,0,1,1,1,0,1,1,1,0,0,0,0,519.345681813182
1,0,0,0,1,1,1,1,0,0,0,0,0,1,0,466.335668348514
0,0,1,0,0,0,1,1,1,1,0,1,0,1,0,487.015774845014
0,1,1,0,0,1,0,1,1,0,1,0,1,1,0,516.588894493056
0,1,1,0,1,0,1,1,1,1,0,0,0,1,0,510.845861158873
1,0,0,1,0,1,1,1,1,1,1,1,0,1,1,607.711480573237
1,1,1,1,1,1,1,1,1,1,1,1,0,0,1,654.758616277546
0,1,0,1,1,1,0,1,1,1,0,0,0,1,0,514.577324524926
1,1,1,0,1,1,1,1,0,1,0,0,0,1,1,573.501792783853
0,1,0,0,1,1,1,1,1,1,1,0,0,0,0,519.350285458528
1,1,0,1,0,0,0,1,1,1,0,0,0,1,0,491.363937597056
0,1,0,0,1,0,1,0,0,0,0,1,0,0,0,404.739587875325
1,0,1,0,0,1,1,1,1,1,0,0,0,1,0,520.543482372684
0,0,0,1,1,0,1,1,1,1,1,0,1,1,0,539.562708875054
1,1,0,0,1,1,1,1,1,1,1,0,0,1,0,569.754350019694
0,0,0,0,1,0,0,1,1,1,0,0,0,1,0,438.055344242102
0,1,1,0,1,0,0,0,1,1,0,1,0,1,0,483.940116089982
1,1,1,0,1,1,1,1,0,1,0,0,0,1,1,573.501792783853
0,0,0,0,1,0,0,0,1,1,0,1,0,1,0,435.867360618954
0,1,0,0,0,1,0,1,1,0,0,0,0,0,0,419.360038732252
0,1,0,0,0,0,0,1,1,0,0,0,1,1,0,427.320610556321
0,1,1,1,1,0,1,1,1,1,1,0,0,1,0,563.326790217612
0,0,0,0,0,1,0,1,1,1,0,0,0,1,0,441.061349767936
0,1,1,0,0,0,1,0,1,0,1,1,0,0,0,468.199425041582
0,1,0,0,1,0,0,1,0,0,0,0,0,0,0,387.961821690473
0,1,0,1,1,1,1,1,1,1,1,0,1,1,1,630.278344805753
0,0,1,0,1,0,0,1,1,1,0,1,0,1,0,484.71707415231
0,0,0,0,0,0,1,1,1,0,1,0,0,0,0,422.512270588005
0,1,0,1,0,0,1,1,1,0,0,0,0,1,0,466.749979328371
0,0,0,0,1,0,1,1,0,0,1,0,1,0,0,431.691464260516
1,0,0,0,0,0,0,1,0,1,0,0,0,1,0,408.904036466694
0,1,0,0,1,0,1,0,1,0,0,0,0,1,0,435.016714440875
1,1,0,0,1,0,1,0,1,0,1,0,0,0,0,472.489775327362
1,1,1,1,0,1,1,1,0,0,1,1,0,1,0,574.080435807155
1,1,0,0,1,1,1,1,1,1,1,0,0,1,0,569.754350019694
1,0,0,1,1,1,1,1,1,1,0,1,0,1,1,602.068694163847
0,0,0,1,1,0,0,1,1,0,1,0,0,0,0,450.549221422282
0,0,0,0,1,0,1,0,0,1,1,0,0,1,0,438.529086989935
0,1,1,0,0,0,1,1,0,1,1,1,0,1,0,515.402353321094
0,0,1,0,1,1,1,1,1,1,0,1,1,1,1,601.867503995316
0,0,1,1,1,0,1,1,1,1,1,0,0,1,0,541.446691185399
1,0,0,1,1,0,1,1,1,1,1,0,0,1,0,544.166871760686
1,0,0,1,1,1,1,1,1,1,1,0,0,0,0,546.641011327943
0,1,1,0,1,0,0,1,0,0,0,0,0,0,0,407.445276122827
0,1,0,0,1,1,0,0,1,1,0,0,0,0,0,441.737084204327
0,1,0,1,1,0,1,1,0,0,0,0,0,0,0,439.2473468013
0,1,0,0,0,0,1,0,1,0,1,0,0,1,0,443.905728516628
0,1,0,0,0,1,1,1,1,1,0,1,0,1,0,517.104343236369
0,1,1,0,1,1,0,1,1,1,1,0,0,0,0,516.195072964646
1,0,1,0,1,1,1,1,1,1,0,1,0,1,0,568.103499653465
0,0,0,0,1,0,1,1,0,1,0,1,0,1,0,458.820182063558
0,1,1,0,1,1,1,1,1,1,0,1,0,1,1,597.967394133116
0,1,1,0,1,1,1,1,0,1,1,1,0,1,0,566.810807331782
1,1,0,0,1,0,0,0,1,1,0,0,0,1,0,463.947325486809
1,1,1,0,0,0,0,0,1,1,0,0,0,1,0,461.903908853725
0,1,0,0,1,0,1,1,1,1,0,0,0,1,0,487.348998178871
0,0,0,0,1,0,0,1,0,0,0,0,0,0,0,360.938943672976
0,0,0,0,0,0,0,1,0,0,0,0,0,0,0,334.370830823644
0,1,1,0,0,1,1,1,1,1,1,0,0,1,0,545.498858157053
0,0,1,0,1,1,1,1,1,0,0,1,1,0,0,512.373562026644
0,1,0,1,0,1,0,1,1,1,1,0,0,1,0,520.211617242695
0,1,0,0,1,1,1,1,1,1,1,0,1,1,1,602.628503749592
1,0,1,0,1,0,0,1,1,0,0,0,1,1,0,481.808577494735
1,1,1,1,1,1,1,1,1,1,1,1,1,1,1,728.198029979946
1,1,1,1,1,1,1,1,1,1,1,0,1,1,0,646.142758184585
1,1,1,0,1,0,1,1,1,1,1,1,1,1,1,658.254085875543
1,1,1,0,1,1,1,1,1,0,1,1,0,1,0,596.149219307977
1,0,0,1,1,0,1,1,1,0,1,0,0,1,0,522.905998489221
1,0,1,1,1,1,1,1,1,1,0,0,0,1,1,603.44578025441
0,1,1,0,1,1,1,0,1,1,0,1,1,1,0,564.645798810821
1,1,0,1,1,1,1,1,1,1,0,0,0,1,1,600.360441131932
0,0,0,0,1,1,0,1,1,1,1,0,0,0,0,472.751334017724
0,1,1,1,1,0,1,1,1,1,0,0,0,0,0,511.277350683049
1,1,0,0,1,1,0,1,1,0,1,0,0,1,0,522.22002698456
1,0,1,0,0,0,1,1,0,0,1,0,0,1,0,467.982862654868
0,0,0,1,1,0,0,1,1,1,1,0,1,1,0,512.099156869862
0,0,0,0,1,0,1,1,1,1,1,0,0,1,0,493.481847667684
1,1,1,1,1,1,1,1,1,1,1,1,1,1,0,673.25235034482
0,0,0,1,0,0,1,1,1,1,0,0,1,1,0,484.233949537158
0,0,1,0,0,0,0,1,1,0,0,0,0,1,0,407.180147390313
0,0,0,0,0,0,1,1,1,0,0,0,0,0,0,386.769568354239
0,0,1,0,1,0,0,1,0,0,0,0,0,0,0,379.283180827838
1,0,0,1,1,1,1,1,0,0,0,1,0,1,0,521.214237807652
0,1,0,1,1,0,1,1,1,1,0,1,0,1,0,536.120586323437
0,1,1,1,1,0,1,1,0,0,1,0,0,1,0,517.256812196346
0,1,0,0,1,0,0,0,1,0,0,0,0,0,1,397.348130391248
0,1,1,0,0,0,0,1,0,0,0,0,0,1,0,402.093767361349
0,0,0,1,0,0,0,1,1,1,1,0,1,1,0,488.880251082787
0,1,1,0,1,1,1,1,1,1,1,0,0,1,0,567.48608928059
0,1,1,1,0,0,0,0,0,0,1,0,0,1,0,441.259798544913
0,1,1,0,1,1,0,0,0,1,0,0,0,0,1,446.878374377279
0,0,1,0,0,0,1,1,0,0,0,0,0,0,1,377.686935613917
0,0,0,0,1,0,0,0,0,0,0,0,1,1,0,355.445695010827
1,0,0,0,1,0,1,1,1,1,0,0,1,1,0,511.030672918357
1,1,0,0,0,1,0,1,1,0,1,1,1,1,0,544.962913307305
0,1,1,0,1,1,1,1,1,0,0,0,0,1,0,517.006852542974
0,1,1,0,0,1,0,1,1,1,1,0,0,0,0,494.499678839822
0,0,1,0,1,0,1,1,1,1,0,1,0,1,0,511.598606273313
0,1,1,0,0,0,1,1,1,0,0,0,0,1,0,461.064862369153
1,1,1,1,1,0,1,1,0,0,0,1,0,1,0,539.866247268775
1,0,1,0,1,0,0,1,1,1,1,0,0,0,0,492.842833725389
0,1,1,0,0,0,1,0,0,1,0,0,0,1,0,424.652755322073
1,1,0,1,1,1,1,1,1,1,0,0,0,1,0,566.62832094883
1,1,0,1,1,0,0,1,1,0,1,0,1,0,1,540.256198730574
0,0,0,0,0,1,1,0,1,0,1,0,0,1,0,446.67256921682
1,0,0,0,1,1,0,1,1,1,0,0,0,1,0,493.05553921432
1,0,1,1,1,1,1,1,1,1,1,1,1,1,0,648.075154304136
1,0,0,0,1,0,0,1,1,1,0,1,0,1,0,488.966242679992
0,1,1,1,1,0,0,1,1,1,0,0,0,1,0,509.796961442852
0,1,0,0,1,1,1,1,1,1,1,1,0,1,0,566.799307879621
0,0,0,0,1,1,1,1,1,0,1,1,0,1,0,523.200281502171
0,1,0,0,0,0,0,1,1,1,0,0,0,0,0,417.645404367727
0,1,0,0,0,1,1,1,1,1,1,0,0,1,0,521.894094649693
1,0,1,0,1,1,1,1,1,1,1,1,0,1,0,595.378312519687
0,1,0,0,0,0,0,0,0,1,0,0,0,1,1,384.313262910028
1,1,0,1,0,1,1,1,1,1,1,0,1,1,0,596.435964940337
1,0,0,0,1,0,1,1,1,1,0,1,0,0,0,490.3093750091
0,1,1,0,1,1,1,1,1,1,1,0,0,1,0,567.48608928059
0,1,0,0,0,0,1,1,1,0,1,0,0,1,1,489.174521885234
0,1,0,0,0,1,0,1,0,1,1,0,0,1,0,470.048151811913
0,0,1,0,1,1,0,1,1,1,1,0,0,0,0,494.099390394213
0,1,1,1,0,0,0,1,1,1,0,1,0,1,1,535.738196880884
0,0,0,0,1,0,1,1,0,0,0,0,0,1,0,402.502034298209
0,0,1,0,1,0,0,1,1,1,1,1,0,0,0,490.151458725657
0,0,0,0,0,1,1,1,1,0,0,0,0,0,1,425.900295687958
1,0,0,1,0,0,0,0,0,1,0,1,0,1,0,437.821020601864
1,0,1,0,0,0,1,1,0,0,0,0,0,0,0,402.231563412835
1,1,1,1,1,1,0,1,1,1,0,0,0,1,1,596.167146440985
1,0,1,0,1,1,1,1,1,1,0,1,0,1,1,603.227043742926
1,1,1,1,1,1,1,1,1,1,1,1,1,1,0,673.25235034482
0,1,1,0,1,1,1,1,1,1,1,1,0,1,1,628.402849232808
0,1,1,0,1,1,1,1,1,0,1,0,0,1,0,545.974966495218
1,1,0,1,1,1,1,1,1,0,0,0,0,1,0,545.431013062832
1,1,1,0,1,1,1,1,1,1,0,0,1,1,1,632.154030849546
0,0,1,0,0,1,1,1,1,1,1,1,0,1,0,546.644378233232
0,0,0,0,0,0,0,1,0,0,0,0,0,1,0,351.461586881642
1,0,1,1,1,1,1,1,0,1,1,0,1,1,0,597.058252891655
0,1,1,0,0,1,0,0,1,1,0,0,1,1,0,481.86957707268
0,0,0,1,1,0,0,1,1,1,1,1,0,1,0,515.715865406479
1,1,1,1,1,1,0,1,1,0,0,0,0,1,0,541.950234004949
0,0,1,0,0,0,0,0,0,0,0,0,0,0,0,315.623763481889
0,0,0,0,1,0,0,1,1,0,0,0,0,1,0,412.952968241191
1,1,1,1,1,1,1,1,1,1,1,1,0,1,1,687.991972288646
0,0,1,0,1,1,0,1,1,1,0,0,0,1,0,488.854595170869
0,1,0,0,1,0,0,1,1,0,0,0,0,1,0,438.782865440817
0,1,0,0,1,0,0,0,1,0,1,0,0,0,0,423.556336152986
0,1,1,1,0,1,1,1,1,0,1,0,0,1,0,548.234876597136
0,0,1,1,1,0,1,1,0,1,0,0,0,0,1,477.836541851003
1,1,0,1,1,1,1,1,1,0,1,0,0,1,0,572.284313987848
1,0,0,0,0,1,1,1,0,0,0,0,0,1,0,436.943106679771
1,1,0,1,1,1,0,1,1,1,0,0,0,1,0,539.991529416893
0,1,1,0,0,1,1,1,0,1,0,0,0,1,0,488.380265366215
1,0,1,1,1,1,1,1,1,1,0,0,0,1,0,568.635694097425
0,0,0,0,0,0,0,1,1,1,0,0,0,0,0,392.992841138039
0,0,0,0,0,1,0,1,1,1,0,0,0,1,0,441.061349767936
0,0,0,0,1,0,0,1,0,1,1,0,1,1,0,457.326960971088
1,0,0,0,1,0,0,0,1,1,1,0,0,0,0,448.02896386525
0,0,0,0,0,0,0,1,0,0,0,0,0,1,0,351.461586881642
0,1,1,0,1,0,0,1,1,1,1,0,0,1,0,513.153569522481
0,0,0,0,0,0,1,1,1,0,0,0,0,0,0,386.769568354239
0,1,1,0,1,1,1,1,1,1,0,0,0,0,1,540.290059150309
1,1,0,1,1,1,0,0,1,1,0,0,0,1,0,517.720209792795
0,1,1,0,1,1,1,1,0,0,0,0,0,1,1,512.725889998419
1,0,1,0,1,1,0,1,1,1,1,1,0,1,0,567.475110379834
1,1,1,1,1,1,1,0,1,1,0,1,0,1,0,592.078468161765
1,0,0,1,1,1,1,1,1,1,0,1,0,0,0,542.685744538651
0,1,1,0,0,0,1,1,1,1,0,0,0,0,1,478.740360362566
0,0,0,1,1,1,1,1,1,1,0,0,1,1,0,539.922257928963
1,0,1,0,1,0,1,0,1,1,0,0,0,1,0,488.76500758148
0,0,0,0,1,0,1,1,0,0,0,0,0,0,0,380.085187532474
0,0,1,0,1,0,1,1,1,0,1,1,0,1,0,518.282455465369
1,1,1,1,0,0,0,1,1,1,0,1,0,1,0,536.960892035096
0,0,1,0,1,0,0,1,1,0,0,0,0,1,0,434.407509702156
0,0,1,0,0,0,1,0,0,0,0,0,0,1,0,354.327035544233
1,0,0,0,1,0,0,0,1,1,0,0,0,1,0,438.348389353937
0,1,1,1,1,0,1,1,1,1,1,1,1,1,0,612.099251852375
0,0,0,0,0,0,0,0,0,0,0,0,1,0,0,306.596476198847
1,1,1,1,1,1,1,1,1,1,1,0,1,1,0,646.142758184585
0,0,0,0,0,1,1,1,1,1,1,0,0,0,0,474.174359803149
1,0,0,1,0,1,1,1,1,1,1,0,0,1,0,550.116221326977
0,0,1,0,0,0,1,1,0,0,0,0,0,1,0,394.609099001684
0,1,1,0,1,0,1,1,1,1,0,0,0,1,0,510.845861158873
0,0,0,0,1,1,0,1,1,0,0,0,0,1,1,455.101969900333
0,0,0,1,0,0,1,1,1,0,1,0,0,1,1,492.130190460393
0,1,1,1,1,0,0,1,1,1,0,0,0,1,0,509.796961442852
0,0,0,0,0,0,1,1,1,1,0,0,0,0,0,413.564760408971
0,0,0,0,1,1,0,1,1,1,0,1,0,0,0,466.603138728971
1,1,0,0,1,0,1,0,0,1,0,0,0,1,0,460.504549383867
0,0,1,0,0,0,1,1,0,1,0,0,0,0,0,401.706885335294
0,0,0,0,0,0,0,1,1,1,0,0,1,1,0,426.53163343793
0,0,0,0,0,1,0,0,0,1,0,0,0,1,0,374.947753785038
1,0,1,1,1,1,1,1,1,1,0,1,1,1,1,662.894268619704
0,0,0,0,1,0,0,1,0,0,0,0,0,1,0,380.032667273138
0,1,0,0,0,0,0,0,0,0,0,0,0,1,1,352.077758696283
1,1,0,0,1,1,0,0,0,1,0,1,0,1,0,490.02122019049
1,1,1,1,1,1,1,1,1,1,1,1,1,1,1,728.198029979946
0,0,0,0,1,1,1,1,1,0,1,0,0,0,0,474.436963664116
1,0,0,0,1,0,0,1,1,1,1,1,0,1,0,517.208585192491
1,0,0,0,0,0,1,0,0,1,0,0,0,1,0,399.801891182421
0,0,0,0,1,0,0,1,0,1,0,0,0,1,0,407.765161023577
0,1,1,0,1,0,0,0,1,0,1,0,0,1,0,466.529478504013
0,1,1,1,1,1,1,1,1,1,1,1,0,1,1,655.432182788082
0,0,0,1,1,1,0,1,1,1,0,0,0,1,1,513.499726425797
1,0,1,1,1,1,1,1,1,1,1,1,0,1,1,661.155326624391
0,1,1,0,1,0,0,1,1,1,1,1,0,1,0,535.979582059844
1,0,0,0,0,0,0,1,1,0,0,1,0,0,0,417.754743353257
0,1,0,0,1,0,1,1,1,1,1,0,0,1,0,516.338746280009
1,1,1,1,1,1,0,1,1,1,0,0,1,1,0,587.262593791515
1,0,0,1,1,0,0,1,1,1,0,0,0,1,0,490.952491519508
0,1,1,1,1,1,0,1,0,0,0,1,0,1,0,513.980753926761
0,1,1,1,0,0,1,0,1,1,1,1,0,1,1,573.192651849699
0,1,1,0,1,0,0,1,0,0,1,0,0,1,0,464.372758759664
0,1,1,0,1,0,0,1,1,1,1,1,0,1,0,535.979582059844
1,1,0,1,1,0,1,1,1,1,1,1,0,0,1,595.317761484586
0,0,0,0,1,0,0,0,1,0,0,0,0,1,0,382.95565165517
0,1,1,1,0,0,0,1,0,1,0,0,0,1,0,460.13454666861
1,1,1,0,1,1,0,1,1,1,0,1,0,1,0,562.494009146316
0,1,1,0,1,1,1,1,1,1,1,0,0,1,0,567.48608928059
0,0,0,0,0,1,0,1,0,0,0,0,0,0,0,358.392014992054
0,0,0,0,1,0,0,1,0,0,1,0,0,0,0,396.83889875086
0,0,0,0,1,0,0,1,0,0,0,0,1,1,0,391.580068572381
0,1,1,1,1,1,1,1,1,1,0,0,0,1,1,598.237080039676
1,1,1,0,1,0,1,1,1,1,1,0,0,1,0,565.743399184924
0,0,0,1,0,1,1,1,1,1,1,1,0,1,0,547.180296020341
0,0,0,0,1,0,0,1,0,0,1,0,0,0,0,396.83889875086
0,1,0,0,1,1,0,1,1,1,1,1,1,1,1,596.872362872497
1,1,1,1,0,1,0,1,1,1,1,1,0,1,0,591.005480286088
1,1,0,0,0,0,0,0,1,1,1,0,0,1,0,471.066986235727
0,0,0,0,1,1,0,0,1,1,0,1,0,0,0,441.065021327923
0,1,0,1,0,0,1,1,1,1,1,0,0,1,1,544.615339722088
0,0,1,0,1,0,1,1,1,0,0,0,0,1,0,460.431546013486
0,0,1,0,0,0,1,0,0,0,0,0,0,1,0,354.327035544233
1,1,0,0,0,1,0,1,0,1,1,0,0,0,1,490.898991621804
0,1,1,0,0,1,1,1,1,1,0,0,0,1,0,516.581487277647
1,1,1,0,0,0,0,0,0,1,0,0,0,1,0,429.914705327944
0,0,0,0,1,0,1,1,1,1,0,0,0,0,0,438.860780007885
1,1,0,1,1,1,0,1,1,0,1,1,0,1,1,601.083222602765
1,0,1,1,0,1,1,1,1,1,1,0,1,1,0,599.251257957171
1,1,1,1,0,0,0,1,1,1,0,1,1,1,0,559.544127941304
1,0,1,1,0,0,0,1,1,1,1,0,0,1,0,519.233034861308
1,1,0,0,1,0,0,0,1,1,1,0,0,1,0,493.793774453863
0,0,1,0,0,0,0,1,0,1,1,0,0,1,0,438.47844525028
0,1,1,0,1,1,1,1,1,0,1,0,0,1,0,545.974966495218
1,1,0,1,1,0,1,1,1,0,1,1,0,1,0,567.624344028253
0,0,1,0,1,0,0,1,0,0,0,1,0,0,0,405.520139002708
0,1,1,0,1,1,0,1,1,1,0,0,1,1,1,565.513775069923
0,0,1,0,0,0,0,1,0,0,0,0,0,1,0,370.927673740659
0,0,0,1,1,1,1,1,0,0,0,0,0,0,1,455.945309606543
1,0,1,0,1,1,1,1,1,1,1,0,1,1,0,597.188953303985
0,0,0,0,0,0,1,1,1,0,0,0,0,1,0,408.7370675348
1,1,1,0,0,0,1,1,1,0,0,0,0,0,0,464.950283260361
0,0,0,1,1,1,0,1,0,0,0,0,0,1,0,440.777381333298
0,0,1,1,0,0,0,1,1,0,1,0,0,1,0,470.713037524451
1,1,1,1,1,1,1,1,1,1,1,0,0,0,0,591.169670263617
1,0,0,1,0,0,1,1,1,1,0,0,0,1,0,493.596150500076
0,0,0,0,1,0,0,0,1,1,1,1,0,1,1,485.124884339317
0,0,1,0,1,0,0,0,1,0,0,0,0,1,0,403.968070974462
1,1,0,1,1,1,1,1,1,1,1,0,0,1,0,593.000171592941
0,0,1,0,1,1,0,0,0,0,0,0,0,0,0,373.51030637376
1,0,0,1,0,0,1,1,1,1,0,0,0,1,0,493.596150500076
0,1,1,0,1,0,1,1,1,1,0,0,0,1,0,510.845861158873
0,0,0,0,0,0,0,1,1,0,0,0,0,1,0,386.628298670041
0,0,0,1,1,1,1,1,1,1,0,0,0,1,0,518.132514107725
1,1,1,1,1,1,1,0,1,1,1,1,0,1,0,619.214856798955
1,1,1,1,1,1,1,1,1,1,1,1,1,1,1,728.198029979946
1,1,0,0,1,1,1,1,1,1,1,0,1,1,0,594.407222198754
1,0,1,0,1,1,1,1,1,0,0,1,0,1,0,545.957999447506
0,0,1,0,1,0,1,1,1,0,0,0,0,0,0,435.215480995065
1,0,1,0,1,1,0,1,1,1,0,1,0,1,0,540.284814293579
0,0,0,0,1,1,1,1,0,1,1,1,0,1,0,520.063841922377
1,1,0,0,0,1,1,1,1,0,0,0,0,0,0,471.140507279473
0,1,1,1,0,0,1,1,0,1,0,1,0,0,0,486.28095422415
1,1,1,1,1,1,1,1,1,1,1,1,1,1,1,728.198029979946
0,0,0,0,0,1,1,0,1,1,1,0,0,0,0,448.269504956195
0,0,0,0,1,1,1,1,0,0,1,0,0,0,1,460.842912430387
0,1,1,1,1,0,1,1,1,1,1,1,0,1,1,622.790641730601
1,1,1,0,1,1,1,1,1,1,1,1,0,1,0,617.589869909634
1,1,1,0,1,0,1,1,1,1,1,1,0,1,1,626.235982004704
1,0,1,0,1,0,1,1,1,0,0,0,0,1,0,490.413730973284
0,1,0,0,0,0,1,1,0,0,0,0,0,0,0,381.237931520348
1,1,0,1,0,0,0,1,1,1,1,0,0,0,0,495.984227504734
0,0,1,0,1,0,0,1,1,1,0,0,0,0,0,436.794558137926
0,1,1,0,1,1,1,1,1,1,0,1,1,1,0,588.733431856747
1,1,1,1,1,1,1,1,0,1,1,0,1,1,0,620.437632748859
0,0,1,1,1,0,1,1,0,0,0,0,0,1,0,460.095210744241
0,0,0,1,0,0,0,0,1,0,0,0,0,0,1,374.915104542126
0,1,0,0,0,1,1,1,0,1,0,0,0,0,0,438.070084564489
1,1,1,0,0,1,1,1,1,1,1,0,1,1,1,638.041814740769
1,1,1,1,1,1,1,1,1,1,1,1,1,1,1,728.198029979946
1,0,0,0,1,0,1,1,0,0,0,0,0,1,0,433.916974938861
1,1,0,1,1,1,1,1,1,0,1,0,0,1,1,606.602700179517
0,0,1,0,1,1,0,1,1,0,0,1,0,1,0,490.044469764163
0,1,0,0,1,1,1,0,0,1,0,0,0,1,1,480.419712501194
0,1,1,0,1,0,1,1,1,1,0,0,0,1,0,510.845861158873
0,1,0,0,0,0,0,1,1,0,0,0,0,1,0,413.777598920553
0,0,0,0,1,1,0,1,1,0,0,0,0,1,0,441.144525288128
0,1,1,0,1,1,1,1,1,0,0,0,1,1,0,539.776125200985
0,0,1,0,1,0,1,1,1,0,1,0,1,1,1,543.560803501689
0,0,1,0,1,1,0,1,1,0,0,0,0,1,0,464.216370868939
0,1,1,1,1,0,0,1,1,1,0,0,0,1,0,509.796961442852
1,1,1,1,1,1,1,1,1,1,1,1,0,1,1,687.991972288646
1,0,1,0,1,1,0,1,1,0,0,0,0,0,0,467.834618500068
1,0,0,0,0,0,1,1,1,1,0,0,0,0,0,441.277778702344
0,1,0,1,0,1,0,1,1,0,1,0,0,1,0,499.086955636489
1,0,0,1,0,0,0,1,1,1,1,0,0,1,0,497.074308147932
0,1,0,1,1,0,1,1,1,1,1,1,0,1,1,595.262972551756
0,1,1,0,0,0,0,1,0,1,0,0,0,1,0,430.303812147092
0,1,1,0,0,0,0,1,0,0,1,0,0,0,0,416.824517983429
0,0,0,0,1,0,0,1,1,1,0,0,0,1,0,438.055344242102
0,0,1,1,0,0,0,1,0,0,0,0,0,1,0,406.646905120466
0,1,0,0,1,0,1,1,1,0,1,0,0,1,0,494.239694029813
0,1,0,0,1,0,1,1,1,1,0,0,0,0,0,463.475224119118
1,1,0,0,1,1,1,1,1,1,1,0,0,1,0,569.754350019694
1,1,1,1,0,0,0,1,1,0,0,0,0,1,1,513.2766888963
0,1,1,0,1,0,1,0,1,1,0,1,0,1,0,511.033820326984
0,1,0,0,1,1,1,0,1,1,0,0,0,1,0,491.214252552231
1,1,1,1,1,1,0,0,1,1,0,0,1,1,0,563.9784023902
0,0,0,1,0,1,0,1,1,0,0,1,0,0,0,446.795514642814
0,1,1,0,1,1,1,1,1,1,1,0,0,1,0,567.48608928059
1,1,0,1,1,0,1,1,1,1,1,0,0,1,1,598.623208177156
1,0,1,1,1,1,1,1,0,0,0,1,0,1,0,545.794704286913
1,0,0,0,0,0,0,1,1,1,0,0,0,1,0,440.421775505772
1,1,1,1,1,1,1,1,1,1,1,0,0,1,0,617.639129472839
1,0,0,0,1,1,0,1,1,1,1,0,0,0,0,497.832217977108
0,0,0,0,0,1,0,1,1,1,0,0,0,1,0,441.061349767936
0,0,0,0,1,1,0,1,0,0,0,0,0,1,0,408.730043456374
0,1,0,0,1,1,0,0,0,0,0,0,0,1,0,406.438515286371
1,1,1,0,1,1,0,1,1,1,1,1,0,1,0,589.074078659004
0,0,0,0,0,0,1,1,1,1,1,0,1,1,0,488.335994886438
0,0,0,0,1,0,0,1,0,1,1,0,0,0,0,420.69752003658
1,1,0,0,1,1,0,1,1,0,0,0,0,1,0,493.819565735485
0,0,1,0,1,0,0,1,1,1,0,0,0,1,0,459.860802967304
0,0,1,0,1,0,1,1,1,1,1,0,0,0,0,491.850315508485
0,0,1,0,1,0,1,1,1,0,0,0,0,1,0,460.431546013486
0,0,1,1,1,1,0,1,1,1,1,0,0,1,1,572.077597392973
1,0,0,1,0,0,1,0,1,0,1,0,1,1,0,494.744694175832
1,0,0,0,1,0,0,1,1,1,0,0,0,1,0,464.92363484827
1,1,1,0,1,1,1,1,1,1,1,0,0,1,0,593.87292183621
0,1,1,0,1,1,1,1,1,1,1,0,0,1,1,601.780616936717
0,1,1,0,0,0,1,1,1,1,1,0,0,0,0,492.272331196691
0,0,1,0,0,1,1,1,1,1,0,0,0,1,0,491.440051889832
0,1,1,0,0,0,1,1,0,1,1,0,0,1,0,490.333293816783
1,1,1,1,1,0,1,1,1,1,1,0,0,1,0,589.283101743556
0,0,0,0,0,0,0,1,1,0,0,0,0,1,1,393.64523147325
1,0,0,0,0,0,0,0,0,0,0,0,0,0,0,324.730598316806
0,0,0,0,1,0,1,0,0,0,0,0,0,1,0,366.468527025789
0,0,0,0,1,0,0,0,0,1,0,0,0,1,0,376.438795745321
1,0,0,1,0,0,1,1,1,1,0,0,0,1,0,493.596150500076
0,0,0,0,0,0,0,1,0,0,0,0,0,1,0,351.461586881642
1,1,1,1,0,1,1,1,1,1,1,0,1,1,1,666.621695685739
0,1,1,0,1,1,0,1,1,1,1,0,0,1,0,540.44146130407
0,1,0,0,1,0,0,1,0,0,1,0,0,1,0,442.575363138357
1,1,1,0,1,0,1,0,0,1,1,1,1,1,0,566.097433193027
1,1,1,0,0,0,0,1,1,1,1,0,0,1,0,517.120104214243
0,1,1,0,0,0,0,1,1,0,0,0,0,0,1,422.174132218637
0,1,0,0,1,0,0,1,1,0,1,1,0,1,1,513.345831819811
1,0,1,0,1,0,1,1,1,1,0,1,0,0,0,513.464927698416
0,0,0,0,0,0,0,0,0,1,0,0,0,0,0,329.724537155968
0,0,0,0,0,0,1,1,1,0,1,0,0,1,1,459.934099801833
0,0,0,0,0,0,1,1,1,1,0,0,0,0,0,413.564760408971
0,1,0,0,0,0,1,0,0,1,0,0,0,0,0,377.66305645185
0,0,0,0,0,1,1,1,0,1,0,0,0,1,0,434.454275601734
0,1,1,0,0,1,1,1,1,0,0,0,1,1,1,544.333403387713
0,0,0,0,1,1,0,1,1,1,1,0,0,1,0,495.694346766949
0,0,1,0,0,0,0,1,1,1,0,0,0,1,0,434.369998094637
1,0,1,0,1,1,1,1,1,0,1,0,0,0,0,524.394378989377
0,0,1,0,0,1,1,1,1,1,1,0,0,1,0,522.438719591879
1,1,0,0,0,1,0,1,1,1,0,0,0,0,0,469.710642071771
0,0,1,1,1,1,1,1,0,0,0,0,0,1,0,491.537565343914
1,1,0,1,1,1,1,1,1,1,0,1,0,0,0,564.183838577712
1,1,0,0,1,1,1,1,1,1,0,0,0,1,0,542.697510697737
0,0,0,0,0,1,1,1,0,1,0,0,0,1,0,434.454275601734
0,0,1,0,1,0,0,1,0,1,0,1,0,1,0,456.172373060298
1,1,1,0,1,1,1,1,1,1,1,1,1,1,1,694.944656055566
1,0,0,0,1,1,1,0,0,1,1,0,0,0,0,472.616524230969
0,1,0,0,1,0,0,1,0,0,0,0,0,1,0,408.48076879725
0,0,1,0,1,0,0,1,1,1,0,0,0,1,0,459.860802967304
1,0,1,1,1,1,1,1,1,1,0,0,0,1,0,568.635694097425
1,1,1,1,1,0,1,1,0,1,1,0,0,1,1,599.548375120426
1,1,1,0,1,1,1,1,1,1,1,0,0,1,1,631.904137382234
0,0,1,1,1,1,1,1,0,1,1,1,0,1,0,568.66796552111
0,0,0,0,0,0,0,0,0,0,0,0,0,0,0,300.821391557157
0,0,0,1,1,0,0,1,0,1,0,0,0,0,0,416.523943068287
0,0,0,0,0,0,0,0,0,0,0,0,0,0,0,300.821391557157
1,0,1,1,1,1,1,1,1,1,1,0,0,1,0,595.608704775571
1,1,0,1,0,1,0,1,0,1,1,0,1,1,1,574.6589537444
0,1,0,1,0,1,1,1,1,1,1,0,0,1,0,546.062452930114
0,0,0,0,0,0,0,0,0,0,0,0,0,1,0,315.696940425114
0,0,1,0,1,1,0,1,0,1,0,0,0,1,0,459.925508042573
0,0,1,1,0,1,1,1,1,1,1,0,0,0,0,522.27421250473
1,0,0,0,0,1,0,0,1,1,0,0,0,1,0,441.453279752425
1,1,0,0,1,0,1,1,1,1,0,0,0,1,0,514.431563154045
1,0,0,0,1,1,1,1,1,1,0,1,0,1,1,574.937674031909
0,0,1,0,1,0,1,1,1,1,1,0,1,1,0,538.628344766014
0,1,1,0,1,1,0,1,1,0,1,0,1,0,0,514.111709662359
1,1,1,0,1,1,1,1,1,1,1,1,0,1,1,659.274626862947
1,1,1,0,1,0,1,1,1,0,0,0,0,0,0,489.732961986306
0,0,1,1,1,1,1,1,1,1,1,0,0,1,0,569.314214271008
1,1,1,1,1,1,1,1,1,0,0,0,0,1,0,569.403282402576
0,0,1,0,1,1,0,0,1,0,0,0,0,0,0,410.413188331531
0,0,0,0,1,0,1,0,1,0,0,0,0,1,0,405.478788223931
1,1,1,1,1,1,0,1,1,1,1,0,0,1,0,589.35043915189
0,0,1,1,0,1,1,1,1,1,0,0,0,1,0,518.882079799034
1,1,1,0,1,0,1,1,1,1,1,1,0,1,1,626.235982004704
1,1,1,1,1,1,1,1,1,1,1,0,0,1,1,659.055661862558
1,1,1,1,1,1,1,1,1,0,0,1,0,0,0,566.853638020549
0,1,0,0,0,1,1,1,0,1,0,1,0,0,0,464.30101303848
0,0,0,0,1,1,0,1,1,0,0,0,0,0,0,418.587145475485
1,1,1,1,1,1,1,1,1,1,1,1,0,1,1,687.991972288646
1,1,1,1,1,0,1,0,1,0,0,0,0,1,0,517.237379913685
0,1,0,0,1,1,1,1,1,0,1,1,0,1,1,576.533123571903
0,1,1,0,1,1,1,1,1,0,1,0,0,1,0,545.974966495218
0,1,0,0,1,1,1,1,0,1,1,0,0,1,0,519.21081306213
1,1,0,1,1,0,1,1,1,1,0,1,0,1,0,561.965842014578
0,0,1,0,1,1,1,1,1,1,0,1,0,1,0,540.930126060812
0,0,1,0,1,1,0,0,1,1,0,0,1,1,0,481.303721390732
0,0,1,1,1,1,1,0,1,1,1,0,0,1,1,578.456327741574
1,1,1,0,0,1,1,1,1,1,1,1,0,1,1,634.029438749679
1,0,0,1,0,0,1,1,0,1,0,0,0,0,0,440.916785732722
1,1,0,0,0,1,1,1,0,1,0,0,0,1,0,493.000853916895
0,0,1,1,1,1,1,1,1,0,1,0,1,1,0,571.760137374766
0,0,0,0,0,0,0,1,0,1,0,0,0,1,0,380.51668420981
1,0,0,0,0,1,0,1,1,1,0,0,0,1,0,469.150192087465
0,0,1,0,0,1,1,1,1,1,0,0,0,1,1,515.463061080903
1,0,0,0,0,0,0,1,1,0,1,0,0,1,0,448.533222215569
0,0,0,0,1,1,1,1,1,1,1,1,0,1,0,544.965751778106
1,0,0,0,1,1,1,1,1,1,0,1,1,1,1,604.130826863227
1,0,0,0,1,1,1,1,1,1,0,0,0,1,0,519.742520134679
0,0,0,0,0,0,0,1,1,0,0,0,0,0,0,367.843736391702
1,1,1,0,1,1,1,1,1,1,0,0,0,1,0,566.770365981726
0,1,1,1,1,0,1,1,1,0,1,0,1,1,0,565.320128779956
0,0,0,1,1,1,1,1,1,0,0,0,0,1,0,495.284407752024
1,0,0,1,1,1,1,1,1,1,1,0,0,1,0,571.541012981287
0,0,0,0,1,0,0,1,0,1,1,1,1,0,0,458.455502556803
0,0,0,0,0,0,0,0,1,0,0,0,0,1,0,354.692459524061
0,1,0,0,1,0,1,0,1,0,1,1,0,1,1,516.78719963241
0,0,0,0,0,0,0,0,0,0,0,1,0,0,0,324.49846449642
1,1,1,0,1,1,1,1,1,1,1,1,1,1,1,694.944656055566
1,1,1,0,1,1,1,1,1,1,1,0,0,1,0,593.87292183621
1,1,1,0,0,1,0,1,1,1,0,0,0,0,0,491.844352275036
0,1,1,1,1,1,1,1,1,1,1,1,0,1,1,655.432182788082
1,1,1,1,1,1,1,1,1,1,1,1,1,1,1,728.198029979946
1,1,1,1,0,0,0,1,1,0,1,1,0,0,0,518.658847929426
0,0,0,0,1,1,1,1,0,0,1,0,1,1,1,516.050760284715
1,1,0,0,0,0,1,0,1,1,0,0,0,1,0,464.652388526035
0,1,0,1,0,0,0,1,1,1,1,0,0,0,0,472.004898264652
1,0,1,0,0,1,0,1,1,1,0,0,0,1,0,492.672076437967
0,0,0,0,1,1,0,0,1,0,1,0,0,0,0,424.951281449823
1,0,1,1,1,0,0,1,0,1,1,0,0,1,0,516.593007217452
0,1,0,1,0,1,0,1,0,1,1,0,0,1,0,495.886181454339
1,0,0,0,0,0,1,0,1,1,0,1,0,1,0,464.480327837659
0,0,0,0,0,0,1,1,0,1,0,0,0,0,0,380.576013976133
1,0,0,0,0,1,0,0,0,0,1,0,1,1,1,449.370410863466
0,1,1,0,0,0,1,1,1,1,0,0,0,1,0,486.669919382412
0,0,0,0,0,0,0,0,0,0,0,0,0,1,1,318.647108389722
0,0,1,1,0,1,0,0,1,0,1,1,0,1,0,498.588518975274
0,0,0,0,0,0,1,1,0,1,1,0,0,1,1,455.01139569301
1,0,1,0,1,1,1,1,1,1,1,1,1,1,0,622.315944179875
1,1,1,0,0,1,0,1,0,1,0,0,0,1,0,489.797719420827
0,1,0,0,0,1,0,1,0,0,0,0,0,1,0,409.698045019421
1,0,0,0,1,0,0,1,1,1,0,1,0,1,0,488.966242679992
0,0,1,0,0,0,1,1,1,1,0,0,0,0,1,448.640324239475
1,1,0,0,1,1,0,1,1,0,0,0,0,1,1,516.071443226206
1,1,1,1,1,1,1,1,1,1,1,0,1,1,1,694.510120642028
0,1,0,1,1,1,1,1,1,1,0,1,0,1,0,563.669258664574
0,1,1,1,0,1,1,1,1,1,1,0,0,1,0,569.560361913079
0,0,1,0,0,0,1,1,1,0,0,0,0,0,0,407.624196274987
1,0,0,0,0,1,1,1,1,1,0,0,0,0,0,470.350064711149
1,1,0,0,1,1,1,1,1,0,0,0,0,1,0,520.52612759627
0,0,0,0,1,0,1,1,1,0,0,0,0,1,0,436.576098456488
0,1,1,0,0,1,0,1,1,0,1,0,0,1,0,496.275895616953
0,0,0,1,0,0,1,1,1,1,1,0,0,0,0,472.919093118365
1,1,1,1,1,1,1,0,1,1,1,1,1,1,0,648.049062394828
0,0,0,0,1,1,0,1,1,0,0,0,0,1,0,441.144525288128
0,0,0,0,0,1,0,1,0,0,0,0,0,1,0,378.955024860567
1,0,1,1,1,1,1,1,1,1,0,1,0,1,0,592.225663969057
0,1,0,0,0,1,0,1,1,1,0,1,0,1,0,490.65758664397
0,0,0,0,0,0,1,1,0,0,0,0,0,1,0,371.595824768916
0,0,1,0,0,1,0,1,1,1,0,0,0,1,0,463.995688771655
0,1,1,1,1,1,1,1,1,0,1,0,0,1,1,604.588159809114
1,0,1,0,1,0,1,0,0,1,1,0,1,0,0,485.528873211229
0,1,0,0,0,0,1,1,0,0,0,0,0,1,0,403.55659082255
0,0,0,1,0,0,0,0,0,1,0,0,0,1,0,382.753914694936
1,1,0,0,1,0,1,1,0,1,0,0,0,1,1,510.038559253713
1,0,0,1,1,1,1,1,1,0,1,0,0,1,1,582.015744159441
0,1,1,0,1,0,0,0,0,1,0,0,0,1,0,427.805576273566
0,1,0,0,1,1,0,1,1,0,0,0,0,0,0,443.68921928581
0,0,0,0,1,0,1,0,1,0,0,0,0,0,1,390.139608960695
0,0,1,1,1,1,1,1,1,1,1,0,0,1,1,603.724639690303
1,0,1,1,1,0,1,1,1,0,1,0,1,1,1,606.654221204238
1,1,1,1,1,1,1,1,1,1,1,1,1,1,1,728.198029979946
1,1,1,0,0,0,0,1,1,0,1,0,0,0,0,471.174019719608
0,1,0,0,1,0,0,1,1,0,0,0,0,1,0,438.782865440817
0,0,1,1,1,0,0,1,0,0,0,0,0,0,0,411.438147963578
0,0,0,0,1,1,1,1,1,0,0,1,0,1,0,493.207037896333
0,1,0,0,1,1,0,1,0,0,1,0,0,0,1,460.925861416926
0,0,1,0,1,1,0,1,1,0,0,0,0,1,0,464.216370868939
0,1,0,0,1,0,1,1,1,0,0,0,0,0,0,439.597887475657
0,0,0,1,1,0,1,1,0,0,1,0,0,1,0,469.903926405164
1,1,1,0,1,0,0,1,0,0,0,0,1,1,0,478.450804904833
0,0,1,0,1,1,1,1,1,0,1,0,0,1,0,522.873516623676
1,1,0,0,1,0,1,1,1,1,1,1,0,1,0,565.08859648186
0,1,0,0,1,0,0,1,1,1,1,1,0,1,0,513.666454141085
1,0,0,0,1,1,1,0,1,0,0,0,0,1,0,468.79867861201
1,1,1,1,1,1,1,1,1,1,1,1,0,1,1,687.991972288646
1,0,1,1,1,1,1,1,1,1,1,1,1,0,0,618.781493992201
0,0,0,0,0,1,1,1,0,1,1,0,0,1,0,470.701476412832
0,0,0,0,1,0,1,0,0,1,0,0,0,0,0,376.440684256081
1,0,1,0,1,1,1,1,0,0,1,0,0,1,1,553.686957581301
0,1,0,0,1,1,1,1,1,1,0,1,0,0,0,514.716085063184
1,1,1,1,1,1,1,1,1,1,1,0,0,1,0,617.639129472839
0,0,1,0,1,0,1,1,0,0,0,0,0,1,1,440.812648680967
0,0,1,0,1,0,0,1,1,1,0,0,0,1,0,459.860802967304
0,0,0,0,0,1,1,1,1,1,1,0,1,1,1,548.740916957476
1,1,1,1,1,0,0,1,1,0,1,0,0,0,1,542.338441887698
0,0,1,0,1,0,0,1,0,1,1,0,0,1,0,463.603981774744
1,0,1,0,1,1,0,1,1,1,0,0,0,1,0,516.367233619399
0,0,0,1,1,1,1,1,1,0,0,1,0,1,0,519.745076118748
0,0,0,0,1,0,1,1,1,1,0,0,0,1,0,462.480826973632
0,0,0,0,1,0,1,0,0,0,0,0,0,1,0,366.468527025789
0,0,0,0,1,0,0,1,1,1,1,0,0,1,0,468.775587547406
1,1,0,0,1,0,0,1,1,0,0,0,0,1,0,465.675728738198
1,0,0,0,0,0,1,0,1,1,0,0,0,1,0,436.604272967826
0,1,1,0,1,0,0,1,0,0,0,0,0,0,0,407.445276122827
0,1,1,1,1,1,1,1,1,1,0,0,1,0,0,561.609736105306
0,0,1,0,1,1,0,1,1,1,1,1,0,1,0,541.508065153067
0,0,0,0,1,0,0,1,0,1,1,0,0,0,1,430.221423821344
0,1,0,1,1,1,1,1,0,1,0,0,0,0,0,490.933781115371
0,0,0,0,0,0,0,0,0,0,0,0,0,0,0,300.821391557157
0,0,0,1,0,0,0,1,0,1,0,0,1,0,0,403.446687210557
0,1,0,0,1,0,1,0,1,0,0,0,0,1,0,435.016714440875
0,0,0,1,1,1,0,0,1,1,1,0,1,1,0,516.888512277828
0,0,0,0,0,0,1,0,0,0,0,1,1,1,0,376.159272936526
0,1,1,0,1,0,1,1,0,0,0,0,0,1,0,456.713894900945
0,1,0,0,1,1,1,1,0,1,1,1,0,1,0,542.849041991266
0,1,0,0,0,0,0,1,0,1,1,0,0,0,0,421.393362780893
1,1,1,0,1,0,1,1,1,1,0,1,0,1,0,561.96373725087
0,0,1,1,1,0,1,0,1,1,0,0,0,1,0,488.088657164915
1,1,0,0,1,1,0,1,1,0,1,0,0,0,0,498.546036940206
0,1,1,1,1,1,1,1,1,1,1,0,0,1,0,591.093281646524
1,0,0,0,0,0,0,1,1,0,0,1,0,1,0,440.433327854733
1,0,1,1,0,0,0,1,1,1,0,1,0,1,0,514.513118906576
1,1,1,0,1,1,0,1,0,1,1,0,0,1,0,542.330157855518
1,1,1,0,1,1,0,0,1,0,0,0,0,1,0,492.279480601058
0,0,1,0,0,0,0,1,1,1,1,1,0,1,0,491.358125976674
0,1,1,0,0,0,1,1,0,1,1,0,0,1,0,490.333293816783
0,0,1,0,0,0,1,1,1,0,0,1,0,1,0,460.787846492328
1,1,1,1,1,1,0,1,1,0,0,1,1,1,0,589.577514683843
0,0,1,0,1,1,1,0,1,1,1,0,0,1,0,521.601662645777
0,0,0,0,1,0,0,0,1,0,1,0,0,0,0,399.242537499766
1,0,1,1,0,0,1,1,1,1,1,0,0,1,0,545.804578799691
0,1,1,0,1,1,1,1,1,0,0,0,0,0,1,513.690021014237
0,1,0,0,1,1,1,0,1,1,1,0,0,1,0,521.096306056615
0,1,1,1,0,0,1,1,1,1,1,1,0,1,0,564.847736793929
0,1,0,0,1,1,0,1,1,0,0,0,1,0,0,459.069730481203
0,0,1,1,1,0,1,1,1,0,0,0,0,1,0,489.667080154649
0,1,1,1,1,0,1,1,0,1,0,0,0,1,0,510.644101272573
1,1,1,0,1,1,1,1,1,1,0,0,0,1,0,566.770365981726
0,0,0,0,0,0,1,1,0,0,1,1,0,1,0,440.708950076726
0,0,0,1,1,0,1,0,1,0,0,0,0,1,0,438.679791191886
0,1,0,0,0,1,1,1,0,1,1,1,0,1,0,520.417723841339
1,1,1,1,1,1,1,1,1,1,1,1,0,1,1,687.991972288646
0,0,0,0,0,0,0,0,0,1,0,0,0,1,0,346.964316439303
0,0,0,0,1,0,0,1,1,0,0,0,0,0,0,392.716009185331
0,1,1,1,1,0,1,1,1,1,0,1,0,1,0,559.569046325561
0,0,0,0,1,0,1,1,1,1,1,0,0,1,0,493.481847667684
1,1,1,1,0,1,1,1,1,1,1,0,0,1,1,633.978032707979
1,1,1,1,0,1,1,1,1,1,1,1,0,1,0,619.488847444674
0,0,0,1,0,0,1,1,1,1,0,0,0,1,0,465.97494828612
1,1,1,0,1,0,1,1,1,0,0,0,0,1,0,515.449578363217
1,0,0,0,1,0,0,1,1,1,0,0,0,1,0,464.92363484827
0,0,0,0,0,0,0,1,0,1,1,0,0,1,0,417.209411396193
0,0,0,0,0,0,1,1,1,0,0,0,0,0,0,386.769568354239
1,1,0,0,1,0,1,1,1,0,1,0,0,1,1,547.582847767269
1,1,0,0,1,1,1,1,1,0,1,0,0,1,0,548.674499903084
1,1,1,0,1,1,1,1,0,1,1,0,0,1,0,569.857193461916
0,1,0,0,1,0,0,1,1,0,0,0,0,1,0,438.782865440817
1,0,1,0,1,0,1,1,1,1,0,0,0,1,0,514.64897755907
1,0,1,0,1,0,1,1,1,1,0,0,1,1,0,537.123289925079
0,1,0,0,1,0,1,0,0,1,0,1,0,0,0,432.696851493712
0,1,1,0,1,1,1,1,0,1,0,0,0,1,0,513.628543666194
1,1,1,0,1,1,1,1,1,0,0,0,0,1,1,576.749861067379
0,1,1,1,1,1,1,1,1,1,0,1,1,1,0,613.969157226653
1,0,1,0,1,1,1,1,1,0,1,0,0,0,0,524.394378989377
0,0,1,0,1,1,1,1,1,1,1,0,1,1,1,605.907300360312
0,0,0,0,0,0,0,1,1,0,1,1,0,0,0,424.622682530508
0,0,1,0,0,0,1,1,0,0,0,0,0,1,1,404.875360048707
1,1,1,0,1,1,1,1,1,1,1,1,0,1,1,659.274626862947
1,0,0,1,0,0,0,1,1,1,0,0,0,0,1,458.835537500562
0,0,1,0,1,0,1,0,0,1,1,0,0,0,0,437.145123226938
0,0,1,0,1,0,0,1,0,1,0,0,0,0,0,406.73874248327
1,0,1,0,1,0,1,1,1,1,1,0,0,1,1,574.530714892485
0,1,1,0,1,0,0,1,1,1,0,0,0,1,1,504.969060773902
0,0,0,0,0,0,0,1,1,0,0,0,0,0,0,367.843736391702
0,1,0,0,0,0,0,0,1,1,0,0,0,0,0,390.852864175352
1,0,0,0,0,0,0,1,0,0,0,0,0,1,0,379.616225816231
1,1,0,0,1,0,1,1,1,1,1,0,0,1,0,542.245896024881
0,1,0,0,1,0,1,1,1,0,1,0,0,1,0,494.239694029813
1,1,1,0,1,1,1,1,1,1,0,0,1,1,1,632.154030849546
1,1,0,0,1,1,1,1,1,1,0,1,0,1,0,566.09383728453
0,1,0,0,1,0,1,1,1,0,1,0,0,1,0,494.239694029813
1,1,1,1,1,0,0,1,0,1,1,0,1,1,0,561.161459072902
0,1,1,0,1,0,1,1,1,1,1,0,0,0,0,514.648786619341
0,1,1,1,1,1,1,1,1,0,1,1,0,1,0,593.32837992558
0,0,0,1,1,0,1,1,0,1,1,1,1,1,0,538.387148275225
0,0,1,0,0,1,0,0,0,1,0,0,0,1,0,398.068392918191
0,0,0,1,0,0,0,1,1,1,0,1,0,1,0,465.565679344593
0,0,1,0,0,1,0,1,0,0,0,0,0,0,0,378.160062767012
1,1,1,1,1,1,0,1,1,0,1,0,0,1,0,568.720790738928
0,1,1,0,1,0,1,1,1,1,0,0,0,1,0,510.845861158873
1,0,0,0,1,1,1,0,0,1,0,0,0,0,1,452.290453222761
1,1,1,0,1,0,1,1,1,1,1,1,0,1,0,588.998724213978
1,1,1,1,1,1,1,1,1,0,1,0,0,1,1,634.647999666583
1,0,1,1,1,1,1,1,1,1,0,1,0,1,0,592.225663969057
0,1,1,1,0,1,0,0,0,1,0,0,0,1,0,462.583524928183
0,0,0,0,0,1,0,0,1,1,1,1,0,1,0,472.195592840817
0,1,1,0,1,1,1,1,1,1,1,0,0,1,1,601.780616936717
0,0,1,0,1,0,1,1,1,1,1,0,0,1,0,516.671024062552
0,0,1,0,1,1,0,1,1,1,1,0,1,1,0,539.75095965015
1,1,1,1,1,0,1,0,1,1,1,1,0,1,1,628.035217952003
0,0,0,0,0,0,0,0,0,0,0,0,0,1,0,315.696940425114
0,1,0,0,1,1,0,1,1,1,0,1,1,1,0,534.079328285929
1,0,1,0,1,1,1,1,1,1,0,1,0,1,1,603.227043742926
1,1,1,0,0,0,1,0,1,1,1,1,0,1,0,544.624050447287
1,1,0,0,0,0,1,1,0,0,0,0,0,1,0,434.74778172968
0,1,1,0,1,0,1,1,1,1,0,1,0,1,0,535.144338017219
0,1,0,0,1,1,1,1,0,1,1,0,0,1,0,519.21081306213
0,1,1,0,1,0,0,1,1,1,0,0,0,1,1,504.969060773902
